// Generated by platform/3ds/tools/prepare-game-ui.py.
// Do not edit by hand; regenerate from the supplied UI and pinned mod assets.
constexpr unsigned BottomGameFrameWidth = 320;
constexpr unsigned BottomGameFrameHeight = 240;
constexpr unsigned BottomGameFramePixelCount = 76800;
constexpr uint8_t BottomGameFrameData[] = {
	0xff, 0x00, 0x80, 0xff, 0x00, 0x80, 0xff, 0x00, 0x80, 0xff, 0x00, 0x80, 0xff, 0x00, 0x80, 0xff, 0x00, 0x80, 0xff, 0x00,
	0x80, 0xff, 0x00, 0x80, 0xff, 0x00, 0x80, 0xff, 0x00, 0x80, 0xff, 0x00, 0x80, 0xff, 0x00, 0x80, 0xff, 0x00, 0x80, 0xff,
	0x00, 0x80, 0xff, 0x00, 0x80, 0xff, 0x00, 0x80, 0xff, 0x00, 0x80, 0xff, 0x00, 0x80, 0xff, 0x00, 0x80, 0xff, 0x00, 0x80,
	0xff, 0x00, 0x80, 0xff, 0x00, 0x80, 0xff, 0x00, 0x80, 0xff, 0x00, 0x80, 0xff, 0x00, 0x80, 0xff, 0x00, 0x80, 0xff, 0x00,
	0x80, 0xff, 0x00, 0x80, 0xff, 0x00, 0x80, 0xff, 0x00, 0x80, 0xff, 0x00, 0x80, 0xff, 0x00, 0x80, 0xff, 0x00, 0x80, 0xff,
	0x00, 0x80, 0xff, 0x00, 0x80, 0xff, 0x00, 0x80, 0xff, 0x00, 0x80, 0xff, 0x00, 0x80, 0xff, 0x00, 0x80, 0xff, 0x00, 0x80,
	0xff, 0x00, 0x80, 0xff, 0x00, 0x80, 0xff, 0x00, 0x80, 0xff, 0x00, 0x80, 0xff, 0x00, 0x80, 0xff, 0x00, 0x80, 0xff, 0x00,
	0x80, 0xcd, 0x00, 0x80, 0x01, 0x01, 0x80, 0x01, 0x80, 0xff, 0x92, 0x84, 0xff, 0x92, 0x84, 0x9f, 0x92, 0x84, 0x82, 0x01,
	0x80, 0x99, 0x00, 0x80, 0x02, 0x4c, 0x84, 0xda, 0x88, 0xda, 0x88, 0xff, 0xff, 0x88, 0xff, 0xff, 0x88, 0x9f, 0xff, 0x88,
	0x02, 0xda, 0x88, 0xda, 0x88, 0x93, 0x84, 0x98, 0x00, 0x80, 0x01, 0x27, 0x80, 0xb5, 0x84, 0xff, 0xff, 0x88, 0xff, 0xff,
	0x88, 0xa3, 0xff, 0x88, 0x02, 0xda, 0x88, 0x4a, 0x80, 0x01, 0x80, 0x96, 0x00, 0x80, 0x03, 0xb5, 0x84, 0xff, 0x88, 0xff,
	0x88, 0xfe, 0x88, 0xff, 0x6e, 0x84, 0xff, 0x6e, 0x84, 0x9f, 0x6e, 0x84, 0x04, 0xfe, 0x88, 0xff, 0x88, 0xff, 0x88, 0xdb,
	0x88, 0x03, 0x80, 0x96, 0x00, 0x80, 0x03, 0x95, 0x84, 0xff, 0x88, 0xff, 0x88, 0x6f, 0x84, 0xff, 0x01, 0x80, 0xff, 0x01,
	0x80, 0x9f, 0x01, 0x80, 0x04, 0x49, 0x84, 0xdd, 0x88, 0xff, 0x88, 0xdb, 0x88, 0x03, 0x80, 0x96, 0x00, 0x80, 0x03, 0x95,
	0x84, 0xff, 0x88, 0xff, 0x88, 0x4b, 0x80, 0xff, 0x00, 0x80, 0xff, 0x00, 0x80, 0x9f, 0x00, 0x80, 0x04, 0x24, 0x80, 0xdc,
	0x88, 0xff, 0x88, 0xdb, 0x88, 0x03, 0x80, 0x96, 0x00, 0x80, 0x03, 0x95, 0x84, 0xff, 0x88, 0xff, 0x88, 0x4b, 0x84, 0xff,
	0x00, 0x80, 0xff, 0x00, 0x80, 0x9f, 0x00, 0x80, 0x04, 0x25, 0x80, 0xdc, 0x88, 0xff, 0x88, 0xdb, 0x88, 0x03, 0x80, 0x96,
	0x00, 0x80, 0x04, 0x95, 0x84, 0xff, 0x88, 0xff, 0x88, 0x4b, 0x84, 0x01, 0x80, 0xff, 0x00, 0x80, 0xff, 0x00, 0x80, 0x9e,
	0x00, 0x80, 0x04, 0x25, 0x80, 0xdc, 0x88, 0xff, 0x88, 0xdb, 0x88, 0x03, 0x80, 0x96, 0x00, 0x80, 0x04, 0x95, 0x84, 0xff,
	0x88, 0xff, 0x88, 0x4b, 0x84, 0x01, 0x80, 0xff, 0x00, 0x80, 0xff, 0x00, 0x80, 0x9e, 0x00, 0x80, 0x04, 0x25, 0x80, 0xdc,
	0x88, 0xff, 0x88, 0xdb, 0x88, 0x03, 0x80, 0x96, 0x00, 0x80, 0x04, 0x95, 0x84, 0xff, 0x88, 0xff, 0x88, 0x4b, 0x84, 0x01,
	0x80, 0xff, 0x00, 0x80, 0xff, 0x00, 0x80, 0x9e, 0x00, 0x80, 0x04, 0x25, 0x80, 0xdc, 0x88, 0xff, 0x88, 0xdb, 0x88, 0x03,
	0x80, 0x96, 0x00, 0x80, 0x04, 0x95, 0x84, 0xff, 0x88, 0xff, 0x88, 0x4b, 0x84, 0x01, 0x80, 0xff, 0x00, 0x80, 0xff, 0x00,
	0x80, 0x9e, 0x00, 0x80, 0x04, 0x25, 0x80, 0xdc, 0x88, 0xff, 0x88, 0xdb, 0x88, 0x03, 0x80, 0x96, 0x00, 0x80, 0x04, 0x95,
	0x84, 0xff, 0x88, 0xff, 0x88, 0x4b, 0x84, 0x01, 0x80, 0xff, 0x00, 0x80, 0xff, 0x00, 0x80, 0x9e, 0x00, 0x80, 0x04, 0x25,
	0x80, 0xdc, 0x88, 0xff, 0x88, 0xdb, 0x88, 0x03, 0x80, 0x96, 0x00, 0x80, 0x04, 0x95, 0x84, 0xff, 0x88, 0xff, 0x88, 0x4b,
	0x84, 0x01, 0x80, 0xff, 0x00, 0x80, 0xff, 0x00, 0x80, 0x9e, 0x00, 0x80, 0x04, 0x25, 0x80, 0xdc, 0x88, 0xff, 0x88, 0xdb,
	0x88, 0x03, 0x80, 0x96, 0x00, 0x80, 0x04, 0x95, 0x84, 0xff, 0x88, 0xff, 0x88, 0x4b, 0x84, 0x01, 0x80, 0xff, 0x00, 0x80,
	0xff, 0x00, 0x80, 0x9e, 0x00, 0x80, 0x04, 0x25, 0x80, 0xdc, 0x88, 0xff, 0x88, 0xdb, 0x88, 0x03, 0x80, 0x96, 0x00, 0x80,
	0x04, 0x95, 0x84, 0xff, 0x88, 0xff, 0x88, 0x4b, 0x84, 0x01, 0x80, 0xff, 0x00, 0x80, 0xff, 0x00, 0x80, 0x9e, 0x00, 0x80,
	0x04, 0x25, 0x80, 0xdc, 0x88, 0xff, 0x88, 0xdb, 0x88, 0x03, 0x80, 0x96, 0x00, 0x80, 0x04, 0x95, 0x84, 0xff, 0x88, 0xff,
	0x88, 0x4b, 0x84, 0x01, 0x80, 0xff, 0x00, 0x80, 0xff, 0x00, 0x80, 0x9e, 0x00, 0x80, 0x04, 0x25, 0x80, 0xdc, 0x88, 0xff,
	0x88, 0xdb, 0x88, 0x03, 0x80, 0x96, 0x00, 0x80, 0x04, 0x95, 0x84, 0xff, 0x88, 0xff, 0x88, 0x4b, 0x84, 0x01, 0x80, 0xff,
	0x00, 0x80, 0xff, 0x00, 0x80, 0x9e, 0x00, 0x80, 0x04, 0x25, 0x80, 0xdc, 0x88, 0xff, 0x88, 0xdb, 0x88, 0x03, 0x80, 0x96,
	0x00, 0x80, 0x04, 0x95, 0x84, 0xff, 0x88, 0xff, 0x88, 0x4b, 0x84, 0x01, 0x80, 0xff, 0x00, 0x80, 0xff, 0x00, 0x80, 0x9e,
	0x00, 0x80, 0x04, 0x25, 0x80, 0xdc, 0x88, 0xff, 0x88, 0xdb, 0x88, 0x03, 0x80, 0x96, 0x00, 0x80, 0x04, 0x95, 0x84, 0xff,
	0x88, 0xff, 0x88, 0x4b, 0x84, 0x01, 0x80, 0xff, 0x00, 0x80, 0xff, 0x00, 0x80, 0x9e, 0x00, 0x80, 0x04, 0x25, 0x80, 0xdc,
	0x88, 0xff, 0x88, 0xdb, 0x88, 0x03, 0x80, 0x96, 0x00, 0x80, 0x04, 0x95, 0x84, 0xff, 0x88, 0xff, 0x88, 0x4b, 0x84, 0x01,
	0x80, 0xff, 0x00, 0x80, 0xff, 0x00, 0x80, 0x9e, 0x00, 0x80, 0x04, 0x25, 0x80, 0xdc, 0x88, 0xff, 0x88, 0xdb, 0x88, 0x03,
	0x80, 0x96, 0x00, 0x80, 0x04, 0x95, 0x84, 0xff, 0x88, 0xff, 0x88, 0x4b, 0x84, 0x01, 0x80, 0xff, 0x00, 0x80, 0xff, 0x00,
	0x80, 0x9e, 0x00, 0x80, 0x04, 0x25, 0x80, 0xdc, 0x88, 0xff, 0x88, 0xdb, 0x88, 0x03, 0x80, 0x96, 0x00, 0x80, 0x04, 0x95,
	0x84, 0xff, 0x88, 0xff, 0x88, 0x4b, 0x84, 0x01, 0x80, 0xff, 0x00, 0x80, 0xff, 0x00, 0x80, 0x9e, 0x00, 0x80, 0x04, 0x25,
	0x80, 0xdc, 0x88, 0xff, 0x88, 0xdb, 0x88, 0x03, 0x80, 0x96, 0x00, 0x80, 0x04, 0x95, 0x84, 0xff, 0x88, 0xff, 0x88, 0x4b,
	0x84, 0x01, 0x80, 0xff, 0x00, 0x80, 0xff, 0x00, 0x80, 0x9e, 0x00, 0x80, 0x04, 0x25, 0x80, 0xdc, 0x88, 0xff, 0x88, 0xdb,
	0x88, 0x03, 0x80, 0x96, 0x00, 0x80, 0x04, 0x95, 0x84, 0xff, 0x88, 0xff, 0x88, 0x4b, 0x84, 0x01, 0x80, 0xff, 0x00, 0x80,
	0xff, 0x00, 0x80, 0x9e, 0x00, 0x80, 0x04, 0x25, 0x80, 0xdc, 0x88, 0xff, 0x88, 0xdb, 0x88, 0x03, 0x80, 0x96, 0x00, 0x80,
	0x04, 0x95, 0x84, 0xff, 0x88, 0xff, 0x88, 0x4b, 0x84, 0x01, 0x80, 0xff, 0x00, 0x80, 0xff, 0x00, 0x80, 0x9e, 0x00, 0x80,
	0x04, 0x25, 0x80, 0xdc, 0x88, 0xff, 0x88, 0xdb, 0x88, 0x03, 0x80, 0x96, 0x00, 0x80, 0x04, 0x95, 0x84, 0xff, 0x88, 0xff,
	0x88, 0x4b, 0x84, 0x01, 0x80, 0xff, 0x00, 0x80, 0xff, 0x00, 0x80, 0x9e, 0x00, 0x80, 0x04, 0x25, 0x80, 0xdc, 0x88, 0xff,
	0x88, 0xdb, 0x88, 0x03, 0x80, 0x96, 0x00, 0x80, 0x04, 0x95, 0x84, 0xff, 0x88, 0xff, 0x88, 0x4b, 0x84, 0x01, 0x80, 0xff,
	0x00, 0x80, 0xff, 0x00, 0x80, 0x9e, 0x00, 0x80, 0x04, 0x25, 0x80, 0xdc, 0x88, 0xff, 0x88, 0xdb, 0x88, 0x03, 0x80, 0x96,
	0x00, 0x80, 0x04, 0x95, 0x84, 0xff, 0x88, 0xff, 0x88, 0x4b, 0x84, 0x01, 0x80, 0xff, 0x00, 0x80, 0xff, 0x00, 0x80, 0x9e,
	0x00, 0x80, 0x04, 0x25, 0x80, 0xdc, 0x88, 0xff, 0x88, 0xdb, 0x88, 0x03, 0x80, 0x96, 0x00, 0x80, 0x04, 0x95, 0x84, 0xff,
	0x88, 0xff, 0x88, 0x4b, 0x84, 0x01, 0x80, 0xff, 0x00, 0x80, 0xff, 0x00, 0x80, 0x9e, 0x00, 0x80, 0x04, 0x25, 0x80, 0xdc,
	0x88, 0xff, 0x88, 0xdb, 0x88, 0x03, 0x80, 0x96, 0x00, 0x80, 0x04, 0x95, 0x84, 0xff, 0x88, 0xff, 0x88, 0x4b, 0x84, 0x01,
	0x80, 0xff, 0x00, 0x80, 0xff, 0x00, 0x80, 0x9e, 0x00, 0x80, 0x04, 0x25, 0x80, 0xdc, 0x88, 0xff, 0x88, 0xdb, 0x88, 0x03,
	0x80, 0x96, 0x00, 0x80, 0x04, 0x95, 0x84, 0xff, 0x88, 0xff, 0x88, 0x4b, 0x84, 0x01, 0x80, 0xff, 0x00, 0x80, 0xff, 0x00,
	0x80, 0x9e, 0x00, 0x80, 0x04, 0x25, 0x80, 0xdc, 0x88, 0xff, 0x88, 0xdb, 0x88, 0x03, 0x80, 0x96, 0x00, 0x80, 0x04, 0x95,
	0x84, 0xff, 0x88, 0xff, 0x88, 0x4b, 0x84, 0x01, 0x80, 0xff, 0x00, 0x80, 0xff, 0x00, 0x80, 0x9e, 0x00, 0x80, 0x04, 0x25,
	0x80, 0xdc, 0x88, 0xff, 0x88, 0xdb, 0x88, 0x03, 0x80, 0x96, 0x00, 0x80, 0x04, 0x95, 0x84, 0xff, 0x88, 0xff, 0x88, 0x4b,
	0x84, 0x01, 0x80, 0xff, 0x00, 0x80, 0xff, 0x00, 0x80, 0x9e, 0x00, 0x80, 0x04, 0x25, 0x80, 0xdc, 0x88, 0xff, 0x88, 0xdb,
	0x88, 0x03, 0x80, 0x96, 0x00, 0x80, 0x04, 0x95, 0x84, 0xff, 0x88, 0xff, 0x88, 0x4b, 0x84, 0x01, 0x80, 0xff, 0x00, 0x80,
	0xff, 0x00, 0x80, 0x9e, 0x00, 0x80, 0x04, 0x25, 0x80, 0xdc, 0x88, 0xff, 0x88, 0xdb, 0x88, 0x03, 0x80, 0x96, 0x00, 0x80,
	0x04, 0x95, 0x84, 0xff, 0x88, 0xff, 0x88, 0x4b, 0x84, 0x01, 0x80, 0xff, 0x00, 0x80, 0xff, 0x00, 0x80, 0x9e, 0x00, 0x80,
	0x04, 0x25, 0x80, 0xdc, 0x88, 0xff, 0x88, 0xdb, 0x88, 0x03, 0x80, 0x96, 0x00, 0x80, 0x04, 0x95, 0x84, 0xff, 0x88, 0xff,
	0x88, 0x4b, 0x84, 0x01, 0x80, 0xff, 0x00, 0x80, 0xff, 0x00, 0x80, 0x9e, 0x00, 0x80, 0x04, 0x25, 0x80, 0xdc, 0x88, 0xff,
	0x88, 0xdb, 0x88, 0x03, 0x80, 0x96, 0x00, 0x80, 0x04, 0x95, 0x84, 0xff, 0x88, 0xff, 0x88, 0x4b, 0x84, 0x01, 0x80, 0xff,
	0x00, 0x80, 0xff, 0x00, 0x80, 0x9e, 0x00, 0x80, 0x04, 0x25, 0x80, 0xdc, 0x88, 0xff, 0x88, 0xdb, 0x88, 0x03, 0x80, 0x96,
	0x00, 0x80, 0x04, 0x95, 0x84, 0xff, 0x88, 0xff, 0x88, 0x4b, 0x84, 0x01, 0x80, 0xff, 0x00, 0x80, 0xff, 0x00, 0x80, 0x9e,
	0x00, 0x80, 0x04, 0x25, 0x80, 0xdc, 0x88, 0xff, 0x88, 0xdb, 0x88, 0x03, 0x80, 0x96, 0x00, 0x80, 0x04, 0x95, 0x84, 0xff,
	0x88, 0xff, 0x88, 0x4b, 0x84, 0x01, 0x80, 0xff, 0x00, 0x80, 0xff, 0x00, 0x80, 0x9e, 0x00, 0x80, 0x04, 0x25, 0x80, 0xdc,
	0x88, 0xff, 0x88, 0xdb, 0x88, 0x03, 0x80, 0x96, 0x00, 0x80, 0x04, 0x95, 0x84, 0xff, 0x88, 0xff, 0x88, 0x4b, 0x84, 0x01,
	0x80, 0xff, 0x00, 0x80, 0xff, 0x00, 0x80, 0x9e, 0x00, 0x80, 0x04, 0x25, 0x80, 0xdc, 0x88, 0xff, 0x88, 0xdb, 0x88, 0x03,
	0x80, 0x96, 0x00, 0x80, 0x04, 0x95, 0x84, 0xff, 0x88, 0xff, 0x88, 0x4b, 0x84, 0x01, 0x80, 0xff, 0x00, 0x80, 0xff, 0x00,
	0x80, 0x9e, 0x00, 0x80, 0x04, 0x25, 0x80, 0xdc, 0x88, 0xff, 0x88, 0xdb, 0x88, 0x03, 0x80, 0x96, 0x00, 0x80, 0x04, 0x95,
	0x84, 0xff, 0x88, 0xff, 0x88, 0x4b, 0x84, 0x01, 0x80, 0xff, 0x00, 0x80, 0xff, 0x00, 0x80, 0x9e, 0x00, 0x80, 0x04, 0x25,
	0x80, 0xdc, 0x88, 0xff, 0x88, 0xdb, 0x88, 0x03, 0x80, 0x96, 0x00, 0x80, 0x04, 0x95, 0x84, 0xff, 0x88, 0xff, 0x88, 0x4b,
	0x84, 0x01, 0x80, 0xff, 0x00, 0x80, 0xff, 0x00, 0x80, 0x9e, 0x00, 0x80, 0x04, 0x25, 0x80, 0xdc, 0x88, 0xff, 0x88, 0xdb,
	0x88, 0x03, 0x80, 0x96, 0x00, 0x80, 0x04, 0x95, 0x84, 0xff, 0x88, 0xff, 0x88, 0x4b, 0x84, 0x01, 0x80, 0xff, 0x00, 0x80,
	0xff, 0x00, 0x80, 0x9e, 0x00, 0x80, 0x04, 0x25, 0x80, 0xdc, 0x88, 0xff, 0x88, 0xdb, 0x88, 0x03, 0x80, 0x96, 0x00, 0x80,
	0x04, 0x95, 0x84, 0xff, 0x88, 0xff, 0x88, 0x4b, 0x84, 0x01, 0x80, 0xff, 0x00, 0x80, 0xff, 0x00, 0x80, 0x9e, 0x00, 0x80,
	0x04, 0x25, 0x80, 0xdc, 0x88, 0xff, 0x88, 0xdb, 0x88, 0x03, 0x80, 0x96, 0x00, 0x80, 0x04, 0x95, 0x84, 0xff, 0x88, 0xff,
	0x88, 0x4b, 0x84, 0x01, 0x80, 0xff, 0x00, 0x80, 0xff, 0x00, 0x80, 0x9e, 0x00, 0x80, 0x04, 0x25, 0x80, 0xdc, 0x88, 0xff,
	0x88, 0xdb, 0x88, 0x03, 0x80, 0x96, 0x00, 0x80, 0x04, 0x95, 0x84, 0xff, 0x88, 0xff, 0x88, 0x4b, 0x84, 0x01, 0x80, 0xff,
	0x00, 0x80, 0xff, 0x00, 0x80, 0x9e, 0x00, 0x80, 0x04, 0x25, 0x80, 0xdc, 0x88, 0xff, 0x88, 0xdb, 0x88, 0x03, 0x80, 0x96,
	0x00, 0x80, 0x04, 0x95, 0x84, 0xff, 0x88, 0xff, 0x88, 0x4b, 0x84, 0x01, 0x80, 0xff, 0x00, 0x80, 0xff, 0x00, 0x80, 0x9e,
	0x00, 0x80, 0x04, 0x25, 0x80, 0xdc, 0x88, 0xff, 0x88, 0xdb, 0x88, 0x03, 0x80, 0x96, 0x00, 0x80, 0x04, 0x95, 0x84, 0xff,
	0x88, 0xff, 0x88, 0x4b, 0x84, 0x01, 0x80, 0xff, 0x00, 0x80, 0xff, 0x00, 0x80, 0x9e, 0x00, 0x80, 0x04, 0x25, 0x80, 0xdc,
	0x88, 0xff, 0x88, 0xdb, 0x88, 0x03, 0x80, 0x96, 0x00, 0x80, 0x04, 0x95, 0x84, 0xff, 0x88, 0xff, 0x88, 0x4b, 0x84, 0x01,
	0x80, 0xff, 0x00, 0x80, 0xff, 0x00, 0x80, 0x9e, 0x00, 0x80, 0x04, 0x25, 0x80, 0xdc, 0x88, 0xff, 0x88, 0xdb, 0x88, 0x03,
	0x80, 0x96, 0x00, 0x80, 0x04, 0x95, 0x84, 0xff, 0x88, 0xff, 0x88, 0x4b, 0x84, 0x01, 0x80, 0xff, 0x00, 0x80, 0xff, 0x00,
	0x80, 0x9e, 0x00, 0x80, 0x04, 0x25, 0x80, 0xdc, 0x88, 0xff, 0x88, 0xdb, 0x88, 0x03, 0x80, 0x96, 0x00, 0x80, 0x04, 0x95,
	0x84, 0xff, 0x88, 0xff, 0x88, 0x4b, 0x84, 0x01, 0x80, 0xff, 0x00, 0x80, 0xff, 0x00, 0x80, 0x9e, 0x00, 0x80, 0x04, 0x25,
	0x80, 0xdc, 0x88, 0xff, 0x88, 0xdb, 0x88, 0x03, 0x80, 0x96, 0x00, 0x80, 0x04, 0x95, 0x84, 0xff, 0x88, 0xff, 0x88, 0x4b,
	0x84, 0x01, 0x80, 0xff, 0x00, 0x80, 0xff, 0x00, 0x80, 0x9e, 0x00, 0x80, 0x04, 0x25, 0x80, 0xdc, 0x88, 0xff, 0x88, 0xdb,
	0x88, 0x03, 0x80, 0x96, 0x00, 0x80, 0x04, 0x95, 0x84, 0xff, 0x88, 0xff, 0x88, 0x4b, 0x84, 0x01, 0x80, 0xff, 0x00, 0x80,
	0xff, 0x00, 0x80, 0x9e, 0x00, 0x80, 0x04, 0x25, 0x80, 0xdc, 0x88, 0xff, 0x88, 0xdb, 0x88, 0x03, 0x80, 0x96, 0x00, 0x80,
	0x04, 0x95, 0x84, 0xff, 0x88, 0xff, 0x88, 0x4b, 0x84, 0x01, 0x80, 0xff, 0x00, 0x80, 0xff, 0x00, 0x80, 0x9e, 0x00, 0x80,
	0x04, 0x25, 0x80, 0xdc, 0x88, 0xff, 0x88, 0xdb, 0x88, 0x03, 0x80, 0x96, 0x00, 0x80, 0x04, 0x95, 0x84, 0xff, 0x88, 0xff,
	0x88, 0x4b, 0x84, 0x01, 0x80, 0xff, 0x00, 0x80, 0xff, 0x00, 0x80, 0x9e, 0x00, 0x80, 0x04, 0x25, 0x80, 0xdc, 0x88, 0xff,
	0x88, 0xdb, 0x88, 0x03, 0x80, 0x96, 0x00, 0x80, 0x04, 0x95, 0x84, 0xff, 0x88, 0xff, 0x88, 0x4b, 0x84, 0x01, 0x80, 0xff,
	0x00, 0x80, 0xff, 0x00, 0x80, 0x9e, 0x00, 0x80, 0x04, 0x25, 0x80, 0xdc, 0x88, 0xff, 0x88, 0xdb, 0x88, 0x03, 0x80, 0x96,
	0x00, 0x80, 0x04, 0x95, 0x84, 0xff, 0x88, 0xff, 0x88, 0x4b, 0x84, 0x01, 0x80, 0xff, 0x00, 0x80, 0xff, 0x00, 0x80, 0x9e,
	0x00, 0x80, 0x04, 0x25, 0x80, 0xdc, 0x88, 0xff, 0x88, 0xdb, 0x88, 0x03, 0x80, 0x96, 0x00, 0x80, 0x04, 0x95, 0x84, 0xff,
	0x88, 0xff, 0x88, 0x4b, 0x84, 0x01, 0x80, 0xff, 0x00, 0x80, 0xff, 0x00, 0x80, 0x9e, 0x00, 0x80, 0x04, 0x25, 0x80, 0xdc,
	0x88, 0xff, 0x88, 0xdb, 0x88, 0x03, 0x80, 0x96, 0x00, 0x80, 0x04, 0x95, 0x84, 0xff, 0x88, 0xff, 0x88, 0x4b, 0x84, 0x01,
	0x80, 0xff, 0x00, 0x80, 0xff, 0x00, 0x80, 0x9e, 0x00, 0x80, 0x04, 0x25, 0x80, 0xdc, 0x88, 0xff, 0x88, 0xdb, 0x88, 0x03,
	0x80, 0x96, 0x00, 0x80, 0x04, 0x95, 0x84, 0xff, 0x88, 0xff, 0x88, 0x4b, 0x84, 0x01, 0x80, 0xff, 0x00, 0x80, 0xff, 0x00,
	0x80, 0x9e, 0x00, 0x80, 0x04, 0x25, 0x80, 0xdc, 0x88, 0xff, 0x88, 0xdb, 0x88, 0x03, 0x80, 0x96, 0x00, 0x80, 0x04, 0x95,
	0x84, 0xff, 0x88, 0xff, 0x88, 0x4b, 0x84, 0x01, 0x80, 0xff, 0x00, 0x80, 0xff, 0x00, 0x80, 0x9e, 0x00, 0x80, 0x04, 0x25,
	0x80, 0xdc, 0x88, 0xff, 0x88, 0xdb, 0x88, 0x03, 0x80, 0x96, 0x00, 0x80, 0x04, 0x95, 0x84, 0xff, 0x88, 0xff, 0x88, 0x4b,
	0x84, 0x01, 0x80, 0xff, 0x00, 0x80, 0xff, 0x00, 0x80, 0x9e, 0x00, 0x80, 0x04, 0x25, 0x80, 0xdc, 0x88, 0xff, 0x88, 0xdb,
	0x88, 0x03, 0x80, 0x96, 0x00, 0x80, 0x04, 0x95, 0x84, 0xff, 0x88, 0xff, 0x88, 0x4b, 0x84, 0x01, 0x80, 0xff, 0x00, 0x80,
	0xff, 0x00, 0x80, 0x9e, 0x00, 0x80, 0x04, 0x25, 0x80, 0xdc, 0x88, 0xff, 0x88, 0xdb, 0x88, 0x03, 0x80, 0x96, 0x00, 0x80,
	0x04, 0x95, 0x84, 0xff, 0x88, 0xff, 0x88, 0x4b, 0x84, 0x01, 0x80, 0xff, 0x00, 0x80, 0xff, 0x00, 0x80, 0x9e, 0x00, 0x80,
	0x04, 0x25, 0x80, 0xdc, 0x88, 0xff, 0x88, 0xdb, 0x88, 0x03, 0x80, 0x96, 0x00, 0x80, 0x04, 0x95, 0x84, 0xff, 0x88, 0xff,
	0x88, 0x4b, 0x84, 0x01, 0x80, 0xff, 0x00, 0x80, 0xff, 0x00, 0x80, 0x9e, 0x00, 0x80, 0x04, 0x25, 0x80, 0xdc, 0x88, 0xff,
	0x88, 0xdb, 0x88, 0x03, 0x80, 0x96, 0x00, 0x80, 0x04, 0x95, 0x84, 0xff, 0x88, 0xff, 0x88, 0x4b, 0x84, 0x01, 0x80, 0xff,
	0x00, 0x80, 0xff, 0x00, 0x80, 0x9e, 0x00, 0x80, 0x04, 0x25, 0x80, 0xdc, 0x88, 0xff, 0x88, 0xdb, 0x88, 0x03, 0x80, 0x96,
	0x00, 0x80, 0x04, 0x95, 0x84, 0xff, 0x88, 0xff, 0x88, 0x4b, 0x84, 0x01, 0x80, 0xff, 0x00, 0x80, 0xff, 0x00, 0x80, 0x9e,
	0x00, 0x80, 0x04, 0x25, 0x80, 0xdc, 0x88, 0xff, 0x88, 0xdb, 0x88, 0x03, 0x80, 0x96, 0x00, 0x80, 0x04, 0x95, 0x84, 0xff,
	0x88, 0xff, 0x88, 0x4b, 0x84, 0x01, 0x80, 0xff, 0x00, 0x80, 0xff, 0x00, 0x80, 0x9e, 0x00, 0x80, 0x04, 0x25, 0x80, 0xdc,
	0x88, 0xff, 0x88, 0xdb, 0x88, 0x03, 0x80, 0x96, 0x00, 0x80, 0x04, 0x95, 0x84, 0xff, 0x88, 0xff, 0x88, 0x4b, 0x84, 0x01,
	0x80, 0xff, 0x00, 0x80, 0xff, 0x00, 0x80, 0x9e, 0x00, 0x80, 0x04, 0x25, 0x80, 0xdc, 0x88, 0xff, 0x88, 0xdb, 0x88, 0x03,
	0x80, 0x96, 0x00, 0x80, 0x04, 0x95, 0x84, 0xff, 0x88, 0xff, 0x88, 0x4b, 0x84, 0x01, 0x80, 0xff, 0x00, 0x80, 0xff, 0x00,
	0x80, 0x9e, 0x00, 0x80, 0x04, 0x25, 0x80, 0xdc, 0x88, 0xff, 0x88, 0xdb, 0x88, 0x03, 0x80, 0x96, 0x00, 0x80, 0x04, 0x95,
	0x84, 0xff, 0x88, 0xff, 0x88, 0x4b, 0x84, 0x01, 0x80, 0xff, 0x00, 0x80, 0xff, 0x00, 0x80, 0x9e, 0x00, 0x80, 0x04, 0x25,
	0x80, 0xdc, 0x88, 0xff, 0x88, 0xdb, 0x88, 0x03, 0x80, 0x96, 0x00, 0x80, 0x04, 0x95, 0x84, 0xff, 0x88, 0xff, 0x88, 0x4b,
	0x84, 0x01, 0x80, 0xff, 0x00, 0x80, 0xff, 0x00, 0x80, 0x9e, 0x00, 0x80, 0x04, 0x25, 0x80, 0xdc, 0x88, 0xff, 0x88, 0xdb,
	0x88, 0x03, 0x80, 0x96, 0x00, 0x80, 0x04, 0x95, 0x84, 0xff, 0x88, 0xff, 0x88, 0x4b, 0x84, 0x01, 0x80, 0xff, 0x00, 0x80,
	0xff, 0x00, 0x80, 0x9e, 0x00, 0x80, 0x04, 0x25, 0x80, 0xdc, 0x88, 0xff, 0x88, 0xdb, 0x88, 0x03, 0x80, 0x96, 0x00, 0x80,
	0x04, 0x95, 0x84, 0xff, 0x88, 0xff, 0x88, 0x4b, 0x84, 0x01, 0x80, 0xff, 0x00, 0x80, 0xff, 0x00, 0x80, 0x9e, 0x00, 0x80,
	0x04, 0x25, 0x80, 0xdc, 0x88, 0xff, 0x88, 0xdb, 0x88, 0x03, 0x80, 0x96, 0x00, 0x80, 0x04, 0x95, 0x84, 0xff, 0x88, 0xff,
	0x88, 0x4b, 0x84, 0x01, 0x80, 0xff, 0x00, 0x80, 0xff, 0x00, 0x80, 0x9e, 0x00, 0x80, 0x04, 0x25, 0x80, 0xdc, 0x88, 0xff,
	0x88, 0xdb, 0x88, 0x03, 0x80, 0x96, 0x00, 0x80, 0x04, 0x95, 0x84, 0xff, 0x88, 0xff, 0x88, 0x4b, 0x84, 0x01, 0x80, 0xff,
	0x00, 0x80, 0xff, 0x00, 0x80, 0x9e, 0x00, 0x80, 0x04, 0x25, 0x80, 0xdc, 0x88, 0xff, 0x88, 0xdb, 0x88, 0x03, 0x80, 0x96,
	0x00, 0x80, 0x04, 0x95, 0x84, 0xff, 0x88, 0xff, 0x88, 0x4b, 0x84, 0x01, 0x80, 0xff, 0x00, 0x80, 0xff, 0x00, 0x80, 0x9e,
	0x00, 0x80, 0x04, 0x25, 0x80, 0xdc, 0x88, 0xff, 0x88, 0xdb, 0x88, 0x03, 0x80, 0x96, 0x00, 0x80, 0x04, 0x95, 0x84, 0xff,
	0x88, 0xff, 0x88, 0x4b, 0x84, 0x01, 0x80, 0xff, 0x00, 0x80, 0xff, 0x00, 0x80, 0x9e, 0x00, 0x80, 0x04, 0x25, 0x80, 0xdc,
	0x88, 0xff, 0x88, 0xdb, 0x88, 0x03, 0x80, 0x96, 0x00, 0x80, 0x04, 0x95, 0x84, 0xff, 0x88, 0xff, 0x88, 0x4b, 0x84, 0x01,
	0x80, 0xff, 0x00, 0x80, 0xff, 0x00, 0x80, 0x9e, 0x00, 0x80, 0x04, 0x25, 0x80, 0xdc, 0x88, 0xff, 0x88, 0xdb, 0x88, 0x03,
	0x80, 0x96, 0x00, 0x80, 0x04, 0x95, 0x84, 0xff, 0x88, 0xff, 0x88, 0x4b, 0x84, 0x01, 0x80, 0xff, 0x00, 0x80, 0xff, 0x00,
	0x80, 0x9e, 0x00, 0x80, 0x04, 0x25, 0x80, 0xdc, 0x88, 0xff, 0x88, 0xdb, 0x88, 0x03, 0x80, 0x96, 0x00, 0x80, 0x04, 0x95,
	0x84, 0xff, 0x88, 0xff, 0x88, 0x4b, 0x84, 0x01, 0x80, 0xff, 0x00, 0x80, 0xff, 0x00, 0x80, 0x9e, 0x00, 0x80, 0x04, 0x25,
	0x80, 0xdc, 0x88, 0xff, 0x88, 0xdb, 0x88, 0x03, 0x80, 0x96, 0x00, 0x80, 0x04, 0x95, 0x84, 0xff, 0x88, 0xff, 0x88, 0x4b,
	0x84, 0x01, 0x80, 0xff, 0x00, 0x80, 0xff, 0x00, 0x80, 0x9e, 0x00, 0x80, 0x04, 0x25, 0x80, 0xdc, 0x88, 0xff, 0x88, 0xdb,
	0x88, 0x03, 0x80, 0x96, 0x00, 0x80, 0x04, 0x95, 0x84, 0xff, 0x88, 0xff, 0x88, 0x4b, 0x84, 0x01, 0x80, 0xff, 0x00, 0x80,
	0xff, 0x00, 0x80, 0x9e, 0x00, 0x80, 0x04, 0x25, 0x80, 0xdc, 0x88, 0xff, 0x88, 0xdb, 0x88, 0x03, 0x80, 0x96, 0x00, 0x80,
	0x04, 0x95, 0x84, 0xff, 0x88, 0xff, 0x88, 0x4b, 0x84, 0x01, 0x80, 0xff, 0x00, 0x80, 0xff, 0x00, 0x80, 0x9e, 0x00, 0x80,
	0x04, 0x25, 0x80, 0xdc, 0x88, 0xff, 0x88, 0xdb, 0x88, 0x03, 0x80, 0x96, 0x00, 0x80, 0x04, 0x95, 0x84, 0xff, 0x88, 0xff,
	0x88, 0x4b, 0x84, 0x01, 0x80, 0xff, 0x00, 0x80, 0xff, 0x00, 0x80, 0x9e, 0x00, 0x80, 0x04, 0x25, 0x80, 0xdc, 0x88, 0xff,
	0x88, 0xdb, 0x88, 0x03, 0x80, 0x96, 0x00, 0x80, 0x04, 0x95, 0x84, 0xff, 0x88, 0xff, 0x88, 0x4b, 0x84, 0x01, 0x80, 0xff,
	0x00, 0x80, 0xff, 0x00, 0x80, 0x9e, 0x00, 0x80, 0x04, 0x25, 0x80, 0xdc, 0x88, 0xff, 0x88, 0xdb, 0x88, 0x03, 0x80, 0x96,
	0x00, 0x80, 0x04, 0x95, 0x84, 0xff, 0x88, 0xff, 0x88, 0x4b, 0x84, 0x01, 0x80, 0xff, 0x00, 0x80, 0xff, 0x00, 0x80, 0x9e,
	0x00, 0x80, 0x04, 0x25, 0x80, 0xdc, 0x88, 0xff, 0x88, 0xdb, 0x88, 0x03, 0x80, 0x96, 0x00, 0x80, 0x04, 0x95, 0x84, 0xff,
	0x88, 0xff, 0x88, 0x4b, 0x84, 0x01, 0x80, 0xff, 0x00, 0x80, 0xff, 0x00, 0x80, 0x9e, 0x00, 0x80, 0x04, 0x25, 0x80, 0xdc,
	0x88, 0xff, 0x88, 0xdb, 0x88, 0x03, 0x80, 0x96, 0x00, 0x80, 0x04, 0x95, 0x84, 0xff, 0x88, 0xff, 0x88, 0x4b, 0x84, 0x01,
	0x80, 0xff, 0x00, 0x80, 0xff, 0x00, 0x80, 0x9e, 0x00, 0x80, 0x04, 0x25, 0x80, 0xdc, 0x88, 0xff, 0x88, 0xdb, 0x88, 0x03,
	0x80, 0x96, 0x00, 0x80, 0x04, 0x95, 0x84, 0xff, 0x88, 0xff, 0x88, 0x4b, 0x84, 0x01, 0x80, 0xff, 0x00, 0x80, 0xff, 0x00,
	0x80, 0x9e, 0x00, 0x80, 0x04, 0x25, 0x80, 0xdc, 0x88, 0xff, 0x88, 0xdb, 0x88, 0x03, 0x80, 0x96, 0x00, 0x80, 0x04, 0x95,
	0x84, 0xff, 0x88, 0xff, 0x88, 0x4b, 0x84, 0x01, 0x80, 0xff, 0x00, 0x80, 0xff, 0x00, 0x80, 0x9e, 0x00, 0x80, 0x04, 0x25,
	0x80, 0xdc, 0x88, 0xff, 0x88, 0xdb, 0x88, 0x03, 0x80, 0x96, 0x00, 0x80, 0x04, 0x95, 0x84, 0xff, 0x88, 0xff, 0x88, 0x4b,
	0x84, 0x01, 0x80, 0xff, 0x00, 0x80, 0xff, 0x00, 0x80, 0x9e, 0x00, 0x80, 0x04, 0x25, 0x80, 0xdc, 0x88, 0xff, 0x88, 0xdb,
	0x88, 0x03, 0x80, 0x96, 0x00, 0x80, 0x04, 0x95, 0x84, 0xff, 0x88, 0xff, 0x88, 0x4b, 0x84, 0x01, 0x80, 0xff, 0x00, 0x80,
	0xff, 0x00, 0x80, 0x9e, 0x00, 0x80, 0x04, 0x25, 0x80, 0xdc, 0x88, 0xff, 0x88, 0xdb, 0x88, 0x03, 0x80, 0x96, 0x00, 0x80,
	0x04, 0x95, 0x84, 0xff, 0x88, 0xff, 0x88, 0x4b, 0x84, 0x01, 0x80, 0xff, 0x00, 0x80, 0xff, 0x00, 0x80, 0x9e, 0x00, 0x80,
	0x04, 0x25, 0x80, 0xdc, 0x88, 0xff, 0x88, 0xdb, 0x88, 0x03, 0x80, 0x96, 0x00, 0x80, 0x04, 0x95, 0x84, 0xff, 0x88, 0xff,
	0x88, 0x4b, 0x84, 0x01, 0x80, 0xff, 0x00, 0x80, 0xff, 0x00, 0x80, 0x9e, 0x00, 0x80, 0x04, 0x25, 0x80, 0xdc, 0x88, 0xff,
	0x88, 0xdb, 0x88, 0x03, 0x80, 0x96, 0x00, 0x80, 0x04, 0x95, 0x84, 0xff, 0x88, 0xff, 0x88, 0x4b, 0x84, 0x01, 0x80, 0xff,
	0x00, 0x80, 0xff, 0x00, 0x80, 0x9e, 0x00, 0x80, 0x04, 0x25, 0x80, 0xdc, 0x88, 0xff, 0x88, 0xdb, 0x88, 0x03, 0x80, 0x96,
	0x00, 0x80, 0x04, 0x95, 0x84, 0xff, 0x88, 0xff, 0x88, 0x4b, 0x84, 0x01, 0x80, 0xff, 0x00, 0x80, 0xff, 0x00, 0x80, 0x9e,
	0x00, 0x80, 0x04, 0x25, 0x80, 0xdc, 0x88, 0xff, 0x88, 0xdb, 0x88, 0x03, 0x80, 0x96, 0x00, 0x80, 0x04, 0x95, 0x84, 0xff,
	0x88, 0xff, 0x88, 0x4b, 0x84, 0x01, 0x80, 0xff, 0x00, 0x80, 0xff, 0x00, 0x80, 0x9e, 0x00, 0x80, 0x04, 0x25, 0x80, 0xdc,
	0x88, 0xff, 0x88, 0xdb, 0x88, 0x03, 0x80, 0x96, 0x00, 0x80, 0x04, 0x95, 0x84, 0xff, 0x88, 0xff, 0x88, 0x4b, 0x84, 0x01,
	0x80, 0xff, 0x00, 0x80, 0xff, 0x00, 0x80, 0x9e, 0x00, 0x80, 0x04, 0x25, 0x80, 0xdc, 0x88, 0xff, 0x88, 0xdb, 0x88, 0x03,
	0x80, 0x96, 0x00, 0x80, 0x04, 0x95, 0x84, 0xff, 0x88, 0xff, 0x88, 0x4b, 0x84, 0x01, 0x80, 0xff, 0x00, 0x80, 0xff, 0x00,
	0x80, 0x9e, 0x00, 0x80, 0x04, 0x25, 0x80, 0xdc, 0x88, 0xff, 0x88, 0xdb, 0x88, 0x03, 0x80, 0x96, 0x00, 0x80, 0x04, 0x95,
	0x84, 0xff, 0x88, 0xff, 0x88, 0x4b, 0x84, 0x01, 0x80, 0xff, 0x00, 0x80, 0xff, 0x00, 0x80, 0x9e, 0x00, 0x80, 0x04, 0x25,
	0x80, 0xdc, 0x88, 0xff, 0x88, 0xdb, 0x88, 0x03, 0x80, 0x96, 0x00, 0x80, 0x04, 0x95, 0x84, 0xff, 0x88, 0xff, 0x88, 0x4b,
	0x84, 0x01, 0x80, 0xff, 0x00, 0x80, 0xff, 0x00, 0x80, 0x9e, 0x00, 0x80, 0x04, 0x25, 0x80, 0xdc, 0x88, 0xff, 0x88, 0xdb,
	0x88, 0x03, 0x80, 0x96, 0x00, 0x80, 0x04, 0x95, 0x84, 0xff, 0x88, 0xff, 0x88, 0x4b, 0x84, 0x01, 0x80, 0xff, 0x00, 0x80,
	0xff, 0x00, 0x80, 0x9e, 0x00, 0x80, 0x04, 0x25, 0x80, 0xdc, 0x88, 0xff, 0x88, 0xdb, 0x88, 0x03, 0x80, 0x96, 0x00, 0x80,
	0x04, 0x95, 0x84, 0xff, 0x88, 0xff, 0x88, 0x4b, 0x84, 0x01, 0x80, 0xff, 0x00, 0x80, 0xff, 0x00, 0x80, 0x9e, 0x00, 0x80,
	0x04, 0x25, 0x80, 0xdc, 0x88, 0xff, 0x88, 0xdb, 0x88, 0x03, 0x80, 0x96, 0x00, 0x80, 0x04, 0x95, 0x84, 0xff, 0x88, 0xff,
	0x88, 0x4b, 0x84, 0x01, 0x80, 0xff, 0x00, 0x80, 0xff, 0x00, 0x80, 0x9e, 0x00, 0x80, 0x04, 0x25, 0x80, 0xdc, 0x88, 0xff,
	0x88, 0xdb, 0x88, 0x03, 0x80, 0x96, 0x00, 0x80, 0x04, 0x95, 0x84, 0xff, 0x88, 0xff, 0x88, 0x4b, 0x84, 0x01, 0x80, 0xff,
	0x00, 0x80, 0xff, 0x00, 0x80, 0x9e, 0x00, 0x80, 0x04, 0x25, 0x80, 0xdc, 0x88, 0xff, 0x88, 0xdb, 0x88, 0x03, 0x80, 0x96,
	0x00, 0x80, 0x04, 0x95, 0x84, 0xff, 0x88, 0xff, 0x88, 0x4b, 0x84, 0x01, 0x80, 0xff, 0x00, 0x80, 0xff, 0x00, 0x80, 0x9e,
	0x00, 0x80, 0x04, 0x25, 0x80, 0xdc, 0x88, 0xff, 0x88, 0xdb, 0x88, 0x03, 0x80, 0x96, 0x00, 0x80, 0x04, 0x95, 0x84, 0xff,
	0x88, 0xff, 0x88, 0x4b, 0x84, 0x01, 0x80, 0xff, 0x00, 0x80, 0xff, 0x00, 0x80, 0x9e, 0x00, 0x80, 0x04, 0x25, 0x80, 0xdc,
	0x88, 0xff, 0x88, 0xdb, 0x88, 0x03, 0x80, 0x96, 0x00, 0x80, 0x04, 0x95, 0x84, 0xff, 0x88, 0xff, 0x88, 0x4b, 0x84, 0x01,
	0x80, 0xff, 0x00, 0x80, 0xff, 0x00, 0x80, 0x9e, 0x00, 0x80, 0x04, 0x25, 0x80, 0xdc, 0x88, 0xff, 0x88, 0xdb, 0x88, 0x03,
	0x80, 0x96, 0x00, 0x80, 0x04, 0x95, 0x84, 0xff, 0x88, 0xff, 0x88, 0x4b, 0x84, 0x01, 0x80, 0xff, 0x00, 0x80, 0xff, 0x00,
	0x80, 0x9e, 0x00, 0x80, 0x04, 0x25, 0x80, 0xdc, 0x88, 0xff, 0x88, 0xdb, 0x88, 0x03, 0x80, 0x96, 0x00, 0x80, 0x04, 0x95,
	0x84, 0xff, 0x88, 0xff, 0x88, 0x4b, 0x84, 0x01, 0x80, 0xff, 0x00, 0x80, 0xff, 0x00, 0x80, 0x9e, 0x00, 0x80, 0x04, 0x25,
	0x80, 0xdc, 0x88, 0xff, 0x88, 0xdb, 0x88, 0x03, 0x80, 0x96, 0x00, 0x80, 0x04, 0x95, 0x84, 0xff, 0x88, 0xff, 0x88, 0x4b,
	0x84, 0x01, 0x80, 0xff, 0x00, 0x80, 0xff, 0x00, 0x80, 0x9e, 0x00, 0x80, 0x04, 0x25, 0x80, 0xdc, 0x88, 0xff, 0x88, 0xdb,
	0x88, 0x03, 0x80, 0x96, 0x00, 0x80, 0x04, 0x95, 0x84, 0xff, 0x88, 0xff, 0x88, 0x4b, 0x84, 0x01, 0x80, 0xff, 0x00, 0x80,
	0xff, 0x00, 0x80, 0x9e, 0x00, 0x80, 0x04, 0x25, 0x80, 0xdc, 0x88, 0xff, 0x88, 0xdb, 0x88, 0x03, 0x80, 0x96, 0x00, 0x80,
	0x04, 0x95, 0x84, 0xff, 0x88, 0xff, 0x88, 0x4b, 0x84, 0x01, 0x80, 0xff, 0x00, 0x80, 0xff, 0x00, 0x80, 0x9e, 0x00, 0x80,
	0x04, 0x25, 0x80, 0xdc, 0x88, 0xff, 0x88, 0xdb, 0x88, 0x03, 0x80, 0x96, 0x00, 0x80, 0x04, 0x95, 0x84, 0xff, 0x88, 0xff,
	0x88, 0x4b, 0x84, 0x01, 0x80, 0xff, 0x00, 0x80, 0xff, 0x00, 0x80, 0x9e, 0x00, 0x80, 0x04, 0x25, 0x80, 0xdc, 0x88, 0xff,
	0x88, 0xdb, 0x88, 0x03, 0x80, 0x96, 0x00, 0x80, 0x04, 0x95, 0x84, 0xff, 0x88, 0xff, 0x88, 0x4b, 0x84, 0x01, 0x80, 0xff,
	0x00, 0x80, 0xff, 0x00, 0x80, 0x9e, 0x00, 0x80, 0x04, 0x25, 0x80, 0xdc, 0x88, 0xff, 0x88, 0xdb, 0x88, 0x03, 0x80, 0x96,
	0x00, 0x80, 0x04, 0x95, 0x84, 0xff, 0x88, 0xff, 0x88, 0x4b, 0x84, 0x01, 0x80, 0xff, 0x00, 0x80, 0xff, 0x00, 0x80, 0x9e,
	0x00, 0x80, 0x04, 0x25, 0x80, 0xdc, 0x88, 0xff, 0x88, 0xdb, 0x88, 0x03, 0x80, 0x96, 0x00, 0x80, 0x04, 0x95, 0x84, 0xff,
	0x88, 0xff, 0x88, 0x4b, 0x84, 0x01, 0x80, 0xff, 0x00, 0x80, 0xff, 0x00, 0x80, 0x9e, 0x00, 0x80, 0x04, 0x25, 0x80, 0xdc,
	0x88, 0xff, 0x88, 0xdb, 0x88, 0x03, 0x80, 0x96, 0x00, 0x80, 0x04, 0x95, 0x84, 0xff, 0x88, 0xff, 0x88, 0x4b, 0x84, 0x01,
	0x80, 0xff, 0x00, 0x80, 0xff, 0x00, 0x80, 0x9e, 0x00, 0x80, 0x04, 0x25, 0x80, 0xdc, 0x88, 0xff, 0x88, 0xdb, 0x88, 0x03,
	0x80, 0x96, 0x00, 0x80, 0x04, 0x95, 0x84, 0xff, 0x88, 0xff, 0x88, 0x4b, 0x84, 0x01, 0x80, 0xff, 0x00, 0x80, 0xff, 0x00,
	0x80, 0x9e, 0x00, 0x80, 0x04, 0x25, 0x80, 0xdc, 0x88, 0xff, 0x88, 0xdb, 0x88, 0x03, 0x80, 0x96, 0x00, 0x80, 0x04, 0x95,
	0x84, 0xff, 0x88, 0xff, 0x88, 0x4b, 0x84, 0x01, 0x80, 0xff, 0x00, 0x80, 0xff, 0x00, 0x80, 0x9e, 0x00, 0x80, 0x04, 0x25,
	0x80, 0xdc, 0x88, 0xff, 0x88, 0xdb, 0x88, 0x03, 0x80, 0x96, 0x00, 0x80, 0x04, 0x95, 0x84, 0xff, 0x88, 0xff, 0x88, 0x4b,
	0x84, 0x01, 0x80, 0xff, 0x00, 0x80, 0xff, 0x00, 0x80, 0x9e, 0x00, 0x80, 0x04, 0x25, 0x80, 0xdc, 0x88, 0xff, 0x88, 0xdb,
	0x88, 0x03, 0x80, 0x96, 0x00, 0x80, 0x04, 0x95, 0x84, 0xff, 0x88, 0xff, 0x88, 0x4b, 0x84, 0x01, 0x80, 0xff, 0x00, 0x80,
	0xff, 0x00, 0x80, 0x9e, 0x00, 0x80, 0x04, 0x25, 0x80, 0xdc, 0x88, 0xff, 0x88, 0xdb, 0x88, 0x03, 0x80, 0x96, 0x00, 0x80,
	0x04, 0x95, 0x84, 0xff, 0x88, 0xff, 0x88, 0x4b, 0x84, 0x01, 0x80, 0xff, 0x00, 0x80, 0xff, 0x00, 0x80, 0x9e, 0x00, 0x80,
	0x04, 0x25, 0x80, 0xdc, 0x88, 0xff, 0x88, 0xdb, 0x88, 0x03, 0x80, 0x96, 0x00, 0x80, 0x04, 0x95, 0x84, 0xff, 0x88, 0xff,
	0x88, 0x4b, 0x84, 0x01, 0x80, 0xff, 0x00, 0x80, 0xff, 0x00, 0x80, 0x9e, 0x00, 0x80, 0x04, 0x25, 0x80, 0xdc, 0x88, 0xff,
	0x88, 0xdb, 0x88, 0x03, 0x80, 0x96, 0x00, 0x80, 0x04, 0x95, 0x84, 0xff, 0x88, 0xff, 0x88, 0x4b, 0x84, 0x01, 0x80, 0xff,
	0x00, 0x80, 0xff, 0x00, 0x80, 0x9e, 0x00, 0x80, 0x04, 0x25, 0x80, 0xdc, 0x88, 0xff, 0x88, 0xdb, 0x88, 0x03, 0x80, 0x96,
	0x00, 0x80, 0x04, 0x95, 0x84, 0xff, 0x88, 0xff, 0x88, 0x4b, 0x84, 0x01, 0x80, 0xff, 0x00, 0x80, 0xff, 0x00, 0x80, 0x9e,
	0x00, 0x80, 0x04, 0x25, 0x80, 0xdc, 0x88, 0xff, 0x88, 0xdb, 0x88, 0x03, 0x80, 0x96, 0x00, 0x80, 0x04, 0x95, 0x84, 0xff,
	0x88, 0xff, 0x88, 0x4b, 0x84, 0x01, 0x80, 0xff, 0x00, 0x80, 0xff, 0x00, 0x80, 0x9e, 0x00, 0x80, 0x04, 0x25, 0x80, 0xdc,
	0x88, 0xff, 0x88, 0xdb, 0x88, 0x03, 0x80, 0x96, 0x00, 0x80, 0x04, 0x95, 0x84, 0xff, 0x88, 0xff, 0x88, 0x4b, 0x84, 0x01,
	0x80, 0xff, 0x00, 0x80, 0xff, 0x00, 0x80, 0x9e, 0x00, 0x80, 0x04, 0x25, 0x80, 0xdc, 0x88, 0xff, 0x88, 0xdb, 0x88, 0x03,
	0x80, 0x96, 0x00, 0x80, 0x04, 0x95, 0x84, 0xff, 0x88, 0xff, 0x88, 0x4b, 0x84, 0x01, 0x80, 0xff, 0x00, 0x80, 0xff, 0x00,
	0x80, 0x9e, 0x00, 0x80, 0x04, 0x25, 0x80, 0xdc, 0x88, 0xff, 0x88, 0xdb, 0x88, 0x03, 0x80, 0x96, 0x00, 0x80, 0x04, 0x95,
	0x84, 0xff, 0x88, 0xff, 0x88, 0x4b, 0x84, 0x01, 0x80, 0xff, 0x00, 0x80, 0xff, 0x00, 0x80, 0x9e, 0x00, 0x80, 0x04, 0x25,
	0x80, 0xdc, 0x88, 0xff, 0x88, 0xdb, 0x88, 0x03, 0x80, 0x96, 0x00, 0x80, 0x04, 0x95, 0x84, 0xff, 0x88, 0xff, 0x88, 0x4b,
	0x84, 0x01, 0x80, 0xff, 0x00, 0x80, 0xff, 0x00, 0x80, 0x9e, 0x00, 0x80, 0x04, 0x25, 0x80, 0xdc, 0x88, 0xff, 0x88, 0xdb,
	0x88, 0x03, 0x80, 0x96, 0x00, 0x80, 0x04, 0x95, 0x84, 0xff, 0x88, 0xff, 0x88, 0x4b, 0x84, 0x01, 0x80, 0xff, 0x00, 0x80,
	0xff, 0x00, 0x80, 0x9e, 0x00, 0x80, 0x04, 0x25, 0x80, 0xdc, 0x88, 0xff, 0x88, 0xdb, 0x88, 0x03, 0x80, 0x96, 0x00, 0x80,
	0x04, 0x95, 0x84, 0xff, 0x88, 0xff, 0x88, 0x4b, 0x84, 0x01, 0x80, 0xff, 0x00, 0x80, 0xff, 0x00, 0x80, 0x9e, 0x00, 0x80,
	0x04, 0x25, 0x80, 0xdc, 0x88, 0xff, 0x88, 0xdb, 0x88, 0x03, 0x80, 0x96, 0x00, 0x80, 0x04, 0x95, 0x84, 0xff, 0x88, 0xff,
	0x88, 0x4b, 0x84, 0x01, 0x80, 0xff, 0x00, 0x80, 0xff, 0x00, 0x80, 0x9e, 0x00, 0x80, 0x04, 0x25, 0x80, 0xdc, 0x88, 0xff,
	0x88, 0xdb, 0x88, 0x03, 0x80, 0x96, 0x00, 0x80, 0x04, 0x95, 0x84, 0xff, 0x88, 0xff, 0x88, 0x4b, 0x84, 0x01, 0x80, 0xff,
	0x00, 0x80, 0xff, 0x00, 0x80, 0x9e, 0x00, 0x80, 0x04, 0x25, 0x80, 0xdc, 0x88, 0xff, 0x88, 0xdb, 0x88, 0x03, 0x80, 0x96,
	0x00, 0x80, 0x04, 0x95, 0x84, 0xff, 0x88, 0xff, 0x88, 0x4b, 0x84, 0x01, 0x80, 0xff, 0x00, 0x80, 0xff, 0x00, 0x80, 0x9e,
	0x00, 0x80, 0x04, 0x25, 0x80, 0xdc, 0x88, 0xff, 0x88, 0xdb, 0x88, 0x03, 0x80, 0x96, 0x00, 0x80, 0x04, 0x95, 0x84, 0xff,
	0x88, 0xff, 0x88, 0x4b, 0x84, 0x01, 0x80, 0xff, 0x00, 0x80, 0xff, 0x00, 0x80, 0x9e, 0x00, 0x80, 0x04, 0x25, 0x80, 0xdc,
	0x88, 0xff, 0x88, 0xdb, 0x88, 0x03, 0x80, 0x96, 0x00, 0x80, 0x04, 0x95, 0x84, 0xff, 0x88, 0xff, 0x88, 0x4b, 0x84, 0x01,
	0x80, 0xff, 0x00, 0x80, 0xff, 0x00, 0x80, 0x9e, 0x00, 0x80, 0x04, 0x25, 0x80, 0xdc, 0x88, 0xff, 0x88, 0xdb, 0x88, 0x03,
	0x80, 0x96, 0x00, 0x80, 0x04, 0x95, 0x84, 0xff, 0x88, 0xff, 0x88, 0x4b, 0x84, 0x01, 0x80, 0xff, 0x00, 0x80, 0xff, 0x00,
	0x80, 0x9e, 0x00, 0x80, 0x04, 0x25, 0x80, 0xdc, 0x88, 0xff, 0x88, 0xdb, 0x88, 0x03, 0x80, 0x96, 0x00, 0x80, 0x04, 0x95,
	0x84, 0xff, 0x88, 0xff, 0x88, 0x4b, 0x84, 0x01, 0x80, 0xff, 0x00, 0x80, 0xff, 0x00, 0x80, 0x9e, 0x00, 0x80, 0x04, 0x25,
	0x80, 0xdc, 0x88, 0xff, 0x88, 0xdb, 0x88, 0x03, 0x80, 0x96, 0x00, 0x80, 0x04, 0x95, 0x84, 0xff, 0x88, 0xff, 0x88, 0x4b,
	0x84, 0x01, 0x80, 0xff, 0x00, 0x80, 0xff, 0x00, 0x80, 0x9e, 0x00, 0x80, 0x04, 0x25, 0x80, 0xdc, 0x88, 0xff, 0x88, 0xdb,
	0x88, 0x03, 0x80, 0x96, 0x00, 0x80, 0x04, 0x95, 0x84, 0xff, 0x88, 0xff, 0x88, 0x4b, 0x84, 0x01, 0x80, 0xff, 0x00, 0x80,
	0xff, 0x00, 0x80, 0x9e, 0x00, 0x80, 0x04, 0x25, 0x80, 0xdc, 0x88, 0xff, 0x88, 0xdb, 0x88, 0x03, 0x80, 0x96, 0x00, 0x80,
	0x04, 0x95, 0x84, 0xff, 0x88, 0xff, 0x88, 0x4b, 0x84, 0x01, 0x80, 0xff, 0x00, 0x80, 0xff, 0x00, 0x80, 0x9e, 0x00, 0x80,
	0x04, 0x25, 0x80, 0xdc, 0x88, 0xff, 0x88, 0xdb, 0x88, 0x03, 0x80, 0x96, 0x00, 0x80, 0x04, 0x95, 0x84, 0xff, 0x88, 0xff,
	0x88, 0x4b, 0x84, 0x01, 0x80, 0xff, 0x00, 0x80, 0xff, 0x00, 0x80, 0x9e, 0x00, 0x80, 0x04, 0x25, 0x80, 0xdc, 0x88, 0xff,
	0x88, 0xdb, 0x88, 0x03, 0x80, 0x96, 0x00, 0x80, 0x04, 0x95, 0x84, 0xff, 0x88, 0xff, 0x88, 0x4b, 0x84, 0x01, 0x80, 0xff,
	0x00, 0x80, 0xff, 0x00, 0x80, 0x9e, 0x00, 0x80, 0x04, 0x25, 0x80, 0xdc, 0x88, 0xff, 0x88, 0xdb, 0x88, 0x03, 0x80, 0x96,
	0x00, 0x80, 0x04, 0x95, 0x84, 0xff, 0x88, 0xff, 0x88, 0x4b, 0x84, 0x01, 0x80, 0xff, 0x00, 0x80, 0xff, 0x00, 0x80, 0x9e,
	0x00, 0x80, 0x04, 0x25, 0x80, 0xdc, 0x88, 0xff, 0x88, 0xdb, 0x88, 0x03, 0x80, 0x96, 0x00, 0x80, 0x04, 0x95, 0x84, 0xff,
	0x88, 0xff, 0x88, 0x4b, 0x84, 0x01, 0x80, 0xff, 0x00, 0x80, 0xff, 0x00, 0x80, 0x9e, 0x00, 0x80, 0x04, 0x25, 0x80, 0xdc,
	0x88, 0xff, 0x88, 0xdb, 0x88, 0x03, 0x80, 0x96, 0x00, 0x80, 0x04, 0x95, 0x84, 0xff, 0x88, 0xff, 0x88, 0x4b, 0x84, 0x01,
	0x80, 0xff, 0x00, 0x80, 0xff, 0x00, 0x80, 0x9e, 0x00, 0x80, 0x04, 0x25, 0x80, 0xdc, 0x88, 0xff, 0x88, 0xdb, 0x88, 0x03,
	0x80, 0x96, 0x00, 0x80, 0x04, 0x95, 0x84, 0xff, 0x88, 0xff, 0x88, 0x4b, 0x84, 0x01, 0x80, 0xff, 0x00, 0x80, 0xff, 0x00,
	0x80, 0x9e, 0x00, 0x80, 0x04, 0x25, 0x80, 0xdc, 0x88, 0xff, 0x88, 0xdb, 0x88, 0x03, 0x80, 0x96, 0x00, 0x80, 0x04, 0x95,
	0x84, 0xff, 0x88, 0xff, 0x88, 0x4b, 0x84, 0x01, 0x80, 0xff, 0x00, 0x80, 0xff, 0x00, 0x80, 0x9e, 0x00, 0x80, 0x04, 0x25,
	0x80, 0xdc, 0x88, 0xff, 0x88, 0xdb, 0x88, 0x03, 0x80, 0x96, 0x00, 0x80, 0x04, 0x95, 0x84, 0xff, 0x88, 0xff, 0x88, 0x4b,
	0x84, 0x01, 0x80, 0xff, 0x00, 0x80, 0xff, 0x00, 0x80, 0x9e, 0x00, 0x80, 0x04, 0x25, 0x80, 0xdc, 0x88, 0xff, 0x88, 0xdb,
	0x88, 0x03, 0x80, 0x96, 0x00, 0x80, 0x04, 0x95, 0x84, 0xff, 0x88, 0xff, 0x88, 0x4b, 0x84, 0x01, 0x80, 0xff, 0x00, 0x80,
	0xff, 0x00, 0x80, 0x9e, 0x00, 0x80, 0x04, 0x25, 0x80, 0xdc, 0x88, 0xff, 0x88, 0xdb, 0x88, 0x03, 0x80, 0x96, 0x00, 0x80,
	0x04, 0x95, 0x84, 0xff, 0x88, 0xff, 0x88, 0x4b, 0x84, 0x01, 0x80, 0xff, 0x00, 0x80, 0xff, 0x00, 0x80, 0x9e, 0x00, 0x80,
	0x04, 0x25, 0x80, 0xdc, 0x88, 0xff, 0x88, 0xdb, 0x88, 0x03, 0x80, 0x96, 0x00, 0x80, 0x04, 0x95, 0x84, 0xff, 0x88, 0xff,
	0x88, 0x4b, 0x84, 0x01, 0x80, 0xff, 0x00, 0x80, 0xff, 0x00, 0x80, 0x9e, 0x00, 0x80, 0x04, 0x25, 0x80, 0xdc, 0x88, 0xff,
	0x88, 0xdb, 0x88, 0x03, 0x80, 0x96, 0x00, 0x80, 0x04, 0x95, 0x84, 0xff, 0x88, 0xff, 0x88, 0x4b, 0x84, 0x01, 0x80, 0xff,
	0x00, 0x80, 0xff, 0x00, 0x80, 0x9e, 0x00, 0x80, 0x04, 0x25, 0x80, 0xdc, 0x88, 0xff, 0x88, 0xdb, 0x88, 0x03, 0x80, 0x96,
	0x00, 0x80, 0x04, 0x95, 0x84, 0xff, 0x88, 0xff, 0x88, 0x4b, 0x84, 0x01, 0x80, 0xff, 0x00, 0x80, 0xff, 0x00, 0x80, 0x9e,
	0x00, 0x80, 0x04, 0x25, 0x80, 0xdc, 0x88, 0xff, 0x88, 0xdb, 0x88, 0x03, 0x80, 0x96, 0x00, 0x80, 0x04, 0x95, 0x84, 0xff,
	0x88, 0xff, 0x88, 0x4b, 0x84, 0x01, 0x80, 0xff, 0x00, 0x80, 0xff, 0x00, 0x80, 0x9e, 0x00, 0x80, 0x04, 0x25, 0x80, 0xdc,
	0x88, 0xff, 0x88, 0xdb, 0x88, 0x03, 0x80, 0x96, 0x00, 0x80, 0x04, 0x95, 0x84, 0xff, 0x88, 0xff, 0x88, 0x4b, 0x84, 0x01,
	0x80, 0xff, 0x00, 0x80, 0xff, 0x00, 0x80, 0x9e, 0x00, 0x80, 0x04, 0x25, 0x80, 0xdc, 0x88, 0xff, 0x88, 0xdb, 0x88, 0x03,
	0x80, 0x96, 0x00, 0x80, 0x04, 0x95, 0x84, 0xff, 0x88, 0xff, 0x88, 0x4b, 0x84, 0x01, 0x80, 0xff, 0x00, 0x80, 0xff, 0x00,
	0x80, 0x9e, 0x00, 0x80, 0x04, 0x25, 0x80, 0xdc, 0x88, 0xff, 0x88, 0xdb, 0x88, 0x03, 0x80, 0x96, 0x00, 0x80, 0x04, 0x95,
	0x84, 0xff, 0x88, 0xff, 0x88, 0x4b, 0x84, 0x01, 0x80, 0xff, 0x00, 0x80, 0xff, 0x00, 0x80, 0x9e, 0x00, 0x80, 0x04, 0x25,
	0x80, 0xdc, 0x88, 0xff, 0x88, 0xdb, 0x88, 0x03, 0x80, 0x96, 0x00, 0x80, 0x04, 0x95, 0x84, 0xff, 0x88, 0xff, 0x88, 0x4b,
	0x84, 0x01, 0x80, 0xff, 0x00, 0x80, 0xff, 0x00, 0x80, 0x9e, 0x00, 0x80, 0x04, 0x25, 0x80, 0xdc, 0x88, 0xff, 0x88, 0xdb,
	0x88, 0x03, 0x80, 0x96, 0x00, 0x80, 0x04, 0x95, 0x84, 0xff, 0x88, 0xff, 0x88, 0x4b, 0x84, 0x01, 0x80, 0xff, 0x00, 0x80,
	0xff, 0x00, 0x80, 0x9e, 0x00, 0x80, 0x04, 0x25, 0x80, 0xdc, 0x88, 0xff, 0x88, 0xdb, 0x88, 0x03, 0x80, 0x96, 0x00, 0x80,
	0x04, 0x95, 0x84, 0xff, 0x88, 0xff, 0x88, 0x4b, 0x84, 0x01, 0x80, 0xff, 0x00, 0x80, 0xff, 0x00, 0x80, 0x9e, 0x00, 0x80,
	0x04, 0x25, 0x80, 0xdc, 0x88, 0xff, 0x88, 0xdb, 0x88, 0x03, 0x80, 0x96, 0x00, 0x80, 0x04, 0x95, 0x84, 0xff, 0x88, 0xff,
	0x88, 0x4b, 0x84, 0x01, 0x80, 0xff, 0x00, 0x80, 0xff, 0x00, 0x80, 0x9e, 0x00, 0x80, 0x04, 0x25, 0x80, 0xdc, 0x88, 0xff,
	0x88, 0xdb, 0x88, 0x03, 0x80, 0x96, 0x00, 0x80, 0x04, 0x95, 0x84, 0xff, 0x88, 0xff, 0x88, 0x4b, 0x84, 0x01, 0x80, 0xff,
	0x00, 0x80, 0xff, 0x00, 0x80, 0x9e, 0x00, 0x80, 0x04, 0x25, 0x80, 0xdc, 0x88, 0xff, 0x88, 0xdb, 0x88, 0x03, 0x80, 0x96,
	0x00, 0x80, 0x04, 0x95, 0x84, 0xff, 0x88, 0xff, 0x88, 0x4b, 0x84, 0x01, 0x80, 0xff, 0x00, 0x80, 0xff, 0x00, 0x80, 0x9e,
	0x00, 0x80, 0x04, 0x25, 0x80, 0xdc, 0x88, 0xff, 0x88, 0xdb, 0x88, 0x03, 0x80, 0x96, 0x00, 0x80, 0x04, 0x95, 0x84, 0xff,
	0x88, 0xff, 0x88, 0x4b, 0x84, 0x01, 0x80, 0xff, 0x00, 0x80, 0xff, 0x00, 0x80, 0x9e, 0x00, 0x80, 0x04, 0x25, 0x80, 0xdc,
	0x88, 0xff, 0x88, 0xdb, 0x88, 0x03, 0x80, 0x96, 0x00, 0x80, 0x04, 0x95, 0x84, 0xff, 0x88, 0xff, 0x88, 0x4b, 0x84, 0x01,
	0x80, 0xff, 0x00, 0x80, 0xff, 0x00, 0x80, 0x9e, 0x00, 0x80, 0x04, 0x25, 0x80, 0xdc, 0x88, 0xff, 0x88, 0xdb, 0x88, 0x03,
	0x80, 0x96, 0x00, 0x80, 0x04, 0x95, 0x84, 0xff, 0x88, 0xff, 0x88, 0x4b, 0x84, 0x01, 0x80, 0xff, 0x00, 0x80, 0xff, 0x00,
	0x80, 0x9e, 0x00, 0x80, 0x04, 0x25, 0x80, 0xdc, 0x88, 0xff, 0x88, 0xdb, 0x88, 0x03, 0x80, 0x96, 0x00, 0x80, 0x04, 0x95,
	0x84, 0xff, 0x88, 0xff, 0x88, 0x4b, 0x84, 0x01, 0x80, 0xff, 0x00, 0x80, 0xff, 0x00, 0x80, 0x9e, 0x00, 0x80, 0x04, 0x25,
	0x80, 0xdc, 0x88, 0xff, 0x88, 0xdb, 0x88, 0x03, 0x80, 0x96, 0x00, 0x80, 0x04, 0x95, 0x84, 0xff, 0x88, 0xff, 0x88, 0x4b,
	0x84, 0x01, 0x80, 0xff, 0x00, 0x80, 0xff, 0x00, 0x80, 0x9e, 0x00, 0x80, 0x04, 0x25, 0x80, 0xdc, 0x88, 0xff, 0x88, 0xdb,
	0x88, 0x03, 0x80, 0x96, 0x00, 0x80, 0x04, 0x95, 0x84, 0xff, 0x88, 0xff, 0x88, 0x4b, 0x84, 0x01, 0x80, 0xff, 0x00, 0x80,
	0xff, 0x00, 0x80, 0x9e, 0x00, 0x80, 0x04, 0x25, 0x80, 0xdc, 0x88, 0xff, 0x88, 0xdb, 0x88, 0x03, 0x80, 0x96, 0x00, 0x80,
	0x04, 0x95, 0x84, 0xff, 0x88, 0xff, 0x88, 0x4b, 0x84, 0x01, 0x80, 0xff, 0x00, 0x80, 0xff, 0x00, 0x80, 0x9e, 0x00, 0x80,
	0x04, 0x25, 0x80, 0xdc, 0x88, 0xff, 0x88, 0xdb, 0x88, 0x03, 0x80, 0x96, 0x00, 0x80, 0x04, 0x95, 0x84, 0xff, 0x88, 0xff,
	0x88, 0x4b, 0x84, 0x01, 0x80, 0xff, 0x00, 0x80, 0xff, 0x00, 0x80, 0x9e, 0x00, 0x80, 0x04, 0x25, 0x80, 0xdc, 0x88, 0xff,
	0x88, 0xdb, 0x88, 0x03, 0x80, 0x96, 0x00, 0x80, 0x04, 0x95, 0x84, 0xff, 0x88, 0xff, 0x88, 0x4b, 0x84, 0x01, 0x80, 0xff,
	0x00, 0x80, 0xff, 0x00, 0x80, 0x9e, 0x00, 0x80, 0x04, 0x25, 0x80, 0xdc, 0x88, 0xff, 0x88, 0xdb, 0x88, 0x03, 0x80, 0x96,
	0x00, 0x80, 0x04, 0x95, 0x84, 0xff, 0x88, 0xff, 0x88, 0x4b, 0x84, 0x01, 0x80, 0xff, 0x00, 0x80, 0xff, 0x00, 0x80, 0x9e,
	0x00, 0x80, 0x04, 0x25, 0x80, 0xdc, 0x88, 0xff, 0x88, 0xdb, 0x88, 0x03, 0x80, 0x96, 0x00, 0x80, 0x04, 0x95, 0x84, 0xff,
	0x88, 0xff, 0x88, 0x4b, 0x84, 0x01, 0x80, 0xff, 0x00, 0x80, 0xff, 0x00, 0x80, 0x9e, 0x00, 0x80, 0x04, 0x25, 0x80, 0xdc,
	0x88, 0xff, 0x88, 0xdb, 0x88, 0x03, 0x80, 0x96, 0x00, 0x80, 0x04, 0x95, 0x84, 0xff, 0x88, 0xff, 0x88, 0x4b, 0x84, 0x01,
	0x80, 0xff, 0x00, 0x80, 0xff, 0x00, 0x80, 0x9e, 0x00, 0x80, 0x04, 0x25, 0x80, 0xdc, 0x88, 0xff, 0x88, 0xdb, 0x88, 0x03,
	0x80, 0x96, 0x00, 0x80, 0x04, 0x95, 0x84, 0xff, 0x88, 0xff, 0x88, 0x4b, 0x84, 0x01, 0x80, 0xff, 0x00, 0x80, 0xff, 0x00,
	0x80, 0x9e, 0x00, 0x80, 0x04, 0x25, 0x80, 0xdc, 0x88, 0xff, 0x88, 0xdb, 0x88, 0x03, 0x80, 0x96, 0x00, 0x80, 0x04, 0x95,
	0x84, 0xff, 0x88, 0xff, 0x88, 0x4b, 0x84, 0x01, 0x80, 0xff, 0x00, 0x80, 0xff, 0x00, 0x80, 0x9e, 0x00, 0x80, 0x04, 0x25,
	0x80, 0xdc, 0x88, 0xff, 0x88, 0xdb, 0x88, 0x03, 0x80, 0x96, 0x00, 0x80, 0x04, 0x95, 0x84, 0xff, 0x88, 0xff, 0x88, 0x4b,
	0x84, 0x01, 0x80, 0xff, 0x00, 0x80, 0xff, 0x00, 0x80, 0x9e, 0x00, 0x80, 0x04, 0x25, 0x80, 0xdc, 0x88, 0xff, 0x88, 0xdb,
	0x88, 0x03, 0x80, 0x96, 0x00, 0x80, 0x04, 0x95, 0x84, 0xff, 0x88, 0xff, 0x88, 0x4b, 0x84, 0x01, 0x80, 0xff, 0x00, 0x80,
	0xff, 0x00, 0x80, 0x9e, 0x00, 0x80, 0x04, 0x25, 0x80, 0xdc, 0x88, 0xff, 0x88, 0xdb, 0x88, 0x03, 0x80, 0x96, 0x00, 0x80,
	0x04, 0x95, 0x84, 0xff, 0x88, 0xff, 0x88, 0x4b, 0x84, 0x01, 0x80, 0xff, 0x00, 0x80, 0xff, 0x00, 0x80, 0x9e, 0x00, 0x80,
	0x04, 0x25, 0x80, 0xdc, 0x88, 0xff, 0x88, 0xdb, 0x88, 0x03, 0x80, 0x96, 0x00, 0x80, 0x04, 0x95, 0x84, 0xff, 0x88, 0xff,
	0x88, 0x4b, 0x84, 0x01, 0x80, 0xff, 0x00, 0x80, 0xff, 0x00, 0x80, 0x9e, 0x00, 0x80, 0x04, 0x25, 0x80, 0xdc, 0x88, 0xff,
	0x88, 0xdb, 0x88, 0x03, 0x80, 0x96, 0x00, 0x80, 0x04, 0x95, 0x84, 0xff, 0x88, 0xff, 0x88, 0x4b, 0x84, 0x01, 0x80, 0xff,
	0x00, 0x80, 0xff, 0x00, 0x80, 0x9e, 0x00, 0x80, 0x04, 0x25, 0x80, 0xdc, 0x88, 0xff, 0x88, 0xdb, 0x88, 0x03, 0x80, 0x96,
	0x00, 0x80, 0x04, 0x95, 0x84, 0xff, 0x88, 0xff, 0x88, 0x4b, 0x84, 0x01, 0x80, 0xff, 0x00, 0x80, 0xff, 0x00, 0x80, 0x9e,
	0x00, 0x80, 0x04, 0x25, 0x80, 0xdc, 0x88, 0xff, 0x88, 0xdb, 0x88, 0x03, 0x80, 0x96, 0x00, 0x80, 0x04, 0x95, 0x84, 0xff,
	0x88, 0xff, 0x88, 0x4b, 0x84, 0x01, 0x80, 0xff, 0x00, 0x80, 0xff, 0x00, 0x80, 0x9e, 0x00, 0x80, 0x04, 0x25, 0x80, 0xdc,
	0x88, 0xff, 0x88, 0xdb, 0x88, 0x03, 0x80, 0x96, 0x00, 0x80, 0x04, 0x95, 0x84, 0xff, 0x88, 0xff, 0x88, 0x4b, 0x84, 0x01,
	0x80, 0xff, 0x00, 0x80, 0xff, 0x00, 0x80, 0x9e, 0x00, 0x80, 0x04, 0x25, 0x80, 0xdc, 0x88, 0xff, 0x88, 0xdb, 0x88, 0x03,
	0x80, 0x96, 0x00, 0x80, 0x04, 0x95, 0x84, 0xff, 0x88, 0xff, 0x88, 0x4b, 0x84, 0x01, 0x80, 0xff, 0x00, 0x80, 0xff, 0x00,
	0x80, 0x9e, 0x00, 0x80, 0x04, 0x25, 0x80, 0xdc, 0x88, 0xff, 0x88, 0xdb, 0x88, 0x03, 0x80, 0x96, 0x00, 0x80, 0x04, 0x95,
	0x84, 0xff, 0x88, 0xff, 0x88, 0x4b, 0x84, 0x01, 0x80, 0xff, 0x00, 0x80, 0xff, 0x00, 0x80, 0x9e, 0x00, 0x80, 0x04, 0x25,
	0x80, 0xdc, 0x88, 0xff, 0x88, 0xdb, 0x88, 0x03, 0x80, 0x96, 0x00, 0x80, 0x04, 0x95, 0x84, 0xff, 0x88, 0xff, 0x88, 0x4b,
	0x84, 0x01, 0x80, 0xff, 0x00, 0x80, 0xff, 0x00, 0x80, 0x9e, 0x00, 0x80, 0x04, 0x25, 0x80, 0xdc, 0x88, 0xff, 0x88, 0xdb,
	0x88, 0x03, 0x80, 0x96, 0x00, 0x80, 0x04, 0x95, 0x84, 0xff, 0x88, 0xff, 0x88, 0x4b, 0x84, 0x01, 0x80, 0xff, 0x00, 0x80,
	0xff, 0x00, 0x80, 0x9e, 0x00, 0x80, 0x04, 0x25, 0x80, 0xdc, 0x88, 0xff, 0x88, 0xdb, 0x88, 0x03, 0x80, 0x96, 0x00, 0x80,
	0x04, 0x95, 0x84, 0xff, 0x88, 0xff, 0x88, 0x4b, 0x84, 0x01, 0x80, 0xff, 0x00, 0x80, 0xff, 0x00, 0x80, 0x9e, 0x00, 0x80,
	0x04, 0x25, 0x80, 0xdc, 0x88, 0xff, 0x88, 0xdb, 0x88, 0x03, 0x80, 0x96, 0x00, 0x80, 0x04, 0x95, 0x84, 0xff, 0x88, 0xff,
	0x88, 0x4b, 0x84, 0x01, 0x80, 0xff, 0x00, 0x80, 0xff, 0x00, 0x80, 0x9e, 0x00, 0x80, 0x04, 0x25, 0x80, 0xdc, 0x88, 0xff,
	0x88, 0xdb, 0x88, 0x03, 0x80, 0x96, 0x00, 0x80, 0x04, 0x95, 0x84, 0xff, 0x88, 0xff, 0x88, 0x4b, 0x84, 0x01, 0x80, 0xff,
	0x00, 0x80, 0xff, 0x00, 0x80, 0x9e, 0x00, 0x80, 0x04, 0x25, 0x80, 0xdc, 0x88, 0xff, 0x88, 0xdb, 0x88, 0x03, 0x80, 0x96,
	0x00, 0x80, 0x03, 0x95, 0x84, 0xff, 0x88, 0xff, 0x88, 0x4b, 0x84, 0xff, 0x00, 0x80, 0xff, 0x00, 0x80, 0x9f, 0x00, 0x80,
	0x04, 0x24, 0x80, 0xdc, 0x88, 0xff, 0x88, 0xdb, 0x88, 0x03, 0x80, 0x96, 0x00, 0x80, 0x03, 0x95, 0x84, 0xff, 0x88, 0xff,
	0x88, 0x91, 0x84, 0xff, 0x00, 0x80, 0xff, 0x00, 0x80, 0x9f, 0x00, 0x80, 0x04, 0x6d, 0x84, 0xdd, 0x88, 0xff, 0x88, 0xdb,
	0x88, 0x03, 0x80, 0x96, 0x00, 0x80, 0x03, 0x93, 0x84, 0xfe, 0x88, 0xff, 0x88, 0xdc, 0x88, 0xff, 0x92, 0x84, 0xff, 0x92,
	0x84, 0x9f, 0x92, 0x84, 0x04, 0xdb, 0x88, 0xff, 0x88, 0xff, 0x88, 0xb9, 0x88, 0x03, 0x80, 0x96, 0x00, 0x80, 0x01, 0x48,
	0x84, 0xb6, 0x84, 0xff, 0xff, 0x88, 0xff, 0xff, 0x88, 0xa3, 0xff, 0x88, 0x02, 0xdb, 0x88, 0x4b, 0x84, 0x01, 0x80, 0x97,
	0x00, 0x80, 0x02, 0x4b, 0x84, 0xb5, 0x84, 0xb6, 0x84, 0xff, 0xff, 0x88, 0xff, 0xff, 0x88, 0x9f, 0xff, 0x88, 0x02, 0xb6,
	0x84, 0xb6, 0x84, 0x70, 0x84, 0x99, 0x00, 0x80, 0x02, 0x02, 0x80, 0x25, 0x80, 0x25, 0x80, 0xff, 0x6e, 0x84, 0xff, 0x6e,
	0x84, 0x9f, 0x6e, 0x84, 0x02, 0x25, 0x80, 0x25, 0x80, 0x24, 0x80, 0x9c, 0x00, 0x80, 0xff, 0x01, 0x80, 0xff, 0x01, 0x80,
	0x9f, 0x01, 0x80, 0xff, 0x00, 0x80, 0xff, 0x00, 0x80, 0xff, 0x00, 0x80, 0xff, 0x00, 0x80, 0xff, 0x00, 0x80, 0xff, 0x00,
	0x80, 0xff, 0x00, 0x80, 0xff, 0x00, 0x80, 0xff, 0x00, 0x80, 0xff, 0x00, 0x80, 0xff, 0x00, 0x80, 0xff, 0x00, 0x80, 0xff,
	0x00, 0x80, 0xff, 0x00, 0x80, 0xff, 0x00, 0x80, 0xff, 0x00, 0x80, 0xff, 0x00, 0x80, 0xff, 0x00, 0x80, 0xff, 0x00, 0x80,
	0xff, 0x00, 0x80, 0xff, 0x00, 0x80, 0xff, 0x00, 0x80, 0xff, 0x00, 0x80, 0xff, 0x00, 0x80, 0xff, 0x00, 0x80, 0xff, 0x00,
	0x80, 0xff, 0x00, 0x80, 0xff, 0x00, 0x80, 0xff, 0x00, 0x80, 0xff, 0x00, 0x80, 0xff, 0x00, 0x80, 0xff, 0x00, 0x80, 0xff,
	0x00, 0x80, 0xff, 0x00, 0x80, 0xff, 0x00, 0x80, 0xff, 0x00, 0x80, 0xff, 0x00, 0x80, 0xff, 0x00, 0x80, 0xff, 0x00, 0x80,
	0xff, 0x00, 0x80, 0xff, 0x00, 0x80, 0xff, 0x00, 0x80, 0xcf, 0x00, 0x80,
};

constexpr unsigned BottomFaceNormalWidth = 36;
constexpr unsigned BottomFaceNormalHeight = 44;
constexpr unsigned BottomFaceNormalPixelCount = 1584;
constexpr uint8_t BottomFaceNormalData[] = {
	0x86, 0x00, 0x00, 0x01, 0x20, 0xb6, 0x20, 0xb6, 0x91, 0xa0, 0xd7, 0x83, 0x20, 0xb6, 0x8b, 0x00, 0x00, 0x01, 0x20, 0xb6,
	0x20, 0xb6, 0x91, 0xa0, 0xd7, 0x83, 0x20, 0xb6, 0x89, 0x00, 0x00, 0x01, 0x20, 0xb6, 0x20, 0xb6, 0x97, 0xa0, 0xd7, 0x01,
	0x20, 0xb6, 0x20, 0xb6, 0x85, 0x00, 0x00, 0x01, 0x20, 0xb6, 0x20, 0xb6, 0x99, 0xa0, 0xd7, 0x82, 0x20, 0xb6, 0x84, 0x00,
	0x00, 0x01, 0x20, 0xb6, 0x20, 0xb6, 0x99, 0xa0, 0xd7, 0x82, 0x20, 0xb6, 0x84, 0x00, 0x00, 0x01, 0x20, 0xb6, 0x20, 0xb6,
	0x9b, 0xa0, 0xd7, 0x82, 0x20, 0xb6, 0x02, 0x00, 0x00, 0x20, 0xb6, 0x20, 0xb6, 0x82, 0xa0, 0xd7, 0x98, 0x20, 0xb6, 0x82,
	0xa0, 0xd7, 0x04, 0x20, 0xb6, 0x20, 0xb6, 0x00, 0x00, 0x20, 0xb6, 0x20, 0xb6, 0x82, 0xa0, 0xd7, 0x98, 0x20, 0xb6, 0x82,
	0xa0, 0xd7, 0x0e, 0x20, 0xb6, 0x20, 0xb6, 0x00, 0x00, 0x20, 0xb6, 0x20, 0xb6, 0xa0, 0xd7, 0xa0, 0xd7, 0x20, 0xb6, 0xe3,
	0xa8, 0x04, 0xad, 0x04, 0xad, 0x66, 0xc5, 0xe3, 0xa8, 0xe3, 0xa8, 0x87, 0xcd, 0x83, 0x04, 0xb5, 0x0d, 0x66, 0xc5, 0x04,
	0xb5, 0x04, 0xb5, 0xc3, 0xa4, 0x04, 0xb5, 0x04, 0xb5, 0xc3, 0xa4, 0xa2, 0x9c, 0xa2, 0x9c, 0x04, 0xad, 0x81, 0x94, 0xa2,
	0x98, 0xa2, 0x98, 0x20, 0xb6, 0x82, 0xa0, 0xd7, 0x02, 0x20, 0xb6, 0x20, 0xb6, 0x00, 0x00, 0x84, 0x20, 0xb6, 0x82, 0x25,
	0xb9, 0x07, 0xe3, 0xa8, 0x66, 0xc5, 0x66, 0xc5, 0xe3, 0xa8, 0x04, 0xb5, 0x04, 0xb5, 0x25, 0xb9, 0x25, 0xb9, 0x82, 0x04,
	0xb5, 0x83, 0x66, 0xc5, 0x82, 0x46, 0xc1, 0x02, 0x04, 0xb5, 0xc3, 0xa4, 0xc3, 0xa4, 0x85, 0x20, 0xb6, 0x00, 0x00, 0x00,
	0x84, 0x20, 0xb6, 0x82, 0x25, 0xb9, 0x07, 0xe3, 0xa8, 0x66, 0xc5, 0x66, 0xc5, 0xe3, 0xa8, 0x04, 0xb5, 0x04, 0xb5, 0x25,
	0xb9, 0x25, 0xb9, 0x82, 0x04, 0xb5, 0x83, 0x66, 0xc5, 0x82, 0x46, 0xc1, 0x02, 0x04, 0xb5, 0xc3, 0xa4, 0xc3, 0xa4, 0x85,
	0x20, 0xb6, 0x17, 0x00, 0x00, 0x20, 0xb6, 0x20, 0xb6, 0xc3, 0xa4, 0xc3, 0xa4, 0xe3, 0xa8, 0x25, 0xb9, 0x66, 0xc5, 0x66,
	0xc5, 0x25, 0xb9, 0xe3, 0xa8, 0xe3, 0xa8, 0xa7, 0xd1, 0xe3, 0xa8, 0xe3, 0xa8, 0x25, 0xb9, 0x25, 0xb9, 0x66, 0xc5, 0xa7,
	0xd1, 0xa7, 0xd1, 0xc8, 0xd9, 0x87, 0xcd, 0x87, 0xcd, 0xa7, 0xd1, 0x83, 0x66, 0xc5, 0x01, 0x04, 0xb5, 0x04, 0xb5, 0x82,
	0xc3, 0xa4, 0x0c, 0x81, 0x94, 0x20, 0xb6, 0x20, 0xb6, 0x00, 0x00, 0x81, 0x94, 0x81, 0x94, 0xc3, 0xa4, 0xc3, 0xa4, 0x04,
	0xad, 0x66, 0xc5, 0xa8, 0xd5, 0xa8, 0xd5, 0xc8, 0xd9, 0x82, 0xa7, 0xd1, 0x89, 0xc8, 0xd9, 0x82, 0xa7, 0xd1, 0x13, 0xc8,
	0xd9, 0xa8, 0xd5, 0x66, 0xc5, 0x66, 0xc5, 0xe3, 0xa8, 0xc3, 0xa4, 0xc3, 0xa4, 0x81, 0x94, 0x20, 0xb6, 0x20, 0xb6, 0x00,
	0x00, 0x81, 0x94, 0x81, 0x94, 0xc3, 0xa4, 0xc3, 0xa4, 0x04, 0xad, 0x66, 0xc5, 0xa8, 0xd5, 0xa8, 0xd5, 0xc8, 0xd9, 0x82,
	0xa7, 0xd1, 0x89, 0xc8, 0xd9, 0x82, 0xa7, 0xd1, 0x12, 0xc8, 0xd9, 0xa8, 0xd5, 0x66, 0xc5, 0x66, 0xc5, 0xe3, 0xa8, 0xc3,
	0xa4, 0xc3, 0xa4, 0x81, 0x94, 0x20, 0xb6, 0x20, 0xb6, 0x00, 0x00, 0x81, 0x94, 0x81, 0x94, 0xc3, 0xa4, 0xc3, 0xa4, 0x25,
	0xb9, 0x87, 0xcd, 0x0a, 0xe6, 0x0a, 0xe6, 0x82, 0xe9, 0xe5, 0x02, 0xc8, 0xd9, 0xa7, 0xd1, 0xa7, 0xd1, 0x85, 0xa8, 0xd5,
	0x02, 0xa7, 0xd1, 0xa7, 0xd1, 0xc8, 0xd9, 0x82, 0xe9, 0xe5, 0x19, 0x0a, 0xe6, 0x87, 0xcd, 0x87, 0xcd, 0x04, 0xad, 0xc3,
	0xa4, 0xc3, 0xa4, 0x81, 0x94, 0x20, 0xb6, 0x20, 0xb6, 0x00, 0x00, 0x81, 0x94, 0x81, 0x94, 0xc3, 0xa4, 0xc3, 0xa4, 0x25,
	0xb9, 0x87, 0xcd, 0x0a, 0xe6, 0x0a, 0xe6, 0x8e, 0xf6, 0x6d, 0xf2, 0x6d, 0xf2, 0x0a, 0xe6, 0xe9, 0xdd, 0xe9, 0xdd, 0xa7,
	0xd1, 0xa7, 0xd1, 0x82, 0x66, 0xc5, 0x20, 0xa7, 0xd1, 0xe9, 0xdd, 0xe9, 0xdd, 0x0a, 0xe6, 0x6d, 0xf2, 0x6d, 0xf2, 0x8e,
	0xf6, 0x0a, 0xe6, 0x87, 0xcd, 0x87, 0xcd, 0x25, 0xb9, 0xc3, 0xa4, 0xc3, 0xa4, 0x81, 0x94, 0x20, 0xb6, 0x20, 0xb6, 0x00,
	0x00, 0x81, 0x94, 0x81, 0x94, 0xc3, 0xa4, 0xc3, 0xa4, 0x25, 0xb9, 0x87, 0xcd, 0x0a, 0xe6, 0x0a, 0xe6, 0x8e, 0xf6, 0x6d,
	0xf2, 0x6d, 0xf2, 0x0a, 0xe6, 0xe9, 0xdd, 0xe9, 0xdd, 0xa7, 0xd1, 0xa7, 0xd1, 0x82, 0x66, 0xc5, 0x18, 0xa7, 0xd1, 0xe9,
	0xdd, 0xe9, 0xdd, 0x0a, 0xe6, 0x6d, 0xf2, 0x6d, 0xf2, 0x8e, 0xf6, 0x0a, 0xe6, 0x87, 0xcd, 0x87, 0xcd, 0x25, 0xb9, 0xc3,
	0xa4, 0xc3, 0xa4, 0x81, 0x94, 0x20, 0xb6, 0x20, 0xb6, 0x00, 0x00, 0x81, 0x94, 0x81, 0x94, 0xc3, 0xa4, 0xc3, 0xa4, 0x25,
	0xb9, 0xc8, 0xd9, 0x6d, 0xf2, 0x6d, 0xf2, 0x82, 0xf2, 0xfe, 0x82, 0x6d, 0xf2, 0x01, 0x0a, 0xe6, 0x0a, 0xe6, 0x82, 0x2b,
	0xea, 0x00, 0x0a, 0xe6, 0x82, 0x6d, 0xf2, 0x11, 0x87, 0xcd, 0x87, 0xcd, 0xe3, 0xa8, 0x00, 0x80, 0xa2, 0x9c, 0xa2, 0x9c,
	0x25, 0xb9, 0xc3, 0xa4, 0xc3, 0xa4, 0x81, 0x94, 0x20, 0xb6, 0x20, 0xb6, 0xc8, 0xd9, 0x04, 0xb5, 0x04, 0xb5, 0xc3, 0xa4,
	0xc3, 0xa4, 0x25, 0xb9, 0x82, 0xa2, 0x9c, 0x07, 0xe3, 0xa8, 0xa7, 0xd1, 0xa7, 0xd1, 0x4c, 0xee, 0xf2, 0xfe, 0xf2, 0xfe,
	0xe9, 0xdd, 0xe9, 0xdd, 0x82, 0xaf, 0xfa, 0x0d, 0xe9, 0xdd, 0xf2, 0xfe, 0xf2, 0xfe, 0x87, 0xcd, 0x00, 0x80, 0x00, 0x80,
	0xa2, 0x9c, 0x25, 0xb9, 0x46, 0xc1, 0x46, 0xc1, 0x25, 0xb9, 0xc3, 0xa4, 0xc3, 0xa4, 0x04, 0xb5, 0x82, 0xc8, 0xd9, 0x04,
	0x04, 0xb5, 0x04, 0xb5, 0xc3, 0xa4, 0xc3, 0xa4, 0x25, 0xb9, 0x82, 0xa2, 0x9c, 0x07, 0xe3, 0xa8, 0xa7, 0xd1, 0xa7, 0xd1,
	0x4c, 0xee, 0xf2, 0xfe, 0xf2, 0xfe, 0xe9, 0xdd, 0xe9, 0xdd, 0x82, 0xaf, 0xfa, 0x0d, 0xe9, 0xdd, 0xf2, 0xfe, 0xf2, 0xfe,
	0x87, 0xcd, 0x00, 0x80, 0x00, 0x80, 0xa2, 0x9c, 0x25, 0xb9, 0x46, 0xc1, 0x46, 0xc1, 0x25, 0xb9, 0xc3, 0xa4, 0xc3, 0xa4,
	0x04, 0xb5, 0x82, 0xc8, 0xd9, 0x07, 0x04, 0xb5, 0x04, 0xb5, 0xc4, 0xa0, 0xc4, 0xa0, 0xc8, 0xd9, 0x46, 0xc1, 0x04, 0xad,
	0x04, 0xad, 0x83, 0xa2, 0x9c, 0x03, 0x00, 0x80, 0x00, 0x80, 0x04, 0xad, 0x04, 0xad, 0x82, 0xa8, 0xd5, 0x00, 0x04, 0xad,
	0x84, 0x00, 0x80, 0x15, 0xa2, 0x9c, 0x04, 0xad, 0xc8, 0xd9, 0xc8, 0xd9, 0x66, 0xc5, 0xc4, 0xa0, 0xc4, 0xa0, 0x04, 0xb5,
	0xc8, 0xd9, 0xc8, 0xd9, 0x66, 0xc5, 0x04, 0xb5, 0x04, 0xb5, 0x46, 0xb1, 0x46, 0xb1, 0xc8, 0xd9, 0x25, 0xb9, 0xef, 0xbd,
	0xef, 0xbd, 0x73, 0xce, 0xad, 0xb5, 0xad, 0xb5, 0x82, 0x00, 0x80, 0x01, 0xc3, 0xa4, 0xc3, 0xa4, 0x82, 0xe3, 0xa8, 0x0d,
	0xc3, 0xa4, 0x00, 0x80, 0x00, 0x80, 0x4a, 0xa9, 0x73, 0xce, 0x73, 0xce, 0xad, 0xb5, 0x00, 0x80, 0x25, 0xb9, 0x25, 0xb9,
	0xc8, 0xd9, 0x46, 0xb1, 0x46, 0xb1, 0x04, 0xb5, 0x82, 0x66, 0xc5, 0x0a, 0x04, 0xb5, 0x04, 0xb5, 0x46, 0xb1, 0x46, 0xb1,
	0xc8, 0xd9, 0x25, 0xb9, 0xef, 0xbd, 0xef, 0xbd, 0x73, 0xce, 0xad, 0xb5, 0xad, 0xb5, 0x82, 0x00, 0x80, 0x01, 0xc3, 0xa4,
	0xc3, 0xa4, 0x82, 0xe3, 0xa8, 0x20, 0xc3, 0xa4, 0x00, 0x80, 0x00, 0x80, 0x4a, 0xa9, 0x73, 0xce, 0x73, 0xce, 0xad, 0xb5,
	0x00, 0x80, 0x25, 0xb9, 0x25, 0xb9, 0xc8, 0xd9, 0x46, 0xb1, 0x46, 0xb1, 0x04, 0xb5, 0x66, 0xc5, 0x66, 0xc5, 0x04, 0xb5,
	0x04, 0xad, 0x04, 0xad, 0x46, 0xc1, 0x46, 0xc1, 0xc8, 0xd9, 0x66, 0xc5, 0xa8, 0xd5, 0xa8, 0xd5, 0x8e, 0xf6, 0xa8, 0xd5,
	0xa8, 0xd5, 0x04, 0xb5, 0x04, 0xad, 0x04, 0xad, 0x66, 0xc5, 0x66, 0xc5, 0x82, 0x0a, 0xe6, 0x20, 0x66, 0xc5, 0x04, 0xad,
	0x04, 0xad, 0x04, 0xb5, 0xa8, 0xd5, 0xa8, 0xd5, 0x8e, 0xf6, 0xa8, 0xd5, 0x66, 0xc5, 0x66, 0xc5, 0xc8, 0xd9, 0x46, 0xc1,
	0x46, 0xc1, 0x04, 0xad, 0x04, 0xb5, 0x04, 0xb5, 0x46, 0xc1, 0x04, 0xad, 0x04, 0xad, 0x46, 0xc1, 0x46, 0xc1, 0x2b, 0xea,
	0x2b, 0xea, 0xe9, 0xdd, 0xe9, 0xdd, 0xa8, 0xd5, 0x66, 0xc5, 0x66, 0xc5, 0xa8, 0xd5, 0x0a, 0xe6, 0x0a, 0xe6, 0xa8, 0xd5,
	0xa8, 0xd5, 0x82, 0xaf, 0xfa, 0x07, 0xa8, 0xd5, 0x0a, 0xe6, 0x0a, 0xe6, 0xa8, 0xd5, 0x66, 0xc5, 0x66, 0xc5, 0xa8, 0xd5,
	0xe9, 0xdd, 0x82, 0x2b, 0xea, 0x02, 0x46, 0xc1, 0x46, 0xc1, 0x04, 0xad, 0x82, 0x46, 0xc1, 0x0f, 0x04, 0xad, 0x04, 0xad,
	0x46, 0xc1, 0x46, 0xc1, 0x2b, 0xea, 0x2b, 0xea, 0xe9, 0xdd, 0xe9, 0xdd, 0xa8, 0xd5, 0x66, 0xc5, 0x66, 0xc5, 0xa8, 0xd5,
	0x0a, 0xe6, 0x0a, 0xe6, 0xa8, 0xd5, 0xa8, 0xd5, 0x82, 0xaf, 0xfa, 0x07, 0xa8, 0xd5, 0x0a, 0xe6, 0x0a, 0xe6, 0xa8, 0xd5,
	0x66, 0xc5, 0x66, 0xc5, 0xa8, 0xd5, 0xe9, 0xdd, 0x82, 0x2b, 0xea, 0x15, 0x46, 0xc1, 0x46, 0xc1, 0x04, 0xad, 0x46, 0xc1,
	0x46, 0xc1, 0x66, 0xc5, 0x04, 0xad, 0x04, 0xad, 0x66, 0xc5, 0x66, 0xc5, 0x0a, 0xe6, 0x4c, 0xee, 0x8e, 0xf6, 0x8e, 0xf6,
	0x4c, 0xee, 0xe9, 0xe5, 0xe9, 0xe5, 0x6d, 0xf2, 0xf2, 0xfe, 0xf2, 0xfe, 0x6d, 0xf2, 0x6d, 0xf2, 0x82, 0xf2, 0xfe, 0x68,
	0x6d, 0xf2, 0xf2, 0xfe, 0xf2, 0xfe, 0x6d, 0xf2, 0xe9, 0xe5, 0xe9, 0xe5, 0x4c, 0xee, 0x8e, 0xf6, 0x4c, 0xee, 0x4c, 0xee,
	0x0a, 0xe6, 0x66, 0xc5, 0x66, 0xc5, 0x04, 0xad, 0x66, 0xc5, 0x66, 0xc5, 0x00, 0x00, 0x04, 0xad, 0x04, 0xad, 0x46, 0xc1,
	0x46, 0xc1, 0xa7, 0xd1, 0xa8, 0xd5, 0xe9, 0xdd, 0xe9, 0xdd, 0x2b, 0xea, 0x8e, 0xf6, 0x8e, 0xf6, 0xd0, 0xfe, 0x4c, 0xee,
	0x4c, 0xee, 0x2b, 0xea, 0x2b, 0xea, 0xcf, 0xfe, 0x57, 0xff, 0x57, 0xff, 0x2b, 0xea, 0x4c, 0xee, 0x4c, 0xee, 0xd0, 0xfe,
	0x8e, 0xf6, 0x8e, 0xf6, 0x2b, 0xea, 0xe9, 0xdd, 0xa8, 0xd5, 0xa8, 0xd5, 0xa7, 0xd1, 0x46, 0xc1, 0x46, 0xc1, 0x04, 0xad,
	0x20, 0xb6, 0x20, 0xb6, 0x00, 0x00, 0x04, 0xad, 0x04, 0xad, 0x46, 0xc1, 0x46, 0xc1, 0xa7, 0xd1, 0xa8, 0xd5, 0xe9, 0xdd,
	0xe9, 0xdd, 0x2b, 0xea, 0x8e, 0xf6, 0x8e, 0xf6, 0xd0, 0xfe, 0x4c, 0xee, 0x4c, 0xee, 0x2b, 0xea, 0x2b, 0xea, 0xcf, 0xfe,
	0x57, 0xff, 0x57, 0xff, 0x2b, 0xea, 0x4c, 0xee, 0x4c, 0xee, 0xd0, 0xfe, 0x8e, 0xf6, 0x8e, 0xf6, 0x2b, 0xea, 0xe9, 0xdd,
	0xa8, 0xd5, 0xa8, 0xd5, 0xa7, 0xd1, 0x46, 0xc1, 0x46, 0xc1, 0x04, 0xad, 0x20, 0xb6, 0x20, 0xb6, 0x00, 0x00, 0x04, 0xad,
	0x04, 0xad, 0x25, 0xb9, 0x25, 0xb9, 0x87, 0xcd, 0xa7, 0xd1, 0xe9, 0xdd, 0xe9, 0xdd, 0x8e, 0xf6, 0xf3, 0xfe, 0xf3, 0xfe,
	0x2b, 0xea, 0xa8, 0xd5, 0xa8, 0xd5, 0x87, 0xcd, 0x87, 0xcd, 0x82, 0x0c, 0xce, 0x0f, 0x87, 0xcd, 0xa8, 0xd5, 0xa8, 0xd5,
	0x2b, 0xea, 0xf3, 0xfe, 0xf3, 0xfe, 0x8e, 0xf6, 0xe9, 0xdd, 0xa7, 0xd1, 0xa7, 0xd1, 0x87, 0xcd, 0x25, 0xb9, 0x25, 0xb9,
	0x04, 0xad, 0x20, 0xb6, 0x20, 0xb6, 0x82, 0x00, 0x00, 0x0d, 0x25, 0xb9, 0x25, 0xb9, 0xc8, 0xd9, 0x87, 0xcd, 0x2b, 0xea,
	0x2b, 0xea, 0xf2, 0xfe, 0x6d, 0xf2, 0x6d, 0xf2, 0xa7, 0xd1, 0xe3, 0xa8, 0xe3, 0xa8, 0x25, 0xb9, 0x25, 0xb9, 0x82, 0x46,
	0xc1, 0x0c, 0x25, 0xb9, 0xe3, 0xa8, 0xe3, 0xa8, 0xa7, 0xd1, 0x6d, 0xf2, 0x6d, 0xf2, 0xf2, 0xfe, 0x2b, 0xea, 0x87, 0xcd,
	0x87, 0xcd, 0xc8, 0xd9, 0x25, 0xb9, 0x25, 0xb9, 0x82, 0x20, 0xb6, 0x82, 0x00, 0x00, 0x0d, 0x25, 0xb9, 0x25, 0xb9, 0xc8,
	0xd9, 0x87, 0xcd, 0x2b, 0xea, 0x2b, 0xea, 0xf2, 0xfe, 0x6d, 0xf2, 0x6d, 0xf2, 0xa7, 0xd1, 0xe3, 0xa8, 0xe3, 0xa8, 0x25,
	0xb9, 0x25, 0xb9, 0x82, 0x46, 0xc1, 0x0c, 0x25, 0xb9, 0xe3, 0xa8, 0xe3, 0xa8, 0xa7, 0xd1, 0x6d, 0xf2, 0x6d, 0xf2, 0xf2,
	0xfe, 0x2b, 0xea, 0x87, 0xcd, 0x87, 0xcd, 0xc8, 0xd9, 0x25, 0xb9, 0x25, 0xb9, 0x82, 0x20, 0xb6, 0x82, 0x00, 0x00, 0x0d,
	0x04, 0xad, 0x04, 0xad, 0xe9, 0xe5, 0x87, 0xcd, 0x6d, 0xf2, 0x6d, 0xf2, 0xaf, 0xfa, 0xe9, 0xdd, 0xe9, 0xdd, 0x0a, 0xe6,
	0x4c, 0xee, 0x4c, 0xee, 0xe9, 0xdd, 0xe9, 0xdd, 0x82, 0xa7, 0xd1, 0x0d, 0xe9, 0xdd, 0x4c, 0xee, 0x4c, 0xee, 0x0a, 0xe6,
	0xe9, 0xdd, 0xe9, 0xdd, 0xaf, 0xfa, 0x6d, 0xf2, 0x87, 0xcd, 0x87, 0xcd, 0xe9, 0xe5, 0x04, 0xad, 0x04, 0xad, 0x20, 0xb6,
	0x84, 0x00, 0x00, 0x0d, 0xe3, 0xa8, 0xe3, 0xa8, 0xa8, 0xd5, 0xa7, 0xd1, 0x2b, 0xea, 0x2b, 0xea, 0x6d, 0xf2, 0x0a, 0xe6,
	0x0a, 0xe6, 0x2b, 0xea, 0xaf, 0xfa, 0xaf, 0xfa, 0xf3, 0xfe, 0xf3, 0xfe, 0x82, 0x2b, 0xea, 0x0c, 0xf3, 0xfe, 0xaf, 0xfa,
	0xaf, 0xfa, 0x2b, 0xea, 0x0a, 0xe6, 0x0a, 0xe6, 0x6d, 0xf2, 0x2b, 0xea, 0xa7, 0xd1, 0xa7, 0xd1, 0xa8, 0xd5, 0xe3, 0xa8,
	0xe3, 0xa8, 0x85, 0x00, 0x00, 0x0d, 0xe3, 0xa8, 0xe3, 0xa8, 0xa8, 0xd5, 0xa7, 0xd1, 0x2b, 0xea, 0x2b, 0xea, 0x6d, 0xf2,
	0x0a, 0xe6, 0x0a, 0xe6, 0x2b, 0xea, 0xaf, 0xfa, 0xaf, 0xfa, 0xf3, 0xfe, 0xf3, 0xfe, 0x82, 0x2b, 0xea, 0x0c, 0xf3, 0xfe,
	0xaf, 0xfa, 0xaf, 0xfa, 0x2b, 0xea, 0x0a, 0xe6, 0x0a, 0xe6, 0x6d, 0xf2, 0x2b, 0xea, 0xa7, 0xd1, 0xa7, 0xd1, 0xa8, 0xd5,
	0xe3, 0xa8, 0xe3, 0xa8, 0x87, 0x00, 0x00, 0x07, 0x46, 0xc1, 0xa8, 0xd5, 0xe9, 0xe5, 0xe9, 0xe5, 0x2b, 0xea, 0x66, 0xc5,
	0x66, 0xc5, 0x25, 0xb9, 0x89, 0x62, 0xcd, 0x07, 0x25, 0xb9, 0x66, 0xc5, 0x66, 0xc5, 0x2b, 0xea, 0xe9, 0xe5, 0xa8, 0xd5,
	0xa8, 0xd5, 0x46, 0xc1, 0x89, 0x00, 0x00, 0x03, 0xe3, 0xa8, 0x66, 0xc5, 0xc8, 0xd9, 0xc8, 0xd9, 0x83, 0xe9, 0xe5, 0x03,
	0x2b, 0xea, 0x2b, 0xea, 0x6d, 0xf2, 0x6d, 0xf2, 0x82, 0x8b, 0xfe, 0x02, 0x6d, 0xf2, 0x2b, 0xea, 0x2b, 0xea, 0x83, 0xe9,
	0xe5, 0x03, 0xc8, 0xd9, 0x66, 0xc5, 0x66, 0xc5, 0xe3, 0xa8, 0x89, 0x00, 0x00, 0x03, 0xe3, 0xa8, 0x66, 0xc5, 0xc8, 0xd9,
	0xc8, 0xd9, 0x83, 0xe9, 0xe5, 0x03, 0x2b, 0xea, 0x2b, 0xea, 0x6d, 0xf2, 0x6d, 0xf2, 0x82, 0x8b, 0xfe, 0x02, 0x6d, 0xf2,
	0x2b, 0xea, 0x2b, 0xea, 0x83, 0xe9, 0xe5, 0x03, 0xc8, 0xd9, 0x66, 0xc5, 0x66, 0xc5, 0xe3, 0xa8, 0x8a, 0x00, 0x00, 0x0a,
	0x04, 0xb5, 0x87, 0xcd, 0x87, 0xcd, 0x0a, 0xe6, 0x4c, 0xee, 0x4c, 0xee, 0xe9, 0xe5, 0xa8, 0xd5, 0xa8, 0xd5, 0x66, 0xc5,
	0x66, 0xc5, 0x82, 0x45, 0xbd, 0x09, 0x66, 0xc5, 0xa8, 0xd5, 0xa8, 0xd5, 0xe9, 0xe5, 0x4c, 0xee, 0x4c, 0xee, 0x0a, 0xe6,
	0x87, 0xcd, 0x04, 0xb5, 0x04, 0xb5, 0x8c, 0x00, 0x00, 0x05, 0x04, 0xb5, 0x04, 0xb5, 0xa7, 0xd1, 0x0a, 0xe6, 0x0a, 0xe6,
	0x4c, 0xee, 0x83, 0xe9, 0xe5, 0x82, 0x6d, 0xf2, 0x82, 0xe9, 0xe5, 0x04, 0x4c, 0xee, 0x0a, 0xe6, 0x0a, 0xe6, 0xa7, 0xd1,
	0x04, 0xb5, 0x8e, 0x00, 0x00, 0x05, 0x04, 0xb5, 0x04, 0xb5, 0xa7, 0xd1, 0x0a, 0xe6, 0x0a, 0xe6, 0x4c, 0xee, 0x83, 0xe9,
	0xe5, 0x82, 0x6d, 0xf2, 0x82, 0xe9, 0xe5, 0x04, 0x4c, 0xee, 0x0a, 0xe6, 0x0a, 0xe6, 0xa7, 0xd1, 0x04, 0xb5, 0x90, 0x00,
	0x00, 0x07, 0xe3, 0xa8, 0x46, 0xc1, 0x46, 0xc1, 0xc8, 0xd9, 0x2b, 0xea, 0x2b, 0xea, 0x6d, 0xf2, 0x6d, 0xf2, 0x82, 0xf3,
	0xfe, 0x06, 0x6d, 0xf2, 0x2b, 0xea, 0x2b, 0xea, 0xc8, 0xd9, 0x46, 0xc1, 0x46, 0xc1, 0xe3, 0xa8, 0x94, 0x00, 0x00, 0x02,
	0x04, 0xb5, 0x66, 0xc5, 0x66, 0xc5, 0x85, 0xa7, 0xd1, 0x02, 0x66, 0xc5, 0x66, 0xc5, 0x04, 0xb5, 0x97, 0x00, 0x00, 0x02,
	0x04, 0xb5, 0x66, 0xc5, 0x66, 0xc5, 0x85, 0xa7, 0xd1, 0x02, 0x66, 0xc5, 0x66, 0xc5, 0x04, 0xb5, 0x8b, 0x00, 0x00,
};

constexpr unsigned BottomFaceBlueWidth = 36;
constexpr unsigned BottomFaceBlueHeight = 44;
constexpr unsigned BottomFaceBluePixelCount = 1584;
constexpr uint8_t BottomFaceBlueData[] = {
	0x86, 0x00, 0x00, 0x01, 0x5f, 0xae, 0x5f, 0xae, 0x91, 0x5f, 0xe3, 0x83, 0x5f, 0xae, 0x8b, 0x00, 0x00, 0x01, 0x5f, 0xae,
	0x5f, 0xae, 0x91, 0x5f, 0xe3, 0x83, 0x5f, 0xae, 0x89, 0x00, 0x00, 0x01, 0x5f, 0xae, 0x5f, 0xae, 0x97, 0x5f, 0xe3, 0x01,
	0x5f, 0xae, 0x5f, 0xae, 0x85, 0x00, 0x00, 0x01, 0x5f, 0xae, 0x5f, 0xae, 0x99, 0x5f, 0xe3, 0x82, 0x5f, 0xae, 0x84, 0x00,
	0x00, 0x01, 0x5f, 0xae, 0x5f, 0xae, 0x99, 0x5f, 0xe3, 0x82, 0x5f, 0xae, 0x84, 0x00, 0x00, 0x01, 0x5f, 0xae, 0x5f, 0xae,
	0x9b, 0x5f, 0xe3, 0x82, 0x5f, 0xae, 0x02, 0x00, 0x00, 0x5f, 0xae, 0x5f, 0xae, 0x82, 0x5f, 0xe3, 0x98, 0x5f, 0xae, 0x82,
	0x5f, 0xe3, 0x04, 0x5f, 0xae, 0x5f, 0xae, 0x00, 0x00, 0x5f, 0xae, 0x5f, 0xae, 0x82, 0x5f, 0xe3, 0x98, 0x5f, 0xae, 0x82,
	0x5f, 0xe3, 0x0e, 0x5f, 0xae, 0x5f, 0xae, 0x00, 0x00, 0x5f, 0xae, 0x5f, 0xae, 0x5f, 0xe3, 0x5f, 0xe3, 0x5f, 0xae, 0xe3,
	0xa8, 0x04, 0xad, 0x04, 0xad, 0x66, 0xc5, 0xe3, 0xa8, 0xe3, 0xa8, 0x87, 0xcd, 0x83, 0x04, 0xb5, 0x0d, 0x66, 0xc5, 0x04,
	0xb5, 0x04, 0xb5, 0xc3, 0xa4, 0x04, 0xb5, 0x04, 0xb5, 0xc3, 0xa4, 0xa2, 0x9c, 0xa2, 0x9c, 0x04, 0xad, 0x81, 0x94, 0xa2,
	0x98, 0xa2, 0x98, 0x5f, 0xae, 0x82, 0x5f, 0xe3, 0x02, 0x5f, 0xae, 0x5f, 0xae, 0x00, 0x00, 0x84, 0x5f, 0xae, 0x82, 0x25,
	0xb9, 0x07, 0xe3, 0xa8, 0x66, 0xc5, 0x66, 0xc5, 0xe3, 0xa8, 0x04, 0xb5, 0x04, 0xb5, 0x25, 0xb9, 0x25, 0xb9, 0x82, 0x04,
	0xb5, 0x83, 0x66, 0xc5, 0x82, 0x46, 0xc1, 0x02, 0x04, 0xb5, 0xc3, 0xa4, 0xc3, 0xa4, 0x85, 0x5f, 0xae, 0x00, 0x00, 0x00,
	0x84, 0x5f, 0xae, 0x82, 0x25, 0xb9, 0x07, 0xe3, 0xa8, 0x66, 0xc5, 0x66, 0xc5, 0xe3, 0xa8, 0x04, 0xb5, 0x04, 0xb5, 0x25,
	0xb9, 0x25, 0xb9, 0x82, 0x04, 0xb5, 0x83, 0x66, 0xc5, 0x82, 0x46, 0xc1, 0x02, 0x04, 0xb5, 0xc3, 0xa4, 0xc3, 0xa4, 0x85,
	0x5f, 0xae, 0x17, 0x00, 0x00, 0x5f, 0xae, 0x5f, 0xae, 0xc3, 0xa4, 0xc3, 0xa4, 0xe3, 0xa8, 0x25, 0xb9, 0x66, 0xc5, 0x66,
	0xc5, 0x25, 0xb9, 0xe3, 0xa8, 0xe3, 0xa8, 0xa7, 0xd1, 0xe3, 0xa8, 0xe3, 0xa8, 0x25, 0xb9, 0x25, 0xb9, 0x66, 0xc5, 0xa7,
	0xd1, 0xa7, 0xd1, 0xc8, 0xd9, 0x87, 0xcd, 0x87, 0xcd, 0xa7, 0xd1, 0x83, 0x66, 0xc5, 0x01, 0x04, 0xb5, 0x04, 0xb5, 0x82,
	0xc3, 0xa4, 0x0c, 0x81, 0x94, 0x5f, 0xae, 0x5f, 0xae, 0x00, 0x00, 0x81, 0x94, 0x81, 0x94, 0xc3, 0xa4, 0xc3, 0xa4, 0x04,
	0xad, 0x66, 0xc5, 0xa8, 0xd5, 0xa8, 0xd5, 0xc8, 0xd9, 0x82, 0xa7, 0xd1, 0x89, 0xc8, 0xd9, 0x82, 0xa7, 0xd1, 0x13, 0xc8,
	0xd9, 0xa8, 0xd5, 0x66, 0xc5, 0x66, 0xc5, 0xe3, 0xa8, 0xc3, 0xa4, 0xc3, 0xa4, 0x81, 0x94, 0x5f, 0xae, 0x5f, 0xae, 0x00,
	0x00, 0x81, 0x94, 0x81, 0x94, 0xc3, 0xa4, 0xc3, 0xa4, 0x04, 0xad, 0x66, 0xc5, 0xa8, 0xd5, 0xa8, 0xd5, 0xc8, 0xd9, 0x82,
	0xa7, 0xd1, 0x89, 0xc8, 0xd9, 0x82, 0xa7, 0xd1, 0x12, 0xc8, 0xd9, 0xa8, 0xd5, 0x66, 0xc5, 0x66, 0xc5, 0xe3, 0xa8, 0xc3,
	0xa4, 0xc3, 0xa4, 0x81, 0x94, 0x5f, 0xae, 0x5f, 0xae, 0x00, 0x00, 0x81, 0x94, 0x81, 0x94, 0xc3, 0xa4, 0xc3, 0xa4, 0x25,
	0xb9, 0x87, 0xcd, 0x0a, 0xe6, 0x0a, 0xe6, 0x82, 0xe9, 0xe5, 0x02, 0xc8, 0xd9, 0xa7, 0xd1, 0xa7, 0xd1, 0x85, 0xa8, 0xd5,
	0x02, 0xa7, 0xd1, 0xa7, 0xd1, 0xc8, 0xd9, 0x82, 0xe9, 0xe5, 0x19, 0x0a, 0xe6, 0x87, 0xcd, 0x87, 0xcd, 0x04, 0xad, 0xc3,
	0xa4, 0xc3, 0xa4, 0x81, 0x94, 0x5f, 0xae, 0x5f, 0xae, 0x00, 0x00, 0x81, 0x94, 0x81, 0x94, 0xc3, 0xa4, 0xc3, 0xa4, 0x25,
	0xb9, 0x87, 0xcd, 0x0a, 0xe6, 0x0a, 0xe6, 0x8e, 0xf6, 0x6d, 0xf2, 0x6d, 0xf2, 0x0a, 0xe6, 0xe9, 0xdd, 0xe9, 0xdd, 0xa7,
	0xd1, 0xa7, 0xd1, 0x82, 0x66, 0xc5, 0x20, 0xa7, 0xd1, 0xe9, 0xdd, 0xe9, 0xdd, 0x0a, 0xe6, 0x6d, 0xf2, 0x6d, 0xf2, 0x8e,
	0xf6, 0x0a, 0xe6, 0x87, 0xcd, 0x87, 0xcd, 0x25, 0xb9, 0xc3, 0xa4, 0xc3, 0xa4, 0x81, 0x94, 0x5f, 0xae, 0x5f, 0xae, 0x00,
	0x00, 0x81, 0x94, 0x81, 0x94, 0xc3, 0xa4, 0xc3, 0xa4, 0x25, 0xb9, 0x87, 0xcd, 0x0a, 0xe6, 0x0a, 0xe6, 0x8e, 0xf6, 0x6d,
	0xf2, 0x6d, 0xf2, 0x0a, 0xe6, 0xe9, 0xdd, 0xe9, 0xdd, 0xa7, 0xd1, 0xa7, 0xd1, 0x82, 0x66, 0xc5, 0x18, 0xa7, 0xd1, 0xe9,
	0xdd, 0xe9, 0xdd, 0x0a, 0xe6, 0x6d, 0xf2, 0x6d, 0xf2, 0x8e, 0xf6, 0x0a, 0xe6, 0x87, 0xcd, 0x87, 0xcd, 0x25, 0xb9, 0xc3,
	0xa4, 0xc3, 0xa4, 0x81, 0x94, 0x5f, 0xae, 0x5f, 0xae, 0x00, 0x00, 0x81, 0x94, 0x81, 0x94, 0xc3, 0xa4, 0xc3, 0xa4, 0x25,
	0xb9, 0xc8, 0xd9, 0x6d, 0xf2, 0x6d, 0xf2, 0x82, 0xf2, 0xfe, 0x82, 0x6d, 0xf2, 0x01, 0x0a, 0xe6, 0x0a, 0xe6, 0x82, 0x2b,
	0xea, 0x00, 0x0a, 0xe6, 0x82, 0x6d, 0xf2, 0x11, 0x87, 0xcd, 0x87, 0xcd, 0xe3, 0xa8, 0x00, 0x80, 0xa2, 0x9c, 0xa2, 0x9c,
	0x25, 0xb9, 0xc3, 0xa4, 0xc3, 0xa4, 0x81, 0x94, 0x5f, 0xae, 0x5f, 0xae, 0xc8, 0xd9, 0x04, 0xb5, 0x04, 0xb5, 0xc3, 0xa4,
	0xc3, 0xa4, 0x25, 0xb9, 0x82, 0xa2, 0x9c, 0x07, 0xe3, 0xa8, 0xa7, 0xd1, 0xa7, 0xd1, 0x4c, 0xee, 0xf2, 0xfe, 0xf2, 0xfe,
	0xe9, 0xdd, 0xe9, 0xdd, 0x82, 0xaf, 0xfa, 0x0d, 0xe9, 0xdd, 0xf2, 0xfe, 0xf2, 0xfe, 0x87, 0xcd, 0x00, 0x80, 0x00, 0x80,
	0xa2, 0x9c, 0x25, 0xb9, 0x46, 0xc1, 0x46, 0xc1, 0x25, 0xb9, 0xc3, 0xa4, 0xc3, 0xa4, 0x04, 0xb5, 0x82, 0xc8, 0xd9, 0x04,
	0x04, 0xb5, 0x04, 0xb5, 0xc3, 0xa4, 0xc3, 0xa4, 0x25, 0xb9, 0x82, 0xa2, 0x9c, 0x07, 0xe3, 0xa8, 0xa7, 0xd1, 0xa7, 0xd1,
	0x4c, 0xee, 0xf2, 0xfe, 0xf2, 0xfe, 0xe9, 0xdd, 0xe9, 0xdd, 0x82, 0xaf, 0xfa, 0x0d, 0xe9, 0xdd, 0xf2, 0xfe, 0xf2, 0xfe,
	0x87, 0xcd, 0x00, 0x80, 0x00, 0x80, 0xa2, 0x9c, 0x25, 0xb9, 0x46, 0xc1, 0x46, 0xc1, 0x25, 0xb9, 0xc3, 0xa4, 0xc3, 0xa4,
	0x04, 0xb5, 0x82, 0xc8, 0xd9, 0x07, 0x04, 0xb5, 0x04, 0xb5, 0xc4, 0xa0, 0xc4, 0xa0, 0xc8, 0xd9, 0x46, 0xc1, 0x04, 0xad,
	0x04, 0xad, 0x83, 0xa2, 0x9c, 0x03, 0x00, 0x80, 0x00, 0x80, 0x04, 0xad, 0x04, 0xad, 0x82, 0xa8, 0xd5, 0x00, 0x04, 0xad,
	0x84, 0x00, 0x80, 0x15, 0xa2, 0x9c, 0x04, 0xad, 0xc8, 0xd9, 0xc8, 0xd9, 0x66, 0xc5, 0xc4, 0xa0, 0xc4, 0xa0, 0x04, 0xb5,
	0xc8, 0xd9, 0xc8, 0xd9, 0x66, 0xc5, 0x04, 0xb5, 0x04, 0xb5, 0x46, 0xb1, 0x46, 0xb1, 0xc8, 0xd9, 0x25, 0xb9, 0xef, 0xbd,
	0xef, 0xbd, 0x73, 0xce, 0xad, 0xb5, 0xad, 0xb5, 0x82, 0x00, 0x80, 0x01, 0xc3, 0xa4, 0xc3, 0xa4, 0x82, 0xe3, 0xa8, 0x0d,
	0xc3, 0xa4, 0x00, 0x80, 0x00, 0x80, 0x4a, 0xa9, 0x73, 0xce, 0x73, 0xce, 0xad, 0xb5, 0x00, 0x80, 0x25, 0xb9, 0x25, 0xb9,
	0xc8, 0xd9, 0x46, 0xb1, 0x46, 0xb1, 0x04, 0xb5, 0x82, 0x66, 0xc5, 0x0a, 0x04, 0xb5, 0x04, 0xb5, 0x46, 0xb1, 0x46, 0xb1,
	0xc8, 0xd9, 0x25, 0xb9, 0xef, 0xbd, 0xef, 0xbd, 0x73, 0xce, 0xad, 0xb5, 0xad, 0xb5, 0x82, 0x00, 0x80, 0x01, 0xc3, 0xa4,
	0xc3, 0xa4, 0x82, 0xe3, 0xa8, 0x20, 0xc3, 0xa4, 0x00, 0x80, 0x00, 0x80, 0x4a, 0xa9, 0x73, 0xce, 0x73, 0xce, 0xad, 0xb5,
	0x00, 0x80, 0x25, 0xb9, 0x25, 0xb9, 0xc8, 0xd9, 0x46, 0xb1, 0x46, 0xb1, 0x04, 0xb5, 0x66, 0xc5, 0x66, 0xc5, 0x04, 0xb5,
	0x04, 0xad, 0x04, 0xad, 0x46, 0xc1, 0x46, 0xc1, 0xc8, 0xd9, 0x66, 0xc5, 0xa8, 0xd5, 0xa8, 0xd5, 0x8e, 0xf6, 0xa8, 0xd5,
	0xa8, 0xd5, 0x04, 0xb5, 0x04, 0xad, 0x04, 0xad, 0x66, 0xc5, 0x66, 0xc5, 0x82, 0x0a, 0xe6, 0x20, 0x66, 0xc5, 0x04, 0xad,
	0x04, 0xad, 0x04, 0xb5, 0xa8, 0xd5, 0xa8, 0xd5, 0x8e, 0xf6, 0xa8, 0xd5, 0x66, 0xc5, 0x66, 0xc5, 0xc8, 0xd9, 0x46, 0xc1,
	0x46, 0xc1, 0x04, 0xad, 0x04, 0xb5, 0x04, 0xb5, 0x46, 0xc1, 0x04, 0xad, 0x04, 0xad, 0x46, 0xc1, 0x46, 0xc1, 0x2b, 0xea,
	0x2b, 0xea, 0xe9, 0xdd, 0xe9, 0xdd, 0xa8, 0xd5, 0x66, 0xc5, 0x66, 0xc5, 0xa8, 0xd5, 0x0a, 0xe6, 0x0a, 0xe6, 0xa8, 0xd5,
	0xa8, 0xd5, 0x82, 0xaf, 0xfa, 0x07, 0xa8, 0xd5, 0x0a, 0xe6, 0x0a, 0xe6, 0xa8, 0xd5, 0x66, 0xc5, 0x66, 0xc5, 0xa8, 0xd5,
	0xe9, 0xdd, 0x82, 0x2b, 0xea, 0x02, 0x46, 0xc1, 0x46, 0xc1, 0x04, 0xad, 0x82, 0x46, 0xc1, 0x0f, 0x04, 0xad, 0x04, 0xad,
	0x46, 0xc1, 0x46, 0xc1, 0x2b, 0xea, 0x2b, 0xea, 0xe9, 0xdd, 0xe9, 0xdd, 0xa8, 0xd5, 0x66, 0xc5, 0x66, 0xc5, 0xa8, 0xd5,
	0x0a, 0xe6, 0x0a, 0xe6, 0xa8, 0xd5, 0xa8, 0xd5, 0x82, 0xaf, 0xfa, 0x07, 0xa8, 0xd5, 0x0a, 0xe6, 0x0a, 0xe6, 0xa8, 0xd5,
	0x66, 0xc5, 0x66, 0xc5, 0xa8, 0xd5, 0xe9, 0xdd, 0x82, 0x2b, 0xea, 0x15, 0x46, 0xc1, 0x46, 0xc1, 0x04, 0xad, 0x46, 0xc1,
	0x46, 0xc1, 0x66, 0xc5, 0x04, 0xad, 0x04, 0xad, 0x66, 0xc5, 0x66, 0xc5, 0x0a, 0xe6, 0x4c, 0xee, 0x8e, 0xf6, 0x8e, 0xf6,
	0x4c, 0xee, 0xe9, 0xe5, 0xe9, 0xe5, 0x6d, 0xf2, 0xf2, 0xfe, 0xf2, 0xfe, 0x6d, 0xf2, 0x6d, 0xf2, 0x82, 0xf2, 0xfe, 0x68,
	0x6d, 0xf2, 0xf2, 0xfe, 0xf2, 0xfe, 0x6d, 0xf2, 0xe9, 0xe5, 0xe9, 0xe5, 0x4c, 0xee, 0x8e, 0xf6, 0x4c, 0xee, 0x4c, 0xee,
	0x0a, 0xe6, 0x66, 0xc5, 0x66, 0xc5, 0x04, 0xad, 0x66, 0xc5, 0x66, 0xc5, 0x00, 0x00, 0x04, 0xad, 0x04, 0xad, 0x46, 0xc1,
	0x46, 0xc1, 0xa7, 0xd1, 0xa8, 0xd5, 0xe9, 0xdd, 0xe9, 0xdd, 0x2b, 0xea, 0x8e, 0xf6, 0x8e, 0xf6, 0xd0, 0xfe, 0x4c, 0xee,
	0x4c, 0xee, 0x2b, 0xea, 0x2b, 0xea, 0xcf, 0xfe, 0x57, 0xff, 0x57, 0xff, 0x2b, 0xea, 0x4c, 0xee, 0x4c, 0xee, 0xd0, 0xfe,
	0x8e, 0xf6, 0x8e, 0xf6, 0x2b, 0xea, 0xe9, 0xdd, 0xa8, 0xd5, 0xa8, 0xd5, 0xa7, 0xd1, 0x46, 0xc1, 0x46, 0xc1, 0x04, 0xad,
	0x5f, 0xae, 0x5f, 0xae, 0x00, 0x00, 0x04, 0xad, 0x04, 0xad, 0x46, 0xc1, 0x46, 0xc1, 0xa7, 0xd1, 0xa8, 0xd5, 0xe9, 0xdd,
	0xe9, 0xdd, 0x2b, 0xea, 0x8e, 0xf6, 0x8e, 0xf6, 0xd0, 0xfe, 0x4c, 0xee, 0x4c, 0xee, 0x2b, 0xea, 0x2b, 0xea, 0xcf, 0xfe,
	0x57, 0xff, 0x57, 0xff, 0x2b, 0xea, 0x4c, 0xee, 0x4c, 0xee, 0xd0, 0xfe, 0x8e, 0xf6, 0x8e, 0xf6, 0x2b, 0xea, 0xe9, 0xdd,
	0xa8, 0xd5, 0xa8, 0xd5, 0xa7, 0xd1, 0x46, 0xc1, 0x46, 0xc1, 0x04, 0xad, 0x5f, 0xae, 0x5f, 0xae, 0x00, 0x00, 0x04, 0xad,
	0x04, 0xad, 0x25, 0xb9, 0x25, 0xb9, 0x87, 0xcd, 0xa7, 0xd1, 0xe9, 0xdd, 0xe9, 0xdd, 0x8e, 0xf6, 0xf3, 0xfe, 0xf3, 0xfe,
	0x2b, 0xea, 0xa8, 0xd5, 0xa8, 0xd5, 0x87, 0xcd, 0x87, 0xcd, 0x82, 0x0c, 0xce, 0x0f, 0x87, 0xcd, 0xa8, 0xd5, 0xa8, 0xd5,
	0x2b, 0xea, 0xf3, 0xfe, 0xf3, 0xfe, 0x8e, 0xf6, 0xe9, 0xdd, 0xa7, 0xd1, 0xa7, 0xd1, 0x87, 0xcd, 0x25, 0xb9, 0x25, 0xb9,
	0x04, 0xad, 0x5f, 0xae, 0x5f, 0xae, 0x82, 0x00, 0x00, 0x0d, 0x25, 0xb9, 0x25, 0xb9, 0xc8, 0xd9, 0x87, 0xcd, 0x2b, 0xea,
	0x2b, 0xea, 0xf2, 0xfe, 0x6d, 0xf2, 0x6d, 0xf2, 0xa7, 0xd1, 0xe3, 0xa8, 0xe3, 0xa8, 0x25, 0xb9, 0x25, 0xb9, 0x82, 0x46,
	0xc1, 0x0c, 0x25, 0xb9, 0xe3, 0xa8, 0xe3, 0xa8, 0xa7, 0xd1, 0x6d, 0xf2, 0x6d, 0xf2, 0xf2, 0xfe, 0x2b, 0xea, 0x87, 0xcd,
	0x87, 0xcd, 0xc8, 0xd9, 0x25, 0xb9, 0x25, 0xb9, 0x82, 0x5f, 0xae, 0x82, 0x00, 0x00, 0x0d, 0x25, 0xb9, 0x25, 0xb9, 0xc8,
	0xd9, 0x87, 0xcd, 0x2b, 0xea, 0x2b, 0xea, 0xf2, 0xfe, 0x6d, 0xf2, 0x6d, 0xf2, 0xa7, 0xd1, 0xe3, 0xa8, 0xe3, 0xa8, 0x25,
	0xb9, 0x25, 0xb9, 0x82, 0x46, 0xc1, 0x0c, 0x25, 0xb9, 0xe3, 0xa8, 0xe3, 0xa8, 0xa7, 0xd1, 0x6d, 0xf2, 0x6d, 0xf2, 0xf2,
	0xfe, 0x2b, 0xea, 0x87, 0xcd, 0x87, 0xcd, 0xc8, 0xd9, 0x25, 0xb9, 0x25, 0xb9, 0x82, 0x5f, 0xae, 0x82, 0x00, 0x00, 0x0d,
	0x04, 0xad, 0x04, 0xad, 0xe9, 0xe5, 0x87, 0xcd, 0x6d, 0xf2, 0x6d, 0xf2, 0xaf, 0xfa, 0xe9, 0xdd, 0xe9, 0xdd, 0x0a, 0xe6,
	0x4c, 0xee, 0x4c, 0xee, 0xe9, 0xdd, 0xe9, 0xdd, 0x82, 0xa7, 0xd1, 0x0d, 0xe9, 0xdd, 0x4c, 0xee, 0x4c, 0xee, 0x0a, 0xe6,
	0xe9, 0xdd, 0xe9, 0xdd, 0xaf, 0xfa, 0x6d, 0xf2, 0x87, 0xcd, 0x87, 0xcd, 0xe9, 0xe5, 0x04, 0xad, 0x04, 0xad, 0x5f, 0xae,
	0x84, 0x00, 0x00, 0x0d, 0xe3, 0xa8, 0xe3, 0xa8, 0xa8, 0xd5, 0xa7, 0xd1, 0x2b, 0xea, 0x2b, 0xea, 0x6d, 0xf2, 0x0a, 0xe6,
	0x0a, 0xe6, 0x2b, 0xea, 0xaf, 0xfa, 0xaf, 0xfa, 0xf3, 0xfe, 0xf3, 0xfe, 0x82, 0x2b, 0xea, 0x0c, 0xf3, 0xfe, 0xaf, 0xfa,
	0xaf, 0xfa, 0x2b, 0xea, 0x0a, 0xe6, 0x0a, 0xe6, 0x6d, 0xf2, 0x2b, 0xea, 0xa7, 0xd1, 0xa7, 0xd1, 0xa8, 0xd5, 0xe3, 0xa8,
	0xe3, 0xa8, 0x85, 0x00, 0x00, 0x0d, 0xe3, 0xa8, 0xe3, 0xa8, 0xa8, 0xd5, 0xa7, 0xd1, 0x2b, 0xea, 0x2b, 0xea, 0x6d, 0xf2,
	0x0a, 0xe6, 0x0a, 0xe6, 0x2b, 0xea, 0xaf, 0xfa, 0xaf, 0xfa, 0xf3, 0xfe, 0xf3, 0xfe, 0x82, 0x2b, 0xea, 0x0c, 0xf3, 0xfe,
	0xaf, 0xfa, 0xaf, 0xfa, 0x2b, 0xea, 0x0a, 0xe6, 0x0a, 0xe6, 0x6d, 0xf2, 0x2b, 0xea, 0xa7, 0xd1, 0xa7, 0xd1, 0xa8, 0xd5,
	0xe3, 0xa8, 0xe3, 0xa8, 0x87, 0x00, 0x00, 0x07, 0x46, 0xc1, 0xa8, 0xd5, 0xe9, 0xe5, 0xe9, 0xe5, 0x2b, 0xea, 0x66, 0xc5,
	0x66, 0xc5, 0x25, 0xb9, 0x89, 0x62, 0xcd, 0x07, 0x25, 0xb9, 0x66, 0xc5, 0x66, 0xc5, 0x2b, 0xea, 0xe9, 0xe5, 0xa8, 0xd5,
	0xa8, 0xd5, 0x46, 0xc1, 0x89, 0x00, 0x00, 0x03, 0xe3, 0xa8, 0x66, 0xc5, 0xc8, 0xd9, 0xc8, 0xd9, 0x83, 0xe9, 0xe5, 0x03,
	0x2b, 0xea, 0x2b, 0xea, 0x6d, 0xf2, 0x6d, 0xf2, 0x82, 0x8b, 0xfe, 0x02, 0x6d, 0xf2, 0x2b, 0xea, 0x2b, 0xea, 0x83, 0xe9,
	0xe5, 0x03, 0xc8, 0xd9, 0x66, 0xc5, 0x66, 0xc5, 0xe3, 0xa8, 0x89, 0x00, 0x00, 0x03, 0xe3, 0xa8, 0x66, 0xc5, 0xc8, 0xd9,
	0xc8, 0xd9, 0x83, 0xe9, 0xe5, 0x03, 0x2b, 0xea, 0x2b, 0xea, 0x6d, 0xf2, 0x6d, 0xf2, 0x82, 0x8b, 0xfe, 0x02, 0x6d, 0xf2,
	0x2b, 0xea, 0x2b, 0xea, 0x83, 0xe9, 0xe5, 0x03, 0xc8, 0xd9, 0x66, 0xc5, 0x66, 0xc5, 0xe3, 0xa8, 0x8a, 0x00, 0x00, 0x0a,
	0x04, 0xb5, 0x87, 0xcd, 0x87, 0xcd, 0x0a, 0xe6, 0x4c, 0xee, 0x4c, 0xee, 0xe9, 0xe5, 0xa8, 0xd5, 0xa8, 0xd5, 0x66, 0xc5,
	0x66, 0xc5, 0x82, 0x45, 0xbd, 0x09, 0x66, 0xc5, 0xa8, 0xd5, 0xa8, 0xd5, 0xe9, 0xe5, 0x4c, 0xee, 0x4c, 0xee, 0x0a, 0xe6,
	0x87, 0xcd, 0x04, 0xb5, 0x04, 0xb5, 0x8c, 0x00, 0x00, 0x05, 0x04, 0xb5, 0x04, 0xb5, 0xa7, 0xd1, 0x0a, 0xe6, 0x0a, 0xe6,
	0x4c, 0xee, 0x83, 0xe9, 0xe5, 0x82, 0x6d, 0xf2, 0x82, 0xe9, 0xe5, 0x04, 0x4c, 0xee, 0x0a, 0xe6, 0x0a, 0xe6, 0xa7, 0xd1,
	0x04, 0xb5, 0x8e, 0x00, 0x00, 0x05, 0x04, 0xb5, 0x04, 0xb5, 0xa7, 0xd1, 0x0a, 0xe6, 0x0a, 0xe6, 0x4c, 0xee, 0x83, 0xe9,
	0xe5, 0x82, 0x6d, 0xf2, 0x82, 0xe9, 0xe5, 0x04, 0x4c, 0xee, 0x0a, 0xe6, 0x0a, 0xe6, 0xa7, 0xd1, 0x04, 0xb5, 0x90, 0x00,
	0x00, 0x07, 0xe3, 0xa8, 0x46, 0xc1, 0x46, 0xc1, 0xc8, 0xd9, 0x2b, 0xea, 0x2b, 0xea, 0x6d, 0xf2, 0x6d, 0xf2, 0x82, 0xf3,
	0xfe, 0x06, 0x6d, 0xf2, 0x2b, 0xea, 0x2b, 0xea, 0xc8, 0xd9, 0x46, 0xc1, 0x46, 0xc1, 0xe3, 0xa8, 0x94, 0x00, 0x00, 0x02,
	0x04, 0xb5, 0x66, 0xc5, 0x66, 0xc5, 0x85, 0xa7, 0xd1, 0x02, 0x66, 0xc5, 0x66, 0xc5, 0x04, 0xb5, 0x97, 0x00, 0x00, 0x02,
	0x04, 0xb5, 0x66, 0xc5, 0x66, 0xc5, 0x85, 0xa7, 0xd1, 0x02, 0x66, 0xc5, 0x66, 0xc5, 0x04, 0xb5, 0x8b, 0x00, 0x00,
};

constexpr unsigned BottomFaceRedWidth = 36;
constexpr unsigned BottomFaceRedHeight = 44;
constexpr unsigned BottomFaceRedPixelCount = 1584;
constexpr uint8_t BottomFaceRedData[] = {
	0x86, 0x00, 0x00, 0x01, 0xa0, 0xc0, 0xa0, 0xc0, 0x91, 0xa0, 0xec, 0x83, 0xa0, 0xc0, 0x8b, 0x00, 0x00, 0x01, 0xa0, 0xc0,
	0xa0, 0xc0, 0x91, 0xa0, 0xec, 0x83, 0xa0, 0xc0, 0x89, 0x00, 0x00, 0x01, 0xa0, 0xc0, 0xa0, 0xc0, 0x97, 0xa0, 0xec, 0x01,
	0xa0, 0xc0, 0xa0, 0xc0, 0x85, 0x00, 0x00, 0x01, 0xa0, 0xc0, 0xa0, 0xc0, 0x99, 0xa0, 0xec, 0x82, 0xa0, 0xc0, 0x84, 0x00,
	0x00, 0x01, 0xa0, 0xc0, 0xa0, 0xc0, 0x99, 0xa0, 0xec, 0x82, 0xa0, 0xc0, 0x84, 0x00, 0x00, 0x01, 0xa0, 0xc0, 0xa0, 0xc0,
	0x9b, 0xa0, 0xec, 0x82, 0xa0, 0xc0, 0x02, 0x00, 0x00, 0xa0, 0xc0, 0xa0, 0xc0, 0x82, 0xa0, 0xec, 0x98, 0xa0, 0xc0, 0x82,
	0xa0, 0xec, 0x04, 0xa0, 0xc0, 0xa0, 0xc0, 0x00, 0x00, 0xa0, 0xc0, 0xa0, 0xc0, 0x82, 0xa0, 0xec, 0x98, 0xa0, 0xc0, 0x82,
	0xa0, 0xec, 0x0e, 0xa0, 0xc0, 0xa0, 0xc0, 0x00, 0x00, 0xa0, 0xc0, 0xa0, 0xc0, 0xa0, 0xec, 0xa0, 0xec, 0xa0, 0xc0, 0xe3,
	0xa8, 0x04, 0xad, 0x04, 0xad, 0x66, 0xc5, 0xe3, 0xa8, 0xe3, 0xa8, 0x87, 0xcd, 0x83, 0x04, 0xb5, 0x0d, 0x66, 0xc5, 0x04,
	0xb5, 0x04, 0xb5, 0xc3, 0xa4, 0x04, 0xb5, 0x04, 0xb5, 0xc3, 0xa4, 0xa2, 0x9c, 0xa2, 0x9c, 0x04, 0xad, 0x81, 0x94, 0xa2,
	0x98, 0xa2, 0x98, 0xa0, 0xc0, 0x82, 0xa0, 0xec, 0x02, 0xa0, 0xc0, 0xa0, 0xc0, 0x00, 0x00, 0x84, 0xa0, 0xc0, 0x82, 0x25,
	0xb9, 0x07, 0xe3, 0xa8, 0x66, 0xc5, 0x66, 0xc5, 0xe3, 0xa8, 0x04, 0xb5, 0x04, 0xb5, 0x25, 0xb9, 0x25, 0xb9, 0x82, 0x04,
	0xb5, 0x83, 0x66, 0xc5, 0x82, 0x46, 0xc1, 0x02, 0x04, 0xb5, 0xc3, 0xa4, 0xc3, 0xa4, 0x85, 0xa0, 0xc0, 0x00, 0x00, 0x00,
	0x84, 0xa0, 0xc0, 0x82, 0x25, 0xb9, 0x07, 0xe3, 0xa8, 0x66, 0xc5, 0x66, 0xc5, 0xe3, 0xa8, 0x04, 0xb5, 0x04, 0xb5, 0x25,
	0xb9, 0x25, 0xb9, 0x82, 0x04, 0xb5, 0x83, 0x66, 0xc5, 0x82, 0x46, 0xc1, 0x02, 0x04, 0xb5, 0xc3, 0xa4, 0xc3, 0xa4, 0x85,
	0xa0, 0xc0, 0x17, 0x00, 0x00, 0xa0, 0xc0, 0xa0, 0xc0, 0xc3, 0xa4, 0xc3, 0xa4, 0xe3, 0xa8, 0x25, 0xb9, 0x66, 0xc5, 0x66,
	0xc5, 0x25, 0xb9, 0xe3, 0xa8, 0xe3, 0xa8, 0xa7, 0xd1, 0xe3, 0xa8, 0xe3, 0xa8, 0x25, 0xb9, 0x25, 0xb9, 0x66, 0xc5, 0xa7,
	0xd1, 0xa7, 0xd1, 0xc8, 0xd9, 0x87, 0xcd, 0x87, 0xcd, 0xa7, 0xd1, 0x83, 0x66, 0xc5, 0x01, 0x04, 0xb5, 0x04, 0xb5, 0x82,
	0xc3, 0xa4, 0x0c, 0x81, 0x94, 0xa0, 0xc0, 0xa0, 0xc0, 0x00, 0x00, 0x81, 0x94, 0x81, 0x94, 0xc3, 0xa4, 0xc3, 0xa4, 0x04,
	0xad, 0x66, 0xc5, 0xa8, 0xd5, 0xa8, 0xd5, 0xc8, 0xd9, 0x82, 0xa7, 0xd1, 0x89, 0xc8, 0xd9, 0x82, 0xa7, 0xd1, 0x13, 0xc8,
	0xd9, 0xa8, 0xd5, 0x66, 0xc5, 0x66, 0xc5, 0xe3, 0xa8, 0xc3, 0xa4, 0xc3, 0xa4, 0x81, 0x94, 0xa0, 0xc0, 0xa0, 0xc0, 0x00,
	0x00, 0x81, 0x94, 0x81, 0x94, 0xc3, 0xa4, 0xc3, 0xa4, 0x04, 0xad, 0x66, 0xc5, 0xa8, 0xd5, 0xa8, 0xd5, 0xc8, 0xd9, 0x82,
	0xa7, 0xd1, 0x89, 0xc8, 0xd9, 0x82, 0xa7, 0xd1, 0x12, 0xc8, 0xd9, 0xa8, 0xd5, 0x66, 0xc5, 0x66, 0xc5, 0xe3, 0xa8, 0xc3,
	0xa4, 0xc3, 0xa4, 0x81, 0x94, 0xa0, 0xc0, 0xa0, 0xc0, 0x00, 0x00, 0x81, 0x94, 0x81, 0x94, 0xc3, 0xa4, 0xc3, 0xa4, 0x25,
	0xb9, 0x87, 0xcd, 0x0a, 0xe6, 0x0a, 0xe6, 0x82, 0xe9, 0xe5, 0x02, 0xc8, 0xd9, 0xa7, 0xd1, 0xa7, 0xd1, 0x85, 0xa8, 0xd5,
	0x02, 0xa7, 0xd1, 0xa7, 0xd1, 0xc8, 0xd9, 0x82, 0xe9, 0xe5, 0x19, 0x0a, 0xe6, 0x87, 0xcd, 0x87, 0xcd, 0x04, 0xad, 0xc3,
	0xa4, 0xc3, 0xa4, 0x81, 0x94, 0xa0, 0xc0, 0xa0, 0xc0, 0x00, 0x00, 0x81, 0x94, 0x81, 0x94, 0xc3, 0xa4, 0xc3, 0xa4, 0x25,
	0xb9, 0x87, 0xcd, 0x0a, 0xe6, 0x0a, 0xe6, 0x8e, 0xf6, 0x6d, 0xf2, 0x6d, 0xf2, 0x0a, 0xe6, 0xe9, 0xdd, 0xe9, 0xdd, 0xa7,
	0xd1, 0xa7, 0xd1, 0x82, 0x66, 0xc5, 0x20, 0xa7, 0xd1, 0xe9, 0xdd, 0xe9, 0xdd, 0x0a, 0xe6, 0x6d, 0xf2, 0x6d, 0xf2, 0x8e,
	0xf6, 0x0a, 0xe6, 0x87, 0xcd, 0x87, 0xcd, 0x25, 0xb9, 0xc3, 0xa4, 0xc3, 0xa4, 0x81, 0x94, 0xa0, 0xc0, 0xa0, 0xc0, 0x00,
	0x00, 0x81, 0x94, 0x81, 0x94, 0xc3, 0xa4, 0xc3, 0xa4, 0x25, 0xb9, 0x87, 0xcd, 0x0a, 0xe6, 0x0a, 0xe6, 0x8e, 0xf6, 0x6d,
	0xf2, 0x6d, 0xf2, 0x0a, 0xe6, 0xe9, 0xdd, 0xe9, 0xdd, 0xa7, 0xd1, 0xa7, 0xd1, 0x82, 0x66, 0xc5, 0x18, 0xa7, 0xd1, 0xe9,
	0xdd, 0xe9, 0xdd, 0x0a, 0xe6, 0x6d, 0xf2, 0x6d, 0xf2, 0x8e, 0xf6, 0x0a, 0xe6, 0x87, 0xcd, 0x87, 0xcd, 0x25, 0xb9, 0xc3,
	0xa4, 0xc3, 0xa4, 0x81, 0x94, 0xa0, 0xc0, 0xa0, 0xc0, 0x00, 0x00, 0x81, 0x94, 0x81, 0x94, 0xc3, 0xa4, 0xc3, 0xa4, 0x25,
	0xb9, 0xc8, 0xd9, 0x6d, 0xf2, 0x6d, 0xf2, 0x82, 0xf2, 0xfe, 0x82, 0x6d, 0xf2, 0x01, 0x0a, 0xe6, 0x0a, 0xe6, 0x82, 0x2b,
	0xea, 0x00, 0x0a, 0xe6, 0x82, 0x6d, 0xf2, 0x11, 0x87, 0xcd, 0x87, 0xcd, 0xe3, 0xa8, 0x00, 0x80, 0xa2, 0x9c, 0xa2, 0x9c,
	0x25, 0xb9, 0xc3, 0xa4, 0xc3, 0xa4, 0x81, 0x94, 0xa0, 0xc0, 0xa0, 0xc0, 0xc8, 0xd9, 0x04, 0xb5, 0x04, 0xb5, 0xc3, 0xa4,
	0xc3, 0xa4, 0x25, 0xb9, 0x82, 0xa2, 0x9c, 0x07, 0xe3, 0xa8, 0xa7, 0xd1, 0xa7, 0xd1, 0x4c, 0xee, 0xf2, 0xfe, 0xf2, 0xfe,
	0xe9, 0xdd, 0xe9, 0xdd, 0x82, 0xaf, 0xfa, 0x0d, 0xe9, 0xdd, 0xf2, 0xfe, 0xf2, 0xfe, 0x87, 0xcd, 0x00, 0x80, 0x00, 0x80,
	0xa2, 0x9c, 0x25, 0xb9, 0x46, 0xc1, 0x46, 0xc1, 0x25, 0xb9, 0xc3, 0xa4, 0xc3, 0xa4, 0x04, 0xb5, 0x82, 0xc8, 0xd9, 0x04,
	0x04, 0xb5, 0x04, 0xb5, 0xc3, 0xa4, 0xc3, 0xa4, 0x25, 0xb9, 0x82, 0xa2, 0x9c, 0x07, 0xe3, 0xa8, 0xa7, 0xd1, 0xa7, 0xd1,
	0x4c, 0xee, 0xf2, 0xfe, 0xf2, 0xfe, 0xe9, 0xdd, 0xe9, 0xdd, 0x82, 0xaf, 0xfa, 0x0d, 0xe9, 0xdd, 0xf2, 0xfe, 0xf2, 0xfe,
	0x87, 0xcd, 0x00, 0x80, 0x00, 0x80, 0xa2, 0x9c, 0x25, 0xb9, 0x46, 0xc1, 0x46, 0xc1, 0x25, 0xb9, 0xc3, 0xa4, 0xc3, 0xa4,
	0x04, 0xb5, 0x82, 0xc8, 0xd9, 0x07, 0x04, 0xb5, 0x04, 0xb5, 0xc4, 0xa0, 0xc4, 0xa0, 0xc8, 0xd9, 0x46, 0xc1, 0x04, 0xad,
	0x04, 0xad, 0x83, 0xa2, 0x9c, 0x03, 0x00, 0x80, 0x00, 0x80, 0x04, 0xad, 0x04, 0xad, 0x82, 0xa8, 0xd5, 0x00, 0x04, 0xad,
	0x84, 0x00, 0x80, 0x15, 0xa2, 0x9c, 0x04, 0xad, 0xc8, 0xd9, 0xc8, 0xd9, 0x66, 0xc5, 0xc4, 0xa0, 0xc4, 0xa0, 0x04, 0xb5,
	0xc8, 0xd9, 0xc8, 0xd9, 0x66, 0xc5, 0x04, 0xb5, 0x04, 0xb5, 0x46, 0xb1, 0x46, 0xb1, 0xc8, 0xd9, 0x25, 0xb9, 0xef, 0xbd,
	0xef, 0xbd, 0x73, 0xce, 0xad, 0xb5, 0xad, 0xb5, 0x82, 0x00, 0x80, 0x01, 0xc3, 0xa4, 0xc3, 0xa4, 0x82, 0xe3, 0xa8, 0x0d,
	0xc3, 0xa4, 0x00, 0x80, 0x00, 0x80, 0x4a, 0xa9, 0x73, 0xce, 0x73, 0xce, 0xad, 0xb5, 0x00, 0x80, 0x25, 0xb9, 0x25, 0xb9,
	0xc8, 0xd9, 0x46, 0xb1, 0x46, 0xb1, 0x04, 0xb5, 0x82, 0x66, 0xc5, 0x0a, 0x04, 0xb5, 0x04, 0xb5, 0x46, 0xb1, 0x46, 0xb1,
	0xc8, 0xd9, 0x25, 0xb9, 0xef, 0xbd, 0xef, 0xbd, 0x73, 0xce, 0xad, 0xb5, 0xad, 0xb5, 0x82, 0x00, 0x80, 0x01, 0xc3, 0xa4,
	0xc3, 0xa4, 0x82, 0xe3, 0xa8, 0x20, 0xc3, 0xa4, 0x00, 0x80, 0x00, 0x80, 0x4a, 0xa9, 0x73, 0xce, 0x73, 0xce, 0xad, 0xb5,
	0x00, 0x80, 0x25, 0xb9, 0x25, 0xb9, 0xc8, 0xd9, 0x46, 0xb1, 0x46, 0xb1, 0x04, 0xb5, 0x66, 0xc5, 0x66, 0xc5, 0x04, 0xb5,
	0x04, 0xad, 0x04, 0xad, 0x46, 0xc1, 0x46, 0xc1, 0xc8, 0xd9, 0x66, 0xc5, 0xa8, 0xd5, 0xa8, 0xd5, 0x8e, 0xf6, 0xa8, 0xd5,
	0xa8, 0xd5, 0x04, 0xb5, 0x04, 0xad, 0x04, 0xad, 0x66, 0xc5, 0x66, 0xc5, 0x82, 0x0a, 0xe6, 0x20, 0x66, 0xc5, 0x04, 0xad,
	0x04, 0xad, 0x04, 0xb5, 0xa8, 0xd5, 0xa8, 0xd5, 0x8e, 0xf6, 0xa8, 0xd5, 0x66, 0xc5, 0x66, 0xc5, 0xc8, 0xd9, 0x46, 0xc1,
	0x46, 0xc1, 0x04, 0xad, 0x04, 0xb5, 0x04, 0xb5, 0x46, 0xc1, 0x04, 0xad, 0x04, 0xad, 0x46, 0xc1, 0x46, 0xc1, 0x2b, 0xea,
	0x2b, 0xea, 0xe9, 0xdd, 0xe9, 0xdd, 0xa8, 0xd5, 0x66, 0xc5, 0x66, 0xc5, 0xa8, 0xd5, 0x0a, 0xe6, 0x0a, 0xe6, 0xa8, 0xd5,
	0xa8, 0xd5, 0x82, 0xaf, 0xfa, 0x07, 0xa8, 0xd5, 0x0a, 0xe6, 0x0a, 0xe6, 0xa8, 0xd5, 0x66, 0xc5, 0x66, 0xc5, 0xa8, 0xd5,
	0xe9, 0xdd, 0x82, 0x2b, 0xea, 0x02, 0x46, 0xc1, 0x46, 0xc1, 0x04, 0xad, 0x82, 0x46, 0xc1, 0x0f, 0x04, 0xad, 0x04, 0xad,
	0x46, 0xc1, 0x46, 0xc1, 0x2b, 0xea, 0x2b, 0xea, 0xe9, 0xdd, 0xe9, 0xdd, 0xa8, 0xd5, 0x66, 0xc5, 0x66, 0xc5, 0xa8, 0xd5,
	0x0a, 0xe6, 0x0a, 0xe6, 0xa8, 0xd5, 0xa8, 0xd5, 0x82, 0xaf, 0xfa, 0x07, 0xa8, 0xd5, 0x0a, 0xe6, 0x0a, 0xe6, 0xa8, 0xd5,
	0x66, 0xc5, 0x66, 0xc5, 0xa8, 0xd5, 0xe9, 0xdd, 0x82, 0x2b, 0xea, 0x15, 0x46, 0xc1, 0x46, 0xc1, 0x04, 0xad, 0x46, 0xc1,
	0x46, 0xc1, 0x66, 0xc5, 0x04, 0xad, 0x04, 0xad, 0x66, 0xc5, 0x66, 0xc5, 0x0a, 0xe6, 0x4c, 0xee, 0x8e, 0xf6, 0x8e, 0xf6,
	0x4c, 0xee, 0xe9, 0xe5, 0xe9, 0xe5, 0x6d, 0xf2, 0xf2, 0xfe, 0xf2, 0xfe, 0x6d, 0xf2, 0x6d, 0xf2, 0x82, 0xf2, 0xfe, 0x68,
	0x6d, 0xf2, 0xf2, 0xfe, 0xf2, 0xfe, 0x6d, 0xf2, 0xe9, 0xe5, 0xe9, 0xe5, 0x4c, 0xee, 0x8e, 0xf6, 0x4c, 0xee, 0x4c, 0xee,
	0x0a, 0xe6, 0x66, 0xc5, 0x66, 0xc5, 0x04, 0xad, 0x66, 0xc5, 0x66, 0xc5, 0x00, 0x00, 0x04, 0xad, 0x04, 0xad, 0x46, 0xc1,
	0x46, 0xc1, 0xa7, 0xd1, 0xa8, 0xd5, 0xe9, 0xdd, 0xe9, 0xdd, 0x2b, 0xea, 0x8e, 0xf6, 0x8e, 0xf6, 0xd0, 0xfe, 0x4c, 0xee,
	0x4c, 0xee, 0x2b, 0xea, 0x2b, 0xea, 0xcf, 0xfe, 0x57, 0xff, 0x57, 0xff, 0x2b, 0xea, 0x4c, 0xee, 0x4c, 0xee, 0xd0, 0xfe,
	0x8e, 0xf6, 0x8e, 0xf6, 0x2b, 0xea, 0xe9, 0xdd, 0xa8, 0xd5, 0xa8, 0xd5, 0xa7, 0xd1, 0x46, 0xc1, 0x46, 0xc1, 0x04, 0xad,
	0xa0, 0xc0, 0xa0, 0xc0, 0x00, 0x00, 0x04, 0xad, 0x04, 0xad, 0x46, 0xc1, 0x46, 0xc1, 0xa7, 0xd1, 0xa8, 0xd5, 0xe9, 0xdd,
	0xe9, 0xdd, 0x2b, 0xea, 0x8e, 0xf6, 0x8e, 0xf6, 0xd0, 0xfe, 0x4c, 0xee, 0x4c, 0xee, 0x2b, 0xea, 0x2b, 0xea, 0xcf, 0xfe,
	0x57, 0xff, 0x57, 0xff, 0x2b, 0xea, 0x4c, 0xee, 0x4c, 0xee, 0xd0, 0xfe, 0x8e, 0xf6, 0x8e, 0xf6, 0x2b, 0xea, 0xe9, 0xdd,
	0xa8, 0xd5, 0xa8, 0xd5, 0xa7, 0xd1, 0x46, 0xc1, 0x46, 0xc1, 0x04, 0xad, 0xa0, 0xc0, 0xa0, 0xc0, 0x00, 0x00, 0x04, 0xad,
	0x04, 0xad, 0x25, 0xb9, 0x25, 0xb9, 0x87, 0xcd, 0xa7, 0xd1, 0xe9, 0xdd, 0xe9, 0xdd, 0x8e, 0xf6, 0xf3, 0xfe, 0xf3, 0xfe,
	0x2b, 0xea, 0xa8, 0xd5, 0xa8, 0xd5, 0x87, 0xcd, 0x87, 0xcd, 0x82, 0x0c, 0xce, 0x0f, 0x87, 0xcd, 0xa8, 0xd5, 0xa8, 0xd5,
	0x2b, 0xea, 0xf3, 0xfe, 0xf3, 0xfe, 0x8e, 0xf6, 0xe9, 0xdd, 0xa7, 0xd1, 0xa7, 0xd1, 0x87, 0xcd, 0x25, 0xb9, 0x25, 0xb9,
	0x04, 0xad, 0xa0, 0xc0, 0xa0, 0xc0, 0x82, 0x00, 0x00, 0x0d, 0x25, 0xb9, 0x25, 0xb9, 0xc8, 0xd9, 0x87, 0xcd, 0x2b, 0xea,
	0x2b, 0xea, 0xf2, 0xfe, 0x6d, 0xf2, 0x6d, 0xf2, 0xa7, 0xd1, 0xe3, 0xa8, 0xe3, 0xa8, 0x25, 0xb9, 0x25, 0xb9, 0x82, 0x46,
	0xc1, 0x0c, 0x25, 0xb9, 0xe3, 0xa8, 0xe3, 0xa8, 0xa7, 0xd1, 0x6d, 0xf2, 0x6d, 0xf2, 0xf2, 0xfe, 0x2b, 0xea, 0x87, 0xcd,
	0x87, 0xcd, 0xc8, 0xd9, 0x25, 0xb9, 0x25, 0xb9, 0x82, 0xa0, 0xc0, 0x82, 0x00, 0x00, 0x0d, 0x25, 0xb9, 0x25, 0xb9, 0xc8,
	0xd9, 0x87, 0xcd, 0x2b, 0xea, 0x2b, 0xea, 0xf2, 0xfe, 0x6d, 0xf2, 0x6d, 0xf2, 0xa7, 0xd1, 0xe3, 0xa8, 0xe3, 0xa8, 0x25,
	0xb9, 0x25, 0xb9, 0x82, 0x46, 0xc1, 0x0c, 0x25, 0xb9, 0xe3, 0xa8, 0xe3, 0xa8, 0xa7, 0xd1, 0x6d, 0xf2, 0x6d, 0xf2, 0xf2,
	0xfe, 0x2b, 0xea, 0x87, 0xcd, 0x87, 0xcd, 0xc8, 0xd9, 0x25, 0xb9, 0x25, 0xb9, 0x82, 0xa0, 0xc0, 0x82, 0x00, 0x00, 0x0d,
	0x04, 0xad, 0x04, 0xad, 0xe9, 0xe5, 0x87, 0xcd, 0x6d, 0xf2, 0x6d, 0xf2, 0xaf, 0xfa, 0xe9, 0xdd, 0xe9, 0xdd, 0x0a, 0xe6,
	0x4c, 0xee, 0x4c, 0xee, 0xe9, 0xdd, 0xe9, 0xdd, 0x82, 0xa7, 0xd1, 0x0d, 0xe9, 0xdd, 0x4c, 0xee, 0x4c, 0xee, 0x0a, 0xe6,
	0xe9, 0xdd, 0xe9, 0xdd, 0xaf, 0xfa, 0x6d, 0xf2, 0x87, 0xcd, 0x87, 0xcd, 0xe9, 0xe5, 0x04, 0xad, 0x04, 0xad, 0xa0, 0xc0,
	0x84, 0x00, 0x00, 0x0d, 0xe3, 0xa8, 0xe3, 0xa8, 0xa8, 0xd5, 0xa7, 0xd1, 0x2b, 0xea, 0x2b, 0xea, 0x6d, 0xf2, 0x0a, 0xe6,
	0x0a, 0xe6, 0x2b, 0xea, 0xaf, 0xfa, 0xaf, 0xfa, 0xf3, 0xfe, 0xf3, 0xfe, 0x82, 0x2b, 0xea, 0x0c, 0xf3, 0xfe, 0xaf, 0xfa,
	0xaf, 0xfa, 0x2b, 0xea, 0x0a, 0xe6, 0x0a, 0xe6, 0x6d, 0xf2, 0x2b, 0xea, 0xa7, 0xd1, 0xa7, 0xd1, 0xa8, 0xd5, 0xe3, 0xa8,
	0xe3, 0xa8, 0x85, 0x00, 0x00, 0x0d, 0xe3, 0xa8, 0xe3, 0xa8, 0xa8, 0xd5, 0xa7, 0xd1, 0x2b, 0xea, 0x2b, 0xea, 0x6d, 0xf2,
	0x0a, 0xe6, 0x0a, 0xe6, 0x2b, 0xea, 0xaf, 0xfa, 0xaf, 0xfa, 0xf3, 0xfe, 0xf3, 0xfe, 0x82, 0x2b, 0xea, 0x0c, 0xf3, 0xfe,
	0xaf, 0xfa, 0xaf, 0xfa, 0x2b, 0xea, 0x0a, 0xe6, 0x0a, 0xe6, 0x6d, 0xf2, 0x2b, 0xea, 0xa7, 0xd1, 0xa7, 0xd1, 0xa8, 0xd5,
	0xe3, 0xa8, 0xe3, 0xa8, 0x87, 0x00, 0x00, 0x07, 0x46, 0xc1, 0xa8, 0xd5, 0xe9, 0xe5, 0xe9, 0xe5, 0x2b, 0xea, 0x66, 0xc5,
	0x66, 0xc5, 0x25, 0xb9, 0x89, 0x62, 0xcd, 0x07, 0x25, 0xb9, 0x66, 0xc5, 0x66, 0xc5, 0x2b, 0xea, 0xe9, 0xe5, 0xa8, 0xd5,
	0xa8, 0xd5, 0x46, 0xc1, 0x89, 0x00, 0x00, 0x03, 0xe3, 0xa8, 0x66, 0xc5, 0xc8, 0xd9, 0xc8, 0xd9, 0x83, 0xe9, 0xe5, 0x03,
	0x2b, 0xea, 0x2b, 0xea, 0x6d, 0xf2, 0x6d, 0xf2, 0x82, 0x8b, 0xfe, 0x02, 0x6d, 0xf2, 0x2b, 0xea, 0x2b, 0xea, 0x83, 0xe9,
	0xe5, 0x03, 0xc8, 0xd9, 0x66, 0xc5, 0x66, 0xc5, 0xe3, 0xa8, 0x89, 0x00, 0x00, 0x03, 0xe3, 0xa8, 0x66, 0xc5, 0xc8, 0xd9,
	0xc8, 0xd9, 0x83, 0xe9, 0xe5, 0x03, 0x2b, 0xea, 0x2b, 0xea, 0x6d, 0xf2, 0x6d, 0xf2, 0x82, 0x8b, 0xfe, 0x02, 0x6d, 0xf2,
	0x2b, 0xea, 0x2b, 0xea, 0x83, 0xe9, 0xe5, 0x03, 0xc8, 0xd9, 0x66, 0xc5, 0x66, 0xc5, 0xe3, 0xa8, 0x8a, 0x00, 0x00, 0x0a,
	0x04, 0xb5, 0x87, 0xcd, 0x87, 0xcd, 0x0a, 0xe6, 0x4c, 0xee, 0x4c, 0xee, 0xe9, 0xe5, 0xa8, 0xd5, 0xa8, 0xd5, 0x66, 0xc5,
	0x66, 0xc5, 0x82, 0x45, 0xbd, 0x09, 0x66, 0xc5, 0xa8, 0xd5, 0xa8, 0xd5, 0xe9, 0xe5, 0x4c, 0xee, 0x4c, 0xee, 0x0a, 0xe6,
	0x87, 0xcd, 0x04, 0xb5, 0x04, 0xb5, 0x8c, 0x00, 0x00, 0x05, 0x04, 0xb5, 0x04, 0xb5, 0xa7, 0xd1, 0x0a, 0xe6, 0x0a, 0xe6,
	0x4c, 0xee, 0x83, 0xe9, 0xe5, 0x82, 0x6d, 0xf2, 0x82, 0xe9, 0xe5, 0x04, 0x4c, 0xee, 0x0a, 0xe6, 0x0a, 0xe6, 0xa7, 0xd1,
	0x04, 0xb5, 0x8e, 0x00, 0x00, 0x05, 0x04, 0xb5, 0x04, 0xb5, 0xa7, 0xd1, 0x0a, 0xe6, 0x0a, 0xe6, 0x4c, 0xee, 0x83, 0xe9,
	0xe5, 0x82, 0x6d, 0xf2, 0x82, 0xe9, 0xe5, 0x04, 0x4c, 0xee, 0x0a, 0xe6, 0x0a, 0xe6, 0xa7, 0xd1, 0x04, 0xb5, 0x90, 0x00,
	0x00, 0x07, 0xe3, 0xa8, 0x46, 0xc1, 0x46, 0xc1, 0xc8, 0xd9, 0x2b, 0xea, 0x2b, 0xea, 0x6d, 0xf2, 0x6d, 0xf2, 0x82, 0xf3,
	0xfe, 0x06, 0x6d, 0xf2, 0x2b, 0xea, 0x2b, 0xea, 0xc8, 0xd9, 0x46, 0xc1, 0x46, 0xc1, 0xe3, 0xa8, 0x94, 0x00, 0x00, 0x02,
	0x04, 0xb5, 0x66, 0xc5, 0x66, 0xc5, 0x85, 0xa7, 0xd1, 0x02, 0x66, 0xc5, 0x66, 0xc5, 0x04, 0xb5, 0x97, 0x00, 0x00, 0x02,
	0x04, 0xb5, 0x66, 0xc5, 0x66, 0xc5, 0x85, 0xa7, 0xd1, 0x02, 0x66, 0xc5, 0x66, 0xc5, 0x04, 0xb5, 0x8b, 0x00, 0x00,
};

constexpr unsigned BottomHeartEmptyWidth = 7;
constexpr unsigned BottomHeartEmptyHeight = 8;
constexpr unsigned BottomHeartEmptyPixelCount = 56;
constexpr uint8_t BottomHeartEmptyData[] = {
	0x06, 0x00, 0x00, 0x38, 0xff, 0x38, 0xff, 0x00, 0x00, 0x38, 0xff, 0x38, 0xff, 0x00, 0x00, 0x9b, 0x38, 0xff, 0x00, 0x00,
	0x00, 0x84, 0x38, 0xff, 0x82, 0x00, 0x00, 0x82, 0x38, 0xff, 0x84, 0x00, 0x00, 0x00, 0x38, 0xff, 0x82, 0x00, 0x00,
};

constexpr unsigned BottomHeartQuarterWidth = 7;
constexpr unsigned BottomHeartQuarterHeight = 8;
constexpr unsigned BottomHeartQuarterPixelCount = 56;
constexpr uint8_t BottomHeartQuarterData[] = {
	0x06, 0x00, 0x00, 0xc4, 0xd8, 0xc4, 0xd8, 0x00, 0x00, 0x38, 0xff, 0x38, 0xff, 0x00, 0x00, 0x83, 0xc4, 0xd8, 0x82, 0x38,
	0xff, 0x82, 0xc4, 0xd8, 0x83, 0x38, 0xff, 0x83, 0xc4, 0xd8, 0x89, 0x38, 0xff, 0x00, 0x00, 0x00, 0x84, 0x38, 0xff, 0x82,
	0x00, 0x00, 0x82, 0x38, 0xff, 0x84, 0x00, 0x00, 0x00, 0x38, 0xff, 0x82, 0x00, 0x00,
};

constexpr unsigned BottomHeartHalfWidth = 7;
constexpr unsigned BottomHeartHalfHeight = 8;
constexpr unsigned BottomHeartHalfPixelCount = 56;
constexpr uint8_t BottomHeartHalfData[] = {
	0x06, 0x00, 0x00, 0xc4, 0xd8, 0xc4, 0xd8, 0x00, 0x00, 0x38, 0xff, 0x38, 0xff, 0x00, 0x00, 0x83, 0xc4, 0xd8, 0x82, 0x38,
	0xff, 0x82, 0xc4, 0xd8, 0x83, 0x38, 0xff, 0x83, 0xc4, 0xd8, 0x82, 0x38, 0xff, 0x82, 0xc4, 0xd8, 0x83, 0x38, 0xff, 0x00,
	0x00, 0x00, 0x82, 0xc4, 0xd8, 0x01, 0x38, 0xff, 0x38, 0xff, 0x82, 0x00, 0x00, 0x02, 0xc4, 0xd8, 0x38, 0xff, 0x38, 0xff,
	0x84, 0x00, 0x00, 0x00, 0xc4, 0xd8, 0x82, 0x00, 0x00,
};

constexpr unsigned BottomHeartThreeQuarterWidth = 7;
constexpr unsigned BottomHeartThreeQuarterHeight = 8;
constexpr unsigned BottomHeartThreeQuarterPixelCount = 56;
constexpr uint8_t BottomHeartThreeQuarterData[] = {
	0x06, 0x00, 0x00, 0xc4, 0xd8, 0xc4, 0xd8, 0x00, 0x00, 0x38, 0xff, 0x38, 0xff, 0x00, 0x00, 0x83, 0xc4, 0xd8, 0x82, 0x38,
	0xff, 0x82, 0xc4, 0xd8, 0x83, 0x38, 0xff, 0x83, 0xc4, 0xd8, 0x82, 0x38, 0xff, 0x86, 0xc4, 0xd8, 0x00, 0x00, 0x00, 0x84,
	0xc4, 0xd8, 0x82, 0x00, 0x00, 0x82, 0xc4, 0xd8, 0x84, 0x00, 0x00, 0x00, 0xc4, 0xd8, 0x82, 0x00, 0x00,
};

constexpr unsigned BottomHeartFullWidth = 7;
constexpr unsigned BottomHeartFullHeight = 8;
constexpr unsigned BottomHeartFullPixelCount = 56;
constexpr uint8_t BottomHeartFullData[] = {
	0x06, 0x00, 0x00, 0xc4, 0xd8, 0xc4, 0xd8, 0x00, 0x00, 0xc4, 0xd8, 0xc4, 0xd8, 0x00, 0x00, 0x9b, 0xc4, 0xd8, 0x00, 0x00,
	0x00, 0x84, 0xc4, 0xd8, 0x82, 0x00, 0x00, 0x82, 0xc4, 0xd8, 0x84, 0x00, 0x00, 0x00, 0xc4, 0xd8, 0x82, 0x00, 0x00,
};

constexpr unsigned BottomCounterRupeeWidth = 9;
constexpr unsigned BottomCounterRupeeHeight = 9;
constexpr unsigned BottomCounterRupeePixelCount = 81;
constexpr uint8_t BottomCounterRupeeData[] = {
	0x82, 0x00, 0x00, 0x00, 0x64, 0xf6, 0x83, 0x38, 0xff, 0x03, 0x64, 0xf6, 0x00, 0x00, 0x00, 0x00, 0x38, 0xff, 0x83, 0x64,
	0xf6, 0x03, 0x00, 0x00, 0x64, 0xf6, 0x00, 0x00, 0x38, 0xff, 0x84, 0x64, 0xf6, 0x00, 0x00, 0x00, 0x87, 0x64, 0xf6, 0x02,
	0x00, 0x00, 0x64, 0xf6, 0x38, 0xff, 0x84, 0x64, 0xf6, 0x82, 0x00, 0x00, 0x00, 0x38, 0xff, 0x84, 0x64, 0xf6, 0x82, 0x00,
	0x00, 0x00, 0x38, 0xff, 0x82, 0x64, 0xf6, 0x05, 0x00, 0x00, 0x00, 0x00, 0x64, 0xf6, 0x64, 0xf6, 0x00, 0x00, 0x38, 0xff,
	0x82, 0x00, 0x00, 0x82, 0x64, 0xf6, 0x01, 0x00, 0x00, 0x00, 0x00, 0x82, 0x64, 0xf6, 0x02, 0x00, 0x00, 0x64, 0xf6, 0x64,
	0xf6, 0x82, 0x00, 0x00,
};

constexpr unsigned BottomCounterKeyWidth = 9;
constexpr unsigned BottomCounterKeyHeight = 9;
constexpr unsigned BottomCounterKeyPixelCount = 81;
constexpr uint8_t BottomCounterKeyData[] = {
	0x83, 0x00, 0x00, 0x83, 0x64, 0xf6, 0x83, 0x00, 0x00, 0x00, 0x64, 0xf6, 0x82, 0x00, 0x00, 0x01, 0x64, 0xf6, 0x64, 0xf6,
	0x82, 0x00, 0x00, 0x00, 0x64, 0xf6, 0x83, 0x00, 0x00, 0x00, 0x64, 0xf6, 0x83, 0x00, 0x00, 0x04, 0x64, 0xf6, 0x64, 0xf6,
	0x00, 0x00, 0x00, 0x00, 0x64, 0xf6, 0x82, 0x00, 0x00, 0x04, 0x64, 0xf6, 0x00, 0x00, 0x00, 0x00, 0x64, 0xf6, 0x64, 0xf6,
	0x83, 0x00, 0x00, 0x04, 0x64, 0xf6, 0x00, 0x00, 0x00, 0x00, 0x64, 0xf6, 0x64, 0xf6, 0x82, 0x00, 0x00, 0x00, 0x64, 0xf6,
	0x86, 0x00, 0x00, 0x02, 0x64, 0xf6, 0x00, 0x00, 0x64, 0xf6, 0x84, 0x00, 0x00, 0x02, 0x64, 0xf6, 0x00, 0x00, 0x64, 0xf6,
	0x85, 0x00, 0x00,
};

constexpr unsigned BottomCounterBombWidth = 9;
constexpr unsigned BottomCounterBombHeight = 9;
constexpr unsigned BottomCounterBombPixelCount = 81;
constexpr uint8_t BottomCounterBombData[] = {
	0x87, 0x00, 0x00, 0x03, 0xff, 0xff, 0x00, 0x00, 0x00, 0x00, 0x8c, 0xb1, 0x83, 0x1f, 0xa1, 0x05, 0x00, 0x00, 0xff, 0xff,
	0x00, 0x00, 0x8c, 0xb1, 0xff, 0xff, 0x8c, 0xb1, 0x83, 0x1f, 0xa1, 0x03, 0x00, 0x00, 0x8c, 0xb1, 0xff, 0xff, 0x8c, 0xb1,
	0x85, 0x1f, 0xa1, 0x02, 0x8c, 0xb1, 0xff, 0xff, 0x8c, 0xb1, 0x85, 0x1f, 0xa1, 0x02, 0x8c, 0xb1, 0xff, 0xff, 0x8c, 0xb1,
	0x86, 0x1f, 0xa1, 0x00, 0x8c, 0xb1, 0x86, 0x1f, 0xa1, 0x00, 0x00, 0x00, 0x86, 0x1f, 0xa1, 0x82, 0x00, 0x00, 0x84, 0x1f,
	0xa1, 0x01, 0x00, 0x00, 0x00, 0x00,
};

constexpr unsigned BottomItemSwordWidth = 12;
constexpr unsigned BottomItemSwordHeight = 28;
constexpr unsigned BottomItemSwordPixelCount = 336;
constexpr uint8_t BottomItemSwordData[] = {
	0x84, 0x00, 0x00, 0x01, 0x21, 0xc9, 0x21, 0xc9, 0x89, 0x00, 0x00, 0x01, 0x21, 0xc9, 0x21, 0xc9, 0x87, 0x00, 0x00, 0x85,
	0x21, 0xc9, 0x85, 0x00, 0x00, 0x85, 0x21, 0xc9, 0x85, 0x00, 0x00, 0x85, 0x21, 0xc9, 0x85, 0x00, 0x00, 0x85, 0x21, 0xc9,
	0x85, 0x00, 0x00, 0x85, 0x21, 0xc9, 0x85, 0x00, 0x00, 0x85, 0x21, 0xc9, 0x85, 0x00, 0x00, 0x85, 0x21, 0xc9, 0x85, 0x00,
	0x00, 0x85, 0x21, 0xc9, 0x85, 0x00, 0x00, 0x85, 0x21, 0xc9, 0x85, 0x00, 0x00, 0x85, 0x21, 0xc9, 0x85, 0x00, 0x00, 0x85,
	0x21, 0xc9, 0x85, 0x00, 0x00, 0x85, 0x21, 0xc9, 0x85, 0x00, 0x00, 0x85, 0x21, 0xc9, 0x85, 0x00, 0x00, 0x85, 0x21, 0xc9,
	0x85, 0x00, 0x00, 0x85, 0x21, 0xc9, 0x85, 0x00, 0x00, 0x85, 0x21, 0xc9, 0x85, 0x00, 0x00, 0x85, 0x21, 0xc9, 0x82, 0x00,
	0x00, 0x99, 0x60, 0xc7, 0x00, 0x00, 0x00, 0x85, 0x65, 0xf2, 0x00, 0x00, 0x00, 0x83, 0x60, 0xc7, 0x00, 0x00, 0x00, 0x85,
	0x65, 0xf2, 0x02, 0x00, 0x00, 0x60, 0xc7, 0x60, 0xc7, 0x82, 0x00, 0x00, 0x85, 0x60, 0xc7, 0x85, 0x00, 0x00, 0x85, 0x60,
	0xc7, 0x85, 0x00, 0x00, 0x85, 0x65, 0xf2, 0x85, 0x00, 0x00, 0x85, 0x60, 0xc7, 0x85, 0x00, 0x00, 0x85, 0x60, 0xc7, 0x82,
	0x00, 0x00,
};

constexpr unsigned BottomItemBoomerangWidth = 17;
constexpr unsigned BottomItemBoomerangHeight = 28;
constexpr unsigned BottomItemBoomerangPixelCount = 476;
constexpr uint8_t BottomItemBoomerangData[] = {
	0x82, 0x62, 0xf1, 0x83, 0x88, 0xfe, 0x82, 0xe3, 0xdf, 0x86, 0x00, 0x00, 0x82, 0x62, 0xf1, 0x83, 0x88, 0xfe, 0x82, 0xe3,
	0xdf, 0x86, 0x00, 0x00, 0x82, 0x62, 0xf1, 0x83, 0x88, 0xfe, 0x82, 0xe3, 0xdf, 0x86, 0x00, 0x00, 0x82, 0x62, 0xf1, 0x83,
	0x88, 0xfe, 0x82, 0xe3, 0xdf, 0x89, 0x00, 0x00, 0x83, 0x62, 0xf1, 0x86, 0xe3, 0xdf, 0x85, 0x00, 0x00, 0x83, 0x62, 0xf1,
	0x86, 0xe3, 0xdf, 0x85, 0x00, 0x00, 0x83, 0x62, 0xf1, 0x86, 0xe3, 0xdf, 0x89, 0x00, 0x00, 0x82, 0x62, 0xf1, 0x83, 0xe3,
	0xdf, 0x82, 0x88, 0xfe, 0x86, 0x00, 0x00, 0x82, 0x62, 0xf1, 0x83, 0xe3, 0xdf, 0x82, 0x88, 0xfe, 0x86, 0x00, 0x00, 0x82,
	0x62, 0xf1, 0x83, 0xe3, 0xdf, 0x82, 0x88, 0xfe, 0x86, 0x00, 0x00, 0x82, 0x62, 0xf1, 0x83, 0xe3, 0xdf, 0x82, 0x88, 0xfe,
	0x86, 0x00, 0x00, 0x82, 0x62, 0xf1, 0x86, 0x88, 0xfe, 0x86, 0x00, 0x00, 0x82, 0x62, 0xf1, 0x86, 0x88, 0xfe, 0x86, 0x00,
	0x00, 0x82, 0x62, 0xf1, 0x86, 0x88, 0xfe, 0x86, 0x00, 0x00, 0x82, 0x62, 0xf1, 0x86, 0x88, 0xfe, 0x86, 0x00, 0x00, 0x82,
	0x62, 0xf1, 0x86, 0x88, 0xfe, 0x86, 0x00, 0x00, 0x82, 0x62, 0xf1, 0x86, 0x88, 0xfe, 0x86, 0x00, 0x00, 0x82, 0x62, 0xf1,
	0x86, 0x88, 0xfe, 0x86, 0x00, 0x00, 0x82, 0x62, 0xf1, 0x86, 0x88, 0xfe, 0x86, 0x00, 0x00, 0x82, 0x62, 0xf1, 0x86, 0x88,
	0xfe, 0x86, 0x00, 0x00, 0x82, 0x62, 0xf1, 0x86, 0x88, 0xfe, 0x82, 0x00, 0x00, 0x83, 0x62, 0xf1, 0x86, 0x88, 0xfe, 0x85,
	0x00, 0x00, 0x83, 0x62, 0xf1, 0x86, 0x88, 0xfe, 0x85, 0x00, 0x00, 0x83, 0x62, 0xf1, 0x86, 0x88, 0xfe, 0x85, 0x00, 0x00,
	0x83, 0x62, 0xf1, 0x86, 0x88, 0xfe, 0x82, 0x00, 0x00, 0x82, 0x62, 0xf1, 0x86, 0x88, 0xfe, 0x86, 0x00, 0x00, 0x82, 0x62,
	0xf1, 0x86, 0x88, 0xfe, 0x86, 0x00, 0x00, 0x82, 0x62, 0xf1, 0x86, 0x88, 0xfe, 0x86, 0x00, 0x00,
};

constexpr unsigned BottomItemBowWidth = 9;
constexpr unsigned BottomItemBowHeight = 28;
constexpr unsigned BottomItemBowPixelCount = 252;
constexpr uint8_t BottomItemBowData[] = {
	0x83, 0x00, 0x00, 0x00, 0x65, 0xf2, 0x87, 0x00, 0x00, 0x00, 0x65, 0xf2, 0x87, 0x00, 0x00, 0x00, 0x65, 0xf2, 0x87, 0x00,
	0x00, 0x00, 0x65, 0xf2, 0x85, 0x00, 0x00, 0x84, 0x65, 0xf2, 0x83, 0x00, 0x00, 0x04, 0x65, 0xf2, 0x65, 0xf2, 0x60, 0xc7,
	0x65, 0xf2, 0x65, 0xf2, 0x83, 0x00, 0x00, 0x04, 0x65, 0xf2, 0x65, 0xf2, 0x60, 0xc7, 0x65, 0xf2, 0x65, 0xf2, 0x85, 0x00,
	0x00, 0x00, 0x60, 0xc7, 0x87, 0x00, 0x00, 0x00, 0x60, 0xc7, 0x87, 0x00, 0x00, 0x00, 0x60, 0xc7, 0x87, 0x00, 0x00, 0x00,
	0x60, 0xc7, 0x87, 0x00, 0x00, 0x00, 0x60, 0xc7, 0x87, 0x00, 0x00, 0x00, 0x60, 0xc7, 0x87, 0x00, 0x00, 0x00, 0x60, 0xc7,
	0x87, 0x00, 0x00, 0x00, 0x60, 0xc7, 0x87, 0x00, 0x00, 0x00, 0x60, 0xc7, 0x87, 0x00, 0x00, 0x00, 0x60, 0xc7, 0x87, 0x00,
	0x00, 0x00, 0x60, 0xc7, 0x85, 0x00, 0x00, 0x0d, 0x21, 0xc9, 0x21, 0xc9, 0x60, 0xc7, 0x21, 0xc9, 0x21, 0xc9, 0x00, 0x00,
	0x00, 0x00, 0x21, 0xc9, 0x21, 0xc9, 0x00, 0x00, 0x00, 0x00, 0x60, 0xc7, 0x00, 0x00, 0x00, 0x00, 0x83, 0x21, 0xc9, 0x0d,
	0x00, 0x00, 0x00, 0x00, 0x60, 0xc7, 0x00, 0x00, 0x00, 0x00, 0x21, 0xc9, 0x21, 0xc9, 0x00, 0x00, 0x00, 0x00, 0x21, 0xc9,
	0x21, 0xc9, 0x60, 0xc7, 0x21, 0xc9, 0x21, 0xc9, 0x83, 0x00, 0x00, 0x0d, 0x21, 0xc9, 0x21, 0xc9, 0x60, 0xc7, 0x21, 0xc9,
	0x21, 0xc9, 0x00, 0x00, 0x00, 0x00, 0x21, 0xc9, 0x21, 0xc9, 0x00, 0x00, 0x00, 0x00, 0x60, 0xc7, 0x00, 0x00, 0x00, 0x00,
	0x83, 0x21, 0xc9, 0x16, 0x00, 0x00, 0x00, 0x00, 0x60, 0xc7, 0x00, 0x00, 0x00, 0x00, 0x21, 0xc9, 0x21, 0xc9, 0x00, 0x00,
	0x00, 0x00, 0x21, 0xc9, 0x21, 0xc9, 0x60, 0xc7, 0x21, 0xc9, 0x21, 0xc9, 0x00, 0x00, 0x00, 0x00, 0x21, 0xc9, 0x21, 0xc9,
	0x00, 0x00, 0x00, 0x00, 0x60, 0xc7, 0x00, 0x00, 0x00, 0x00, 0x83, 0x21, 0xc9, 0x06, 0x00, 0x00, 0x00, 0x00, 0x60, 0xc7,
	0x00, 0x00, 0x00, 0x00, 0x21, 0xc9, 0x21, 0xc9,
};

constexpr unsigned BottomItemBombWidth = 16;
constexpr unsigned BottomItemBombHeight = 28;
constexpr unsigned BottomItemBombPixelCount = 448;
constexpr uint8_t BottomItemBombData[] = {
	0x89, 0x00, 0x00, 0x01, 0xff, 0xff, 0xff, 0xff, 0x8d, 0x00, 0x00, 0x01, 0xff, 0xff, 0xff, 0xff, 0x8d, 0x00, 0x00, 0x01,
	0xff, 0xff, 0xff, 0xff, 0x8d, 0x00, 0x00, 0x01, 0xff, 0xff, 0xff, 0xff, 0x8f, 0x00, 0x00, 0x01, 0xff, 0xff, 0xff, 0xff,
	0x8d, 0x00, 0x00, 0x01, 0xff, 0xff, 0xff, 0xff, 0x8f, 0x00, 0x00, 0x01, 0xff, 0xff, 0xff, 0xff, 0x8d, 0x00, 0x00, 0x01,
	0xff, 0xff, 0xff, 0xff, 0x8d, 0x00, 0x00, 0x01, 0xff, 0xff, 0xff, 0xff, 0x8d, 0x00, 0x00, 0x01, 0xff, 0xff, 0xff, 0xff,
	0x8b, 0x00, 0x00, 0x01, 0xff, 0xff, 0xff, 0xff, 0x8d, 0x00, 0x00, 0x01, 0xff, 0xff, 0xff, 0xff, 0x85, 0x00, 0x00, 0x87,
	0x13, 0x80, 0x87, 0x00, 0x00, 0x87, 0x13, 0x80, 0x85, 0x00, 0x00, 0x01, 0x13, 0x80, 0x13, 0x80, 0x83, 0x3f, 0xc6, 0x85,
	0x13, 0x80, 0x83, 0x00, 0x00, 0x01, 0x13, 0x80, 0x13, 0x80, 0x83, 0x3f, 0xc6, 0x85, 0x13, 0x80, 0x09, 0x00, 0x00, 0x00,
	0x00, 0x13, 0x80, 0x13, 0x80, 0x3f, 0xc6, 0x3f, 0xc6, 0xff, 0xff, 0xff, 0xff, 0x3f, 0xc6, 0x3f, 0xc6, 0x89, 0x13, 0x80,
	0x05, 0x3f, 0xc6, 0x3f, 0xc6, 0xff, 0xff, 0xff, 0xff, 0x3f, 0xc6, 0x3f, 0xc6, 0x89, 0x13, 0x80, 0x83, 0x3f, 0xc6, 0x8b,
	0x13, 0x80, 0x83, 0x3f, 0xc6, 0xc9, 0x13, 0x80, 0x01, 0x00, 0x00, 0x00, 0x00, 0x8b, 0x13, 0x80, 0x83, 0x00, 0x00, 0x8b,
	0x13, 0x80, 0x85, 0x00, 0x00, 0x87, 0x13, 0x80, 0x87, 0x00, 0x00, 0x87, 0x13, 0x80, 0x83, 0x00, 0x00,
};

constexpr unsigned BottomItemCandleWidth = 14;
constexpr unsigned BottomItemCandleHeight = 28;
constexpr unsigned BottomItemCandlePixelCount = 392;
constexpr uint8_t BottomItemCandleData[] = {
	0x85, 0x00, 0x00, 0x01, 0xc4, 0xd8, 0xc4, 0xd8, 0x8b, 0x00, 0x00, 0x01, 0xc4, 0xd8, 0xc4, 0xd8, 0x89, 0x00, 0x00, 0x85,
	0xc4, 0xd8, 0x87, 0x00, 0x00, 0x85, 0xc4, 0xd8, 0x87, 0x00, 0x00, 0x03, 0xc4, 0xd8, 0xc4, 0xd8, 0x64, 0xf2, 0x64, 0xf2,
	0x82, 0xc4, 0xd8, 0x86, 0x00, 0x00, 0x03, 0xc4, 0xd8, 0xc4, 0xd8, 0x64, 0xf2, 0x64, 0xf2, 0x82, 0xc4, 0xd8, 0x85, 0x00,
	0x00, 0x84, 0xc4, 0xd8, 0x02, 0x64, 0xf2, 0x64, 0xf2, 0xc4, 0xd8, 0x86, 0x00, 0x00, 0x01, 0xc4, 0xd8, 0xc4, 0xd8, 0x83,
	0x64, 0xf2, 0x87, 0x00, 0x00, 0x01, 0xc4, 0xd8, 0xc4, 0xd8, 0x83, 0x64, 0xf2, 0xa3, 0x00, 0x00, 0x84, 0xff, 0xff, 0x86,
	0x00, 0x00, 0x08, 0xff, 0xff, 0xff, 0xff, 0x00, 0x80, 0xff, 0xff, 0xff, 0xff, 0x00, 0x80, 0x00, 0x80, 0xff, 0xff, 0xff,
	0xff, 0x84, 0x00, 0x00, 0x08, 0xff, 0xff, 0xff, 0xff, 0x00, 0x80, 0xff, 0xff, 0xff, 0xff, 0x00, 0x80, 0x00, 0x80, 0xff,
	0xff, 0xff, 0xff, 0x86, 0x00, 0x00, 0x07, 0xff, 0xff, 0x00, 0x80, 0x00, 0x80, 0xff, 0xff, 0xff, 0xff, 0x00, 0x80, 0x00,
	0x80, 0xff, 0xff, 0x85, 0x00, 0x00, 0x07, 0xff, 0xff, 0x00, 0x80, 0x00, 0x80, 0xff, 0xff, 0xff, 0xff, 0x00, 0x80, 0x00,
	0x80, 0xff, 0xff, 0x85, 0x00, 0x00, 0x84, 0xff, 0xff, 0x02, 0x00, 0x80, 0x00, 0x80, 0xff, 0xff, 0x85, 0x00, 0x00, 0x84,
	0xff, 0xff, 0x02, 0x00, 0x80, 0x00, 0x80, 0xff, 0xff, 0x85, 0x00, 0x00, 0x86, 0xff, 0xff, 0x02, 0x00, 0x00, 0x64, 0xf2,
	0x64, 0xf2, 0x83, 0x00, 0x00, 0x86, 0xff, 0xff, 0x02, 0x00, 0x00, 0x64, 0xf2, 0x64, 0xf2, 0x83, 0x00, 0x00, 0x86, 0xff,
	0xff, 0x02, 0x00, 0x00, 0x64, 0xf2, 0x64, 0xf2, 0x83, 0x00, 0x00, 0x86, 0xff, 0xff, 0x02, 0x00, 0x00, 0x64, 0xf2, 0x64,
	0xf2, 0x83, 0x00, 0x00, 0x86, 0xff, 0xff, 0x02, 0x00, 0x00, 0x64, 0xf2, 0x64, 0xf2, 0x83, 0x00, 0x00, 0x86, 0xff, 0xff,
	0x02, 0x00, 0x00, 0x64, 0xf2, 0x64, 0xf2, 0x83, 0x00, 0x00, 0x86, 0xff, 0xff, 0x00, 0x00, 0x00, 0x83, 0x64, 0xf2, 0x01,
	0x00, 0x00, 0x00, 0x00, 0x86, 0xff, 0xff, 0x82, 0x64, 0xf2, 0x01, 0x00, 0x00, 0x00, 0x00, 0x89, 0x64, 0xf2, 0x83, 0x00,
	0x00, 0x89, 0x64, 0xf2, 0x01, 0x00, 0x00, 0x00, 0x00,
};

constexpr unsigned BottomItemWhistleWidth = 5;
constexpr unsigned BottomItemWhistleHeight = 28;
constexpr unsigned BottomItemWhistlePixelCount = 140;
constexpr uint8_t BottomItemWhistleData[] = {
	0x89, 0xa0, 0xec, 0x0b, 0xff, 0xff, 0xff, 0xff, 0x00, 0x84, 0x67, 0xfe, 0x67, 0xfe, 0xff, 0xff, 0xff, 0xff, 0x00, 0x84,
	0x67, 0xfe, 0x67, 0xfe, 0xff, 0xff, 0xff, 0xff, 0x82, 0x67, 0xfe, 0x0b, 0xff, 0xff, 0xff, 0xff, 0x00, 0x84, 0x67, 0xfe,
	0x67, 0xfe, 0xff, 0xff, 0xff, 0xff, 0x00, 0x84, 0x67, 0xfe, 0x67, 0xfe, 0xff, 0xff, 0xff, 0xff, 0x82, 0x67, 0xfe, 0x01,
	0xff, 0xff, 0xff, 0xff, 0x82, 0x67, 0xfe, 0x0b, 0xff, 0xff, 0xff, 0xff, 0x00, 0x84, 0x67, 0xfe, 0x67, 0xfe, 0xff, 0xff,
	0xff, 0xff, 0x00, 0x84, 0x67, 0xfe, 0x67, 0xfe, 0xff, 0xff, 0xff, 0xff, 0x82, 0x67, 0xfe, 0x0b, 0xff, 0xff, 0xff, 0xff,
	0x00, 0x84, 0x67, 0xfe, 0x67, 0xfe, 0xff, 0xff, 0xff, 0xff, 0x00, 0x84, 0x67, 0xfe, 0x67, 0xfe, 0xff, 0xff, 0xff, 0xff,
	0x82, 0x67, 0xfe, 0x01, 0xff, 0xff, 0xff, 0xff, 0x82, 0x67, 0xfe, 0x0b, 0xff, 0xff, 0xff, 0xff, 0x00, 0x84, 0x67, 0xfe,
	0x67, 0xfe, 0xff, 0xff, 0xff, 0xff, 0x00, 0x84, 0x67, 0xfe, 0x67, 0xfe, 0xff, 0xff, 0xff, 0xff, 0x82, 0x67, 0xfe, 0x01,
	0xff, 0xff, 0xff, 0xff, 0x82, 0x67, 0xfe, 0x01, 0xff, 0xff, 0xff, 0xff, 0x82, 0x67, 0xfe, 0x02, 0x00, 0x84, 0x00, 0x84,
	0x67, 0xfe, 0x83, 0x00, 0x84, 0x04, 0x67, 0xfe, 0x00, 0x84, 0x00, 0x84, 0xff, 0xff, 0xff, 0xff, 0x82, 0x67, 0xfe, 0x01,
	0xff, 0xff, 0xff, 0xff, 0x82, 0x67, 0xfe, 0x06, 0xff, 0xff, 0xff, 0xff, 0x00, 0x84, 0x67, 0xfe, 0x67, 0xfe, 0xff, 0xff,
	0xff, 0xff, 0x82, 0x67, 0xfe, 0x01, 0xff, 0xff, 0xff, 0xff, 0x82, 0x67, 0xfe,
};

constexpr unsigned BottomItemWandWidth = 7;
constexpr unsigned BottomItemWandHeight = 28;
constexpr unsigned BottomItemWandPixelCount = 196;
constexpr uint8_t BottomItemWandData[] = {
	0x01, 0x00, 0x00, 0x00, 0x00, 0x82, 0x14, 0x94, 0x83, 0x00, 0x00, 0x82, 0x14, 0x94, 0x05, 0x00, 0x00, 0x00, 0x00, 0x14,
	0x94, 0x14, 0x94, 0xff, 0xff, 0xff, 0xff, 0x84, 0x14, 0x94, 0x01, 0xff, 0xff, 0xff, 0xff, 0x89, 0x14, 0x94, 0x01, 0xff,
	0xff, 0xff, 0xff, 0x82, 0x14, 0x94, 0x83, 0xff, 0xff, 0x82, 0x14, 0x94, 0x03, 0xff, 0xff, 0xff, 0xff, 0x00, 0x00, 0x00,
	0x00, 0x82, 0xff, 0xff, 0x83, 0x00, 0x00, 0x82, 0xff, 0xff, 0x83, 0x00, 0x00, 0x82, 0x3f, 0xce, 0x83, 0x00, 0x00, 0x82,
	0x3f, 0xce, 0x83, 0x00, 0x00, 0x82, 0xff, 0xff, 0x83, 0x00, 0x00, 0x82, 0x3f, 0xce, 0x83, 0x00, 0x00, 0x82, 0x3f, 0xce,
	0x83, 0x00, 0x00, 0x82, 0x3f, 0xce, 0x83, 0x00, 0x00, 0x82, 0x3f, 0xce, 0x83, 0x00, 0x00, 0x82, 0x3f, 0xce, 0x83, 0x00,
	0x00, 0x82, 0x3f, 0xce, 0x83, 0x00, 0x00, 0x82, 0x3f, 0xce, 0x83, 0x00, 0x00, 0x82, 0x3f, 0xce, 0x83, 0x00, 0x00, 0x82,
	0x3f, 0xce, 0x83, 0x00, 0x00, 0x82, 0x3f, 0xce, 0x83, 0x00, 0x00, 0x82, 0x3f, 0xce, 0x83, 0x00, 0x00, 0x82, 0x3f, 0xce,
	0x83, 0x00, 0x00, 0x82, 0x3f, 0xce, 0x83, 0x00, 0x00, 0x82, 0x3f, 0xce, 0x83, 0x00, 0x00, 0x82, 0x3f, 0xce, 0x83, 0x00,
	0x00, 0x82, 0x3f, 0xce, 0x01, 0x00, 0x00, 0x00, 0x00,
};

constexpr unsigned BottomItemPotionWidth = 14;
constexpr unsigned BottomItemPotionHeight = 28;
constexpr unsigned BottomItemPotionPixelCount = 392;
constexpr uint8_t BottomItemPotionData[] = {
	0x83, 0x00, 0x00, 0x86, 0x3f, 0xce, 0x86, 0x00, 0x00, 0x86, 0x3f, 0xce, 0x87, 0x00, 0x00, 0x83, 0x14, 0x94, 0x89, 0x00,
	0x00, 0x83, 0x14, 0x94, 0x88, 0x00, 0x00, 0x86, 0xff, 0xff, 0x86, 0x00, 0x00, 0x00, 0xff, 0xff, 0x83, 0x14, 0x94, 0x01,
	0xff, 0xff, 0xff, 0xff, 0x86, 0x00, 0x00, 0x00, 0xff, 0xff, 0x83, 0x14, 0x94, 0x01, 0xff, 0xff, 0xff, 0xff, 0x86, 0x00,
	0x00, 0x00, 0xff, 0xff, 0x83, 0x00, 0x00, 0x01, 0xff, 0xff, 0xff, 0xff, 0x86, 0x00, 0x00, 0x00, 0xff, 0xff, 0x83, 0x00,
	0x00, 0x01, 0xff, 0xff, 0xff, 0xff, 0x86, 0x00, 0x00, 0x00, 0xff, 0xff, 0x83, 0x00, 0x00, 0x01, 0xff, 0xff, 0xff, 0xff,
	0x86, 0x00, 0x00, 0x00, 0xff, 0xff, 0x83, 0x00, 0x00, 0x01, 0xff, 0xff, 0xff, 0xff, 0x84, 0x00, 0x00, 0x82, 0xff, 0xff,
	0x83, 0x00, 0x00, 0x82, 0xff, 0xff, 0x03, 0x00, 0x00, 0x00, 0x00, 0xff, 0xff, 0xff, 0xff, 0x89, 0x00, 0x00, 0x83, 0xff,
	0xff, 0x89, 0x00, 0x00, 0x83, 0xff, 0xff, 0x89, 0x00, 0x00, 0x83, 0xff, 0xff, 0x89, 0x00, 0x00, 0x83, 0xff, 0xff, 0x89,
	0x14, 0x94, 0x83, 0xff, 0xff, 0x89, 0x14, 0x94, 0x83, 0xff, 0xff, 0x88, 0x14, 0x94, 0x00, 0x3f, 0xce, 0x83, 0xff, 0xff,
	0x02, 0x14, 0x94, 0x14, 0x94, 0x3f, 0xce, 0x86, 0x14, 0x94, 0x83, 0xff, 0xff, 0x02, 0x14, 0x94, 0x14, 0x94, 0x3f, 0xce,
	0x86, 0x14, 0x94, 0x83, 0xff, 0xff, 0x84, 0x14, 0x94, 0x01, 0x3f, 0xce, 0x3f, 0xce, 0x82, 0x14, 0x94, 0x83, 0xff, 0xff,
	0x84, 0x14, 0x94, 0x01, 0x3f, 0xce, 0x3f, 0xce, 0x82, 0x14, 0x94, 0x85, 0xff, 0xff, 0x86, 0x14, 0x94, 0x86, 0xff, 0xff,
	0x86, 0x14, 0x94, 0x90, 0xff, 0xff, 0x01, 0x00, 0x00, 0x00, 0x00, 0x89, 0xff, 0xff, 0x83, 0x00, 0x00, 0x89, 0xff, 0xff,
	0x01, 0x00, 0x00, 0x00, 0x00,
};

constexpr unsigned BottomItemMeatWidth = 14;
constexpr unsigned BottomItemMeatHeight = 28;
constexpr unsigned BottomItemMeatPixelCount = 392;
constexpr uint8_t BottomItemMeatData[] = {
	0x83, 0x00, 0x00, 0x02, 0xff, 0xff, 0x00, 0x00, 0x00, 0x00, 0x83, 0xff, 0xff, 0x86, 0x00, 0x00, 0x02, 0xff, 0xff, 0x00,
	0x00, 0x00, 0x00, 0x83, 0xff, 0xff, 0x87, 0x00, 0x00, 0x83, 0xff, 0xff, 0x89, 0x00, 0x00, 0x83, 0xff, 0xff, 0x89, 0x00,
	0x00, 0x83, 0xff, 0xff, 0x88, 0x00, 0x00, 0x00, 0xc4, 0xd8, 0x83, 0xff, 0xff, 0x01, 0xc4, 0xd8, 0xc4, 0xd8, 0x86, 0x00,
	0x00, 0x00, 0xc4, 0xd8, 0x83, 0xff, 0xff, 0x01, 0xc4, 0xd8, 0xc4, 0xd8, 0x84, 0x00, 0x00, 0x89, 0xc4, 0xd8, 0x83, 0x00,
	0x00, 0x89, 0xc4, 0xd8, 0x0c, 0x00, 0x00, 0x00, 0x00, 0xc4, 0xd8, 0xc4, 0xd8, 0x64, 0xf2, 0x64, 0xf2, 0xc4, 0xd8, 0x64,
	0xf2, 0x64, 0xf2, 0xc4, 0xd8, 0xc4, 0xd8, 0x64, 0xf2, 0x64, 0xf2, 0x84, 0xc4, 0xd8, 0x08, 0x64, 0xf2, 0x64, 0xf2, 0xc4,
	0xd8, 0x64, 0xf2, 0x64, 0xf2, 0xc4, 0xd8, 0xc4, 0xd8, 0x64, 0xf2, 0x64, 0xf2, 0x82, 0xc4, 0xd8, 0x01, 0x64, 0xf2, 0x64,
	0xf2, 0x90, 0xc4, 0xd8, 0x01, 0x64, 0xf2, 0x64, 0xf2, 0x8b, 0xc4, 0xd8, 0x01, 0x64, 0xf2, 0x64, 0xf2, 0x86, 0xc4, 0xd8,
	0x04, 0x64, 0xf2, 0x64, 0xf2, 0xc4, 0xd8, 0xc4, 0xd8, 0x64, 0xf2, 0x88, 0xc4, 0xd8, 0x04, 0x64, 0xf2, 0x64, 0xf2, 0xc4,
	0xd8, 0xc4, 0xd8, 0x64, 0xf2, 0x93, 0xc4, 0xd8, 0x00, 0x64, 0xf2, 0x8c, 0xc4, 0xd8, 0x0b, 0x64, 0xf2, 0xc4, 0xd8, 0xc4,
	0xd8, 0x00, 0x00, 0x00, 0x00, 0xc4, 0xd8, 0xc4, 0xd8, 0x64, 0xf2, 0xc4, 0xd8, 0xc4, 0xd8, 0x64, 0xf2, 0x64, 0xf2, 0x82,
	0xc4, 0xd8, 0x85, 0x00, 0x00, 0x86, 0xc4, 0xd8, 0x86, 0x00, 0x00, 0x86, 0xc4, 0xd8, 0x87, 0x00, 0x00, 0x83, 0xff, 0xff,
	0x89, 0x00, 0x00, 0x83, 0xff, 0xff, 0x89, 0x00, 0x00, 0x83, 0xff, 0xff, 0x89, 0x00, 0x00, 0x83, 0xff, 0xff, 0x89, 0x00,
	0x00, 0x83, 0xff, 0xff, 0x88, 0x00, 0x00, 0x82, 0xff, 0xff, 0x03, 0x00, 0x00, 0x00, 0x00, 0xff, 0xff, 0xff, 0xff, 0x86,
	0x00, 0x00, 0x82, 0xff, 0xff, 0x03, 0x00, 0x00, 0x00, 0x00, 0xff, 0xff, 0xff, 0xff, 0x82, 0x00, 0x00,
};

constexpr unsigned BottomItemLadderWidth = 24;
constexpr unsigned BottomItemLadderHeight = 24;
constexpr unsigned BottomItemLadderPixelCount = 576;
constexpr uint8_t BottomItemLadderData[] = {
	0x84, 0x65, 0xf2, 0x8e, 0x00, 0x00, 0x83, 0x65, 0xf2, 0x84, 0x21, 0xc9, 0x8e, 0x65, 0xf2, 0x88, 0x21, 0xc9, 0x8e, 0x65,
	0xf2, 0xb8, 0x21, 0xc9, 0x8e, 0x00, 0x00, 0x88, 0x21, 0xc9, 0x8e, 0x00, 0x00, 0x88, 0x21, 0xc9, 0x8e, 0x65, 0xf2, 0x88,
	0x21, 0xc9, 0x8e, 0x65, 0xf2, 0xa0, 0x21, 0xc9, 0x8e, 0x00, 0x00, 0x88, 0x21, 0xc9, 0x8e, 0x00, 0x00, 0x88, 0x21, 0xc9,
	0x8e, 0x00, 0x00, 0x88, 0x21, 0xc9, 0x8e, 0x65, 0xf2, 0x88, 0x21, 0xc9, 0x8e, 0x65, 0xf2, 0xb8, 0x21, 0xc9, 0x8e, 0x00,
	0x00, 0x88, 0x21, 0xc9, 0x8e, 0x00, 0x00, 0x88, 0x21, 0xc9, 0x8e, 0x00, 0x00, 0x88, 0x21, 0xc9, 0x8e, 0x65, 0xf2, 0xb8,
	0x21, 0xc9, 0x8e, 0x00, 0x00, 0x83, 0x21, 0xc9,
};

constexpr unsigned BottomItemRaftWidth = 24;
constexpr unsigned BottomItemRaftHeight = 27;
constexpr unsigned BottomItemRaftPixelCount = 648;
constexpr uint8_t BottomItemRaftData[] = {
	0x01, 0x00, 0x00, 0x00, 0x00, 0x82, 0x21, 0xc9, 0x84, 0x00, 0x00, 0x83, 0x21, 0xc9, 0x84, 0x00, 0x00, 0x82, 0x21, 0xc9,
	0x83, 0x00, 0x00, 0x82, 0x21, 0xc9, 0x84, 0x00, 0x00, 0x83, 0x21, 0xc9, 0x84, 0x00, 0x00, 0x82, 0x21, 0xc9, 0x01, 0x00,
	0x00, 0x00, 0x00, 0x86, 0x21, 0xc9, 0x01, 0x00, 0x00, 0x00, 0x00, 0x85, 0x21, 0xc9, 0x01, 0x00, 0x00, 0x00, 0x00, 0x8d,
	0x21, 0xc9, 0x01, 0x00, 0x00, 0x00, 0x00, 0x85, 0x21, 0xc9, 0x01, 0x00, 0x00, 0x00, 0x00, 0x8d, 0x21, 0xc9, 0x01, 0x00,
	0x00, 0x00, 0x00, 0x85, 0x21, 0xc9, 0x01, 0x00, 0x00, 0x00, 0x00, 0x8d, 0x21, 0xc9, 0x01, 0x00, 0x00, 0x00, 0x00, 0x85,
	0x21, 0xc9, 0x01, 0x00, 0x00, 0x00, 0x00, 0x8d, 0x21, 0xc9, 0x01, 0x00, 0x00, 0x00, 0x00, 0x85, 0x21, 0xc9, 0x01, 0x00,
	0x00, 0x00, 0x00, 0x88, 0x21, 0xc9, 0x93, 0x60, 0xc7, 0x03, 0x21, 0xc9, 0x21, 0xc9, 0x60, 0xc7, 0x60, 0xc7, 0x84, 0x21,
	0xc9, 0x01, 0x00, 0x00, 0x00, 0x00, 0x85, 0x21, 0xc9, 0x01, 0x00, 0x00, 0x00, 0x00, 0x84, 0x21, 0xc9, 0x83, 0x60, 0xc7,
	0x84, 0x21, 0xc9, 0x01, 0x00, 0x00, 0x00, 0x00, 0x85, 0x21, 0xc9, 0x01, 0x00, 0x00, 0x00, 0x00, 0x84, 0x21, 0xc9, 0x01,
	0x60, 0xc7, 0x60, 0xc7, 0x86, 0x21, 0xc9, 0x01, 0x00, 0x00, 0x00, 0x00, 0x85, 0x21, 0xc9, 0x01, 0x00, 0x00, 0x00, 0x00,
	0x8d, 0x21, 0xc9, 0x01, 0x00, 0x00, 0x00, 0x00, 0x85, 0x21, 0xc9, 0x01, 0x00, 0x00, 0x00, 0x00, 0x8d, 0x21, 0xc9, 0x01,
	0x60, 0xc7, 0x60, 0xc7, 0x85, 0x21, 0xc9, 0x01, 0x60, 0xc7, 0x60, 0xc7, 0x8d, 0x21, 0xc9, 0x01, 0x00, 0x00, 0x00, 0x00,
	0x85, 0x21, 0xc9, 0x01, 0x00, 0x00, 0x00, 0x00, 0x8d, 0x21, 0xc9, 0x01, 0x00, 0x00, 0x00, 0x00, 0x85, 0x21, 0xc9, 0x01,
	0x00, 0x00, 0x00, 0x00, 0x8d, 0x21, 0xc9, 0x01, 0x00, 0x00, 0x00, 0x00, 0x85, 0x21, 0xc9, 0x01, 0x00, 0x00, 0x00, 0x00,
	0x8d, 0x21, 0xc9, 0x01, 0x00, 0x00, 0x00, 0x00, 0x85, 0x21, 0xc9, 0x01, 0x00, 0x00, 0x00, 0x00, 0x88, 0x21, 0xc9, 0x93,
	0x60, 0xc7, 0x83, 0x21, 0xc9, 0x93, 0x60, 0xc7, 0x03, 0x21, 0xc9, 0x21, 0xc9, 0x60, 0xc7, 0x60, 0xc7, 0x84, 0x21, 0xc9,
	0x01, 0x00, 0x00, 0x00, 0x00, 0x85, 0x21, 0xc9, 0x01, 0x00, 0x00, 0x00, 0x00, 0x84, 0x21, 0xc9, 0x01, 0x60, 0xc7, 0x60,
	0xc7, 0x86, 0x21, 0xc9, 0x01, 0x00, 0x00, 0x00, 0x00, 0x85, 0x21, 0xc9, 0x01, 0x00, 0x00, 0x00, 0x00, 0x8d, 0x21, 0xc9,
	0x01, 0x00, 0x00, 0x00, 0x00, 0x85, 0x21, 0xc9, 0x01, 0x00, 0x00, 0x00, 0x00, 0x88, 0x21, 0xc9, 0x82, 0x65, 0xf2, 0x04,
	0x21, 0xc9, 0x21, 0xc9, 0x60, 0xc7, 0x60, 0xc7, 0x21, 0xc9, 0x83, 0x65, 0xf2, 0x04, 0x21, 0xc9, 0x60, 0xc7, 0x60, 0xc7,
	0x21, 0xc9, 0x21, 0xc9, 0x82, 0x65, 0xf2, 0x83, 0x21, 0xc9, 0x82, 0x65, 0xf2, 0x04, 0x21, 0xc9, 0x21, 0xc9, 0x60, 0xc7,
	0x60, 0xc7, 0x21, 0xc9, 0x83, 0x65, 0xf2, 0x04, 0x21, 0xc9, 0x60, 0xc7, 0x60, 0xc7, 0x21, 0xc9, 0x21, 0xc9, 0x82, 0x65,
	0xf2, 0x01, 0x21, 0xc9, 0x21, 0xc9, 0x86, 0x65, 0xf2, 0x01, 0x00, 0x00, 0x00, 0x00, 0x85, 0x65, 0xf2, 0x01, 0x00, 0x00,
	0x00, 0x00, 0x86, 0x65, 0xf2, 0x01, 0x00, 0x00, 0x00, 0x00, 0x82, 0x65, 0xf2, 0x84, 0x00, 0x00, 0x83, 0x65, 0xf2, 0x84,
	0x00, 0x00, 0x82, 0x65, 0xf2, 0x83, 0x00, 0x00, 0x82, 0x65, 0xf2, 0x84, 0x00, 0x00, 0x83, 0x65, 0xf2, 0x84, 0x00, 0x00,
	0x82, 0x65, 0xf2, 0x01, 0x00, 0x00, 0x00, 0x00,
};

constexpr unsigned BottomItemBookWidth = 14;
constexpr unsigned BottomItemBookHeight = 28;
constexpr unsigned BottomItemBookPixelCount = 392;
constexpr uint8_t BottomItemBookData[] = {
	0x8b, 0xc4, 0xd8, 0x01, 0x00, 0x00, 0x00, 0x00, 0x8b, 0xc4, 0xd8, 0x01, 0x00, 0x00, 0x00, 0x00, 0x8a, 0xff, 0xff, 0x82,
	0xc4, 0xd8, 0x8a, 0xff, 0xff, 0x82, 0xc4, 0xd8, 0x8b, 0xff, 0xff, 0x01, 0xc4, 0xd8, 0xc4, 0xd8, 0x8a, 0xff, 0xff, 0x82,
	0xc4, 0xd8, 0x8a, 0xff, 0xff, 0x82, 0xc4, 0xd8, 0x01, 0xff, 0xff, 0xff, 0xff, 0x8b, 0xc4, 0xd8, 0x01, 0xff, 0xff, 0xff,
	0xff, 0x8b, 0xc4, 0xd8, 0x01, 0xff, 0xff, 0xff, 0xff, 0x8b, 0xc4, 0xd8, 0x01, 0xff, 0xff, 0xff, 0xff, 0x8b, 0xc4, 0xd8,
	0x03, 0xff, 0xff, 0xff, 0xff, 0xc4, 0xd8, 0xc4, 0xd8, 0x87, 0x00, 0x00, 0x03, 0xc4, 0xd8, 0xc4, 0xd8, 0xff, 0xff, 0xff,
	0xff, 0x8b, 0xc4, 0xd8, 0x01, 0xff, 0xff, 0xff, 0xff, 0x8b, 0xc4, 0xd8, 0x1d, 0xff, 0xff, 0xff, 0xff, 0xc4, 0xd8, 0xc4,
	0xd8, 0x00, 0x00, 0xc4, 0xd8, 0xc4, 0xd8, 0x00, 0x00, 0x00, 0x00, 0xc4, 0xd8, 0xc4, 0xd8, 0x00, 0x00, 0xc4, 0xd8, 0xc4,
	0xd8, 0xff, 0xff, 0xff, 0xff, 0xc4, 0xd8, 0xc4, 0xd8, 0x00, 0x00, 0xc4, 0xd8, 0xc4, 0xd8, 0x00, 0x00, 0x00, 0x00, 0xc4,
	0xd8, 0xc4, 0xd8, 0x00, 0x00, 0xc4, 0xd8, 0xc4, 0xd8, 0xff, 0xff, 0xff, 0xff, 0x8b, 0xc4, 0xd8, 0x01, 0xff, 0xff, 0xff,
	0xff, 0x8b, 0xc4, 0xd8, 0x01, 0xff, 0xff, 0xff, 0xff, 0x8b, 0xc4, 0xd8, 0x01, 0xff, 0xff, 0xff, 0xff, 0x84, 0xc4, 0xd8,
	0x01, 0x00, 0x00, 0x00, 0x00, 0x84, 0xc4, 0xd8, 0x01, 0xff, 0xff, 0xff, 0xff, 0x84, 0xc4, 0xd8, 0x01, 0x00, 0x00, 0x00,
	0x00, 0x84, 0xc4, 0xd8, 0x01, 0xff, 0xff, 0xff, 0xff, 0x82, 0xc4, 0xd8, 0x85, 0x00, 0x00, 0x82, 0xc4, 0xd8, 0x01, 0xff,
	0xff, 0xff, 0xff, 0x82, 0xc4, 0xd8, 0x85, 0x00, 0x00, 0x89, 0xc4, 0xd8, 0x01, 0x00, 0x00, 0x00, 0x00, 0x8b, 0xc4, 0xd8,
	0x01, 0x00, 0x00, 0x00, 0x00, 0x84, 0xc4, 0xd8, 0x01, 0x00, 0x00, 0x00, 0x00, 0x8b, 0xc4, 0xd8, 0x01, 0x00, 0x00, 0x00,
	0x00, 0x89, 0xc4, 0xd8, 0x83, 0x00, 0x00, 0x89, 0xc4, 0xd8, 0x01, 0x00, 0x00, 0x00, 0x00,
};

constexpr unsigned BottomItemRingWidth = 19;
constexpr unsigned BottomItemRingHeight = 28;
constexpr unsigned BottomItemRingPixelCount = 532;
constexpr uint8_t BottomItemRingData[] = {
	0x84, 0x54, 0x88, 0x88, 0x00, 0x00, 0x89, 0x54, 0x88, 0x88, 0x00, 0x00, 0x8b, 0x54, 0x88, 0x84, 0x00, 0x00, 0x8d, 0x54,
	0x88, 0x84, 0x00, 0x00, 0x8b, 0x54, 0x88, 0x01, 0x5f, 0xca, 0x5f, 0xca, 0x84, 0x54, 0x88, 0x01, 0x5f, 0xca, 0x5f, 0xca,
	0x89, 0x54, 0x88, 0x01, 0x5f, 0xca, 0x5f, 0xca, 0x84, 0x54, 0x88, 0x01, 0x5f, 0xca, 0x5f, 0xca, 0x89, 0x54, 0x88, 0x01,
	0x5f, 0xca, 0x5f, 0xca, 0x84, 0x54, 0x88, 0x01, 0x5f, 0xca, 0x5f, 0xca, 0x8b, 0x54, 0x88, 0x84, 0x5f, 0xca, 0x8d, 0x54,
	0x88, 0x84, 0x5f, 0xca, 0x8b, 0x54, 0x88, 0x01, 0x5f, 0xca, 0x5f, 0xca, 0x84, 0x54, 0x88, 0x01, 0x5f, 0xca, 0x5f, 0xca,
	0x89, 0x54, 0x88, 0x01, 0x5f, 0xca, 0x5f, 0xca, 0x84, 0x54, 0x88, 0x01, 0x5f, 0xca, 0x5f, 0xca, 0x89, 0x54, 0x88, 0x01,
	0x5f, 0xca, 0x5f, 0xca, 0x84, 0x54, 0x88, 0x01, 0x5f, 0xca, 0x5f, 0xca, 0xd0, 0x54, 0x88, 0x01, 0x00, 0x00, 0x00, 0x00,
	0x8e, 0x54, 0x88, 0x83, 0x00, 0x00, 0x8e, 0x54, 0x88, 0x83, 0x00, 0x00, 0x8e, 0x54, 0x88, 0x83, 0x00, 0x00, 0x82, 0x5f,
	0xca, 0x01, 0xff, 0xff, 0xff, 0xff, 0x84, 0x5f, 0xca, 0x01, 0xff, 0xff, 0xff, 0xff, 0x82, 0x5f, 0xca, 0x83, 0x00, 0x00,
	0x82, 0x5f, 0xca, 0x01, 0xff, 0xff, 0xff, 0xff, 0x84, 0x5f, 0xca, 0x01, 0xff, 0xff, 0xff, 0xff, 0x82, 0x5f, 0xca, 0x83,
	0x00, 0x00, 0x8e, 0x54, 0x88, 0x83, 0x00, 0x00, 0x8e, 0x54, 0x88, 0x83, 0x00, 0x00, 0x8e, 0x54, 0x88, 0x01, 0x00, 0x00,
	0x00, 0x00, 0xcb, 0x54, 0x88,
};

constexpr unsigned BottomItemBraceletWidth = 16;
constexpr unsigned BottomItemBraceletHeight = 28;
constexpr unsigned BottomItemBraceletPixelCount = 448;
constexpr uint8_t BottomItemBraceletData[] = {
	0x85, 0x00, 0x00, 0x05, 0xa0, 0xec, 0xa0, 0xec, 0x67, 0xfe, 0x67, 0xfe, 0xa0, 0xec, 0xa0, 0xec, 0x89, 0x00, 0x00, 0x05,
	0xa0, 0xec, 0xa0, 0xec, 0x67, 0xfe, 0x67, 0xfe, 0xa0, 0xec, 0xa0, 0xec, 0x87, 0x00, 0x00, 0x85, 0xa0, 0xec, 0x03, 0x67,
	0xfe, 0x67, 0xfe, 0xa0, 0xec, 0xa0, 0xec, 0x85, 0x00, 0x00, 0x85, 0xa0, 0xec, 0x03, 0x67, 0xfe, 0x67, 0xfe, 0xa0, 0xec,
	0xa0, 0xec, 0x83, 0x00, 0x00, 0x85, 0x67, 0xfe, 0x03, 0xa0, 0xec, 0xa0, 0xec, 0x67, 0xfe, 0x67, 0xfe, 0x83, 0xa0, 0xec,
	0x01, 0x00, 0x00, 0x00, 0x00, 0x85, 0x67, 0xfe, 0x03, 0xa0, 0xec, 0xa0, 0xec, 0x67, 0xfe, 0x67, 0xfe, 0x83, 0xa0, 0xec,
	0x01, 0x00, 0x00, 0x00, 0x00, 0x85, 0xa0, 0xec, 0x03, 0x67, 0xfe, 0x67, 0xfe, 0x00, 0x00, 0x00, 0x00, 0x83, 0xa0, 0xec,
	0x01, 0x00, 0x00, 0x00, 0x00, 0x85, 0xa0, 0xec, 0x03, 0x67, 0xfe, 0x67, 0xfe, 0x00, 0x00, 0x00, 0x00, 0x8b, 0xa0, 0xec,
	0x85, 0x00, 0x00, 0x01, 0x67, 0xfe, 0x67, 0xfe, 0x87, 0xa0, 0xec, 0x85, 0x00, 0x00, 0x85, 0x67, 0xfe, 0x83, 0xa0, 0xec,
	0x85, 0x00, 0x00, 0x01, 0xa0, 0xec, 0xa0, 0xec, 0x83, 0x67, 0xfe, 0x83, 0xa0, 0xec, 0x85, 0x00, 0x00, 0x01, 0xa0, 0xec,
	0xa0, 0xec, 0x83, 0xff, 0xff, 0x03, 0x67, 0xfe, 0x67, 0xfe, 0xa0, 0xec, 0xa0, 0xec, 0x87, 0x00, 0x00, 0x83, 0xff, 0xff,
	0x03, 0x67, 0xfe, 0x67, 0xfe, 0xa0, 0xec, 0xa0, 0xec, 0x87, 0x00, 0x00, 0x83, 0xff, 0xff, 0x03, 0x67, 0xfe, 0x67, 0xfe,
	0xa0, 0xec, 0xa0, 0xec, 0x87, 0x00, 0x00, 0x83, 0xff, 0xff, 0x03, 0x67, 0xfe, 0x67, 0xfe, 0xa0, 0xec, 0xa0, 0xec, 0x87,
	0x00, 0x00, 0x83, 0x67, 0xfe, 0x83, 0xa0, 0xec, 0x87, 0x00, 0x00, 0x83, 0x67, 0xfe, 0x83, 0xa0, 0xec, 0x87, 0x00, 0x00,
	0x87, 0xa0, 0xec, 0x85, 0x00, 0x00, 0x89, 0xa0, 0xec, 0x85, 0x00, 0x00, 0x03, 0xa0, 0xec, 0xa0, 0xec, 0x00, 0x00, 0x00,
	0x00, 0x85, 0xa0, 0xec, 0x85, 0x00, 0x00, 0x03, 0x67, 0xfe, 0x67, 0xfe, 0x00, 0x00, 0x00, 0x00, 0x85, 0xa0, 0xec, 0x85,
	0x00, 0x00, 0x03, 0x67, 0xfe, 0x67, 0xfe, 0x00, 0x00, 0x00, 0x00, 0x85, 0xa0, 0xec, 0x09, 0x67, 0xfe, 0x67, 0xfe, 0x00,
	0x00, 0x00, 0x00, 0x67, 0xfe, 0x67, 0xfe, 0xa0, 0xec, 0xa0, 0xec, 0x00, 0x00, 0x00, 0x00, 0x85, 0xa0, 0xec, 0x07, 0x67,
	0xfe, 0x67, 0xfe, 0x00, 0x00, 0x00, 0x00, 0x67, 0xfe, 0x67, 0xfe, 0xa0, 0xec, 0xa0, 0xec, 0x83, 0x00, 0x00, 0x83, 0x67,
	0xfe, 0x83, 0xa0, 0xec, 0x01, 0x67, 0xfe, 0x67, 0xfe, 0x85, 0x00, 0x00, 0x83, 0x67, 0xfe, 0x83, 0xa0, 0xec, 0x01, 0x67,
	0xfe, 0x67, 0xfe, 0x87, 0x00, 0x00, 0x83, 0xa0, 0xec, 0x01, 0x67, 0xfe, 0x67, 0xfe, 0x89, 0x00, 0x00, 0x83, 0xa0, 0xec,
	0x01, 0x67, 0xfe, 0x67, 0xfe, 0x83, 0x00, 0x00,
};

constexpr unsigned BottomItemLionKeyWidth = 14;
constexpr unsigned BottomItemLionKeyHeight = 28;
constexpr unsigned BottomItemLionKeyPixelCount = 392;
constexpr uint8_t BottomItemLionKeyData[] = {
	0x84, 0x00, 0x00, 0x86, 0xc4, 0xd8, 0x86, 0x00, 0x00, 0x86, 0xc4, 0xd8, 0x85, 0x00, 0x00, 0x84, 0xc4, 0xd8, 0x82, 0x64,
	0xf6, 0x01, 0xc4, 0xd8, 0xc4, 0xd8, 0x83, 0x00, 0x00, 0x84, 0xc4, 0xd8, 0x82, 0x64, 0xf6, 0x08, 0xc4, 0xd8, 0xc4, 0xd8,
	0x00, 0x00, 0x00, 0x00, 0xc4, 0xd8, 0xc4, 0xd8, 0x00, 0x00, 0x64, 0xf6, 0x64, 0xf6, 0x83, 0xc4, 0xd8, 0x07, 0x64, 0xf6,
	0xc4, 0xd8, 0xc4, 0xd8, 0x00, 0x00, 0x00, 0x00, 0x64, 0xf6, 0x64, 0xf6, 0x00, 0x00, 0x83, 0x64, 0xf6, 0x84, 0xc4, 0xd8,
	0x04, 0x00, 0x00, 0x00, 0x00, 0x64, 0xf6, 0x64, 0xf6, 0x00, 0x00, 0x83, 0x64, 0xf6, 0x86, 0xc4, 0xd8, 0x88, 0x64, 0xf6,
	0x84, 0xc4, 0xd8, 0x88, 0x64, 0xf6, 0x82, 0xc4, 0xd8, 0x84, 0x64, 0xf6, 0x03, 0x00, 0x00, 0x00, 0x00, 0x64, 0xf6, 0x64,
	0xf6, 0x82, 0xc4, 0xd8, 0x01, 0x00, 0x00, 0x00, 0x00, 0x84, 0x64, 0xf6, 0x03, 0x00, 0x00, 0x00, 0x00, 0x64, 0xf6, 0x64,
	0xf6, 0x82, 0xc4, 0xd8, 0x86, 0x00, 0x00, 0x85, 0x64, 0xf6, 0x82, 0xc4, 0xd8, 0x01, 0x00, 0x00, 0x00, 0x00, 0x84, 0x64,
	0xf6, 0x84, 0xc4, 0xd8, 0x83, 0x00, 0x00, 0x84, 0x64, 0xf6, 0x84, 0xc4, 0xd8, 0x86, 0x00, 0x00, 0x85, 0xc4, 0xd8, 0x87,
	0x00, 0x00, 0x85, 0xc4, 0xd8, 0x89, 0x00, 0x00, 0x01, 0x64, 0xf6, 0x64, 0xf6, 0x8b, 0x00, 0x00, 0x01, 0x64, 0xf6, 0x64,
	0xf6, 0x8b, 0x00, 0x00, 0x01, 0x64, 0xf6, 0x64, 0xf6, 0x88, 0x00, 0x00, 0x84, 0x64, 0xf6, 0x88, 0x00, 0x00, 0x84, 0x64,
	0xf6, 0x8b, 0x00, 0x00, 0x01, 0x64, 0xf6, 0x64, 0xf6, 0x8b, 0x00, 0x00, 0x01, 0x64, 0xf6, 0x64, 0xf6, 0x88, 0x00, 0x00,
	0x84, 0x64, 0xf6, 0x88, 0x00, 0x00, 0x84, 0x64, 0xf6, 0x88, 0x00, 0x00, 0x84, 0x64, 0xf6, 0x8b, 0x00, 0x00, 0x01, 0x64,
	0xf6, 0x64, 0xf6, 0x8b, 0x00, 0x00, 0x01, 0x64, 0xf6, 0x64, 0xf6, 0x84, 0x00, 0x00,
};

constexpr unsigned BottomItemTriforceWidth = 24;
constexpr unsigned BottomItemTriforceHeight = 12;
constexpr unsigned BottomItemTriforcePixelCount = 288;
constexpr uint8_t BottomItemTriforceData[] = {
	0x8b, 0x00, 0x00, 0x00, 0xf6, 0xfe, 0x97, 0x00, 0x00, 0x00, 0xf6, 0xfe, 0x94, 0x00, 0x00, 0x03, 0x67, 0xfe, 0x67, 0xfe,
	0x00, 0x00, 0xf6, 0xfe, 0x92, 0x00, 0x00, 0x83, 0x67, 0xfe, 0x01, 0x00, 0x00, 0xf6, 0xfe, 0x90, 0x00, 0x00, 0x85, 0x67,
	0xfe, 0x01, 0x00, 0x00, 0xf6, 0xfe, 0x8e, 0x00, 0x00, 0x87, 0x67, 0xfe, 0x01, 0x00, 0x00, 0xf6, 0xfe, 0x8c, 0x00, 0x00,
	0x89, 0x67, 0xfe, 0x01, 0x00, 0x00, 0xf6, 0xfe, 0x8a, 0x00, 0x00, 0x8b, 0x67, 0xfe, 0x01, 0x00, 0x00, 0xf6, 0xfe, 0x88,
	0x00, 0x00, 0x8d, 0x67, 0xfe, 0x01, 0x00, 0x00, 0xf6, 0xfe, 0x86, 0x00, 0x00, 0x8f, 0x67, 0xfe, 0x01, 0x00, 0x00, 0xf6,
	0xfe, 0x97, 0x00, 0x00, 0x00, 0xf6, 0xfe, 0x97, 0x00, 0x00, 0x00, 0xf6, 0xfe,
};
