// Generated by platform/3ds/tools/generate-triforce-animation.py.
// Do not edit by hand; regenerate from platform/3ds/assets/triforce.gif.
constexpr unsigned TriforceAnimationWidth = 96;
constexpr unsigned TriforceAnimationHeight = 96;
constexpr unsigned TriforceAnimationFrames = 33;
constexpr uint32_t TriforceAnimationOffsets[] = {
	0, 2423, 4494, 6493, 8114, 9412, 10767, 12347,
	14061, 16014, 18385, 20964, 23583, 26206, 28901, 30984,
	32581, 34489, 36555, 38942, 41323, 43638, 45782, 47776,
	49416, 50779, 52455, 54257, 55825, 57341, 59092, 61679,
	64399, 66966,
};
constexpr uint16_t TriforceAnimationDurations[] = {
	80, 80, 80, 80, 80, 80, 80, 80, 80, 80, 80, 80,
	80, 80, 80, 80, 80, 80, 80, 80, 80, 80, 80, 80,
	80, 80, 80, 80, 80, 80, 80, 80, 80,
};
constexpr uint8_t TriforceAnimationData[] = {
	0x15, 0x2e, 0x02, 0x63, 0x31, 0xa4, 0x39, 0x16, 0x2d, 0x04, 0x20, 0x08, 0xe5, 0xdd, 0xa4, 0xee, 0x63, 0x31, 0x17, 0x2d,
	0x04, 0x43, 0x5a, 0xe1, 0xfe, 0x60, 0xff, 0xe5, 0xb4, 0x18, 0x2c, 0x06, 0x61, 0x10, 0x43, 0xcd, 0x20, 0xff, 0xa0, 0xfe,
	0xe2, 0xfe, 0x64, 0x8b, 0x19, 0x2c, 0x07, 0x23, 0x52, 0x42, 0xff, 0xa0, 0xfe, 0xc0, 0xfe, 0xc0, 0xfe, 0x42, 0xff, 0xc4,
	0x6a, 0x1a, 0x2c, 0x08, 0x43, 0xcd, 0x20, 0xff, 0xa0, 0xfe, 0xc0, 0xfe, 0xa0, 0xfe, 0x00, 0xff, 0x44, 0xcd, 0x41, 0x10,
	0x1b, 0x2b, 0x0a, 0x64, 0x5a, 0xc1, 0xfe, 0xa0, 0xfe, 0xc0, 0xfe, 0xc0, 0xfe, 0xc0, 0xfe, 0xa0, 0xfe, 0x00, 0xff, 0xe4,
	0xc4, 0x81, 0x10, 0x1c, 0x2a, 0x0b, 0x82, 0x10, 0x64, 0xc5, 0x20, 0xff, 0xa0, 0xfe, 0xc0, 0xfe, 0xc0, 0xfe, 0xc0, 0xfe,
	0xc0, 0xfe, 0xa0, 0xfe, 0x81, 0xff, 0x65, 0x83, 0x1d, 0x2a, 0x0c, 0x86, 0xa4, 0x61, 0xff, 0xa0, 0xfe, 0xc0, 0xfe, 0xc0,
	0xfe, 0xc0, 0xfe, 0xc0, 0xfe, 0xc0, 0xfe, 0xc0, 0xfe, 0xc0, 0xfe, 0x63, 0xee, 0xc3, 0x49, 0x1e, 0x29, 0x0e, 0x63, 0x39,
	0xa2, 0xf6, 0xc0, 0xfe, 0xc0, 0xfe, 0xc0, 0xfe, 0xc0, 0xfe, 0xc0, 0xfe, 0xc0, 0xfe, 0xc0, 0xfe, 0xc0, 0xfe, 0xc0, 0xfe,
	0x00, 0xff, 0xe3, 0xf6, 0x83, 0x39, 0x1f, 0x29, 0x0e, 0x43, 0xa4, 0x40, 0xff, 0xa0, 0xfe, 0xc0, 0xfe, 0xc0, 0xfe, 0xc0,
	0xfe, 0xc0, 0xfe, 0xc0, 0xfe, 0xc0, 0xfe, 0xc0, 0xfe, 0xc0, 0xfe, 0xa0, 0xfe, 0x40, 0xff, 0x24, 0xa4, 0x20, 0x28, 0x11,
	0x22, 0x29, 0xc3, 0xfe, 0xc0, 0xfe, 0xc0, 0xfe, 0xc0, 0xfe, 0xc0, 0xfe, 0xc0, 0xfe, 0xc0, 0xfe, 0xc0, 0xfe, 0xc0, 0xfe,
	0xc0, 0xfe, 0xc0, 0xfe, 0xc0, 0xfe, 0xa0, 0xfe, 0x22, 0xff, 0xa4, 0x93, 0x40, 0x08, 0x21, 0x28, 0x11, 0x65, 0xa4, 0x20,
	0xff, 0xc0, 0xfe, 0xc0, 0xfe, 0xc0, 0xfe, 0xc0, 0xfe, 0xc0, 0xfe, 0xc0, 0xfe, 0xc0, 0xfe, 0xc0, 0xfe, 0xc0, 0xfe, 0xc0,
	0xfe, 0xc0, 0xfe, 0xc0, 0xfe, 0xc0, 0xfe, 0x62, 0xff, 0x03, 0x4a, 0x22, 0x27, 0x13, 0x63, 0x31, 0xa2, 0xf6, 0xe0, 0xfe,
	0xc0, 0xfe, 0xc0, 0xfe, 0xc0, 0xfe, 0xc0, 0xfe, 0xc0, 0xfe, 0xc0, 0xfe, 0xc0, 0xfe, 0xc0, 0xfe, 0xc0, 0xfe, 0xc0, 0xfe,
	0xc0, 0xfe, 0xc0, 0xfe, 0xc0, 0xfe, 0x40, 0xff, 0xa4, 0xd5, 0x61, 0x10, 0x23, 0x27, 0x14, 0x24, 0x9c, 0x40, 0xff, 0xa0,
	0xfe, 0xc0, 0xfe, 0xc0, 0xfe, 0xc0, 0xfe, 0xc0, 0xfe, 0xc0, 0xfe, 0xc0, 0xfe, 0xc0, 0xfe, 0xc0, 0xfe, 0xc0, 0xfe, 0xc0,
	0xfe, 0xe0, 0xfe, 0xe1, 0xfe, 0xc1, 0xfe, 0xe0, 0xd4, 0xe3, 0xcc, 0x82, 0x72, 0x20, 0x08, 0x24, 0x26, 0x15, 0xe2, 0x28,
	0x82, 0xf6, 0xe0, 0xfe, 0xc0, 0xfe, 0xc0, 0xfe, 0xc0, 0xfe, 0xc0, 0xfe, 0xc0, 0xfe, 0xc0, 0xfe, 0xc0, 0xfe, 0xc0, 0xfe,
	0xc0, 0xfe, 0x20, 0xff, 0xe0, 0xfe, 0x01, 0xee, 0x02, 0xb4, 0x61, 0xa3, 0xa0, 0x8a, 0x80, 0x7a, 0x20, 0x8b, 0x22, 0x29,
	0x25, 0x25, 0x16, 0xc2, 0x18, 0x05, 0xde, 0x00, 0xff, 0xc0, 0xfe, 0xc0, 0xfe, 0xc0, 0xfe, 0xc0, 0xfe, 0xc0, 0xfe, 0xa0,
	0xfe, 0xe0, 0xfe, 0xe0, 0xfe, 0xe1, 0xfe, 0x81, 0xfe, 0xc2, 0xc4, 0x42, 0xbc, 0xc0, 0x8a, 0xa0, 0x82, 0xc0, 0x82, 0xe0,
	0x82, 0xe0, 0x82, 0xe0, 0x82, 0x82, 0x6a, 0x26, 0x25, 0x17, 0x04, 0x73, 0x61, 0xff, 0xa0, 0xfe, 0xc0, 0xfe, 0xc0, 0xfe,
	0xc0, 0xfe, 0xe0, 0xfe, 0x00, 0xff, 0xe1, 0xfe, 0x01, 0xee, 0xa2, 0xe5, 0xa1, 0xa3, 0x41, 0x9b, 0xa0, 0x8a, 0xa0, 0x82,
	0xe0, 0x8a, 0xe0, 0x82, 0xe0, 0x82, 0xe0, 0x82, 0xe0, 0x82, 0xc0, 0x82, 0x20, 0x83, 0x62, 0x31, 0x27, 0x24, 0x19, 0x41,
	0x08, 0x04, 0xe6, 0xe0, 0xfe, 0xa0, 0xfe, 0xc0, 0xfe, 0x00, 0xff, 0xa1, 0xfe, 0x81, 0xfe, 0xe0, 0xcc, 0x22, 0xbc, 0x00,
	0x9b, 0xc0, 0x8a, 0xe0, 0x8a, 0xc0, 0x82, 0xe0, 0x8a, 0xe0, 0x8a, 0xe0, 0x82, 0xe0, 0x82, 0xe0, 0x82, 0xe0, 0x82, 0x00,
	0x83, 0x20, 0x83, 0x01, 0x7b, 0x63, 0x5a, 0x41, 0x08, 0x28, 0x24, 0x18, 0x24, 0x7b, 0x41, 0xff, 0xc0, 0xfe, 0x00, 0xff,
	0xe2, 0xfe, 0x41, 0xdd, 0x81, 0xab, 0x00, 0x9b, 0xc0, 0x8a, 0xa0, 0x82, 0x00, 0x8b, 0x00, 0x8b, 0xe0, 0x8a, 0xe0, 0x82,
	0xe0, 0x82, 0xe0, 0x82, 0xe0, 0x82, 0x00, 0x83, 0x00, 0x8b, 0x21, 0x8b, 0x20, 0x5a, 0xa0, 0x41, 0x80, 0x10, 0x40, 0x08,
	0x29, 0x23, 0x16, 0xe2, 0x28, 0x45, 0xee, 0xc2, 0xf6, 0x23, 0xee, 0x41, 0xbc, 0xe2, 0xab, 0xa0, 0x92, 0xc0, 0x8a, 0xe0,
	0x82, 0x00, 0x8b, 0x00, 0x8b, 0x00, 0x83, 0x00, 0x83, 0xe0, 0x82, 0xe0, 0x7a, 0x00, 0x83, 0x40, 0x8b, 0xe0, 0x7a, 0xa1,
	0x72, 0x81, 0x49, 0xe1, 0x28, 0x40, 0x08, 0x2a, 0x23, 0x12, 0x02, 0x52, 0x84, 0xd5, 0x41, 0x9b, 0xe0, 0x8a, 0xa0, 0x82,
	0xa0, 0x82, 0x00, 0x8b, 0xe0, 0x82, 0xe0, 0x82, 0xe0, 0x82, 0xe0, 0x82, 0xe0, 0x7a, 0x00, 0x7b, 0x20, 0x83, 0x41, 0x83,
	0x62, 0x62, 0xc2, 0x41, 0xe1, 0x20, 0x2b, 0x23, 0x10, 0x01, 0x5a, 0xa0, 0x82, 0xc0, 0x8a, 0xe0, 0x82, 0xe0, 0x82, 0x00,
	0x83, 0xe0, 0x82, 0xe0, 0x82, 0xe0, 0x82, 0xe0, 0x82, 0x20, 0x8b, 0x40, 0x83, 0xc1, 0x72, 0x82, 0x6a, 0x42, 0x31, 0x40,
	0x08, 0x2c, 0x23, 0x0d, 0x81, 0x18, 0x01, 0x83, 0xe0, 0x8a, 0xe0, 0x8a, 0xe0, 0x82, 0xe0, 0x82, 0x00, 0x83, 0x20, 0x83,
	0x00, 0x83, 0x01, 0x7b, 0x01, 0x52, 0x81, 0x39, 0x81, 0x18, 0x2d, 0x24, 0x09, 0xe2, 0x49, 0x40, 0x8b, 0xc0, 0x82, 0xe0,
	0x82, 0x40, 0x83, 0xc1, 0x72, 0x20, 0x5a, 0x41, 0x31, 0x81, 0x10, 0x2e, 0x24, 0x06, 0x81, 0x18, 0xe2, 0x7a, 0x01, 0x83,
	0x41, 0x62, 0x41, 0x31, 0xa1, 0x18, 0x2f, 0x25, 0x02, 0x22, 0x29, 0x60, 0x10, 0x30, 0x22, 0x01, 0x44, 0x31, 0x30, 0x3d,
	0x02, 0x43, 0x39, 0x61, 0x10, 0x31, 0x21, 0x03, 0xa3, 0x41, 0x06, 0xef, 0x04, 0x73, 0x31, 0x3c, 0x03, 0x83, 0x41, 0xa6,
	0xee, 0xc5, 0x8b, 0x32, 0x20, 0x05, 0x41, 0x08, 0xa4, 0xb4, 0x40, 0xff, 0xe3, 0xfe, 0x02, 0x29, 0x32, 0x3c, 0x04, 0xc5,
	0xdd, 0x60, 0xff, 0x24, 0xe6, 0x02, 0x21, 0x33, 0x20, 0x06, 0xc3, 0x49, 0x23, 0xff, 0xa0, 0xfe, 0x00, 0xff, 0xe5, 0xb4,
	0x21, 0x08, 0x33, 0x3b, 0x05, 0x44, 0x7b, 0xe2, 0xfe, 0xa0, 0xfe, 0x61, 0xff, 0xc4, 0x93, 0x34, 0x20, 0x07, 0xc3, 0xb4,
	0x20, 0xff, 0xa0, 0xfe, 0xc0, 0xfe, 0x61, 0xff, 0xc5, 0xb4, 0x21, 0x00, 0x34, 0x3a, 0x07, 0xe5, 0x6a, 0x23, 0xff, 0xc0,
	0xfe, 0xc0, 0xfe, 0xe0, 0xfe, 0x63, 0xf6, 0xa1, 0x18, 0x35, 0x1f, 0x08, 0xc3, 0x41, 0xe1, 0xf6, 0xc0, 0xfe, 0xc0, 0xfe,
	0xc0, 0xfe, 0xc0, 0xfe, 0xe1, 0xfe, 0xa2, 0x49, 0x35, 0x39, 0x08, 0x61, 0x10, 0xe3, 0xdd, 0x00, 0xff, 0xa0, 0xfe, 0xc0,
	0xfe, 0xc0, 0xfe, 0x40, 0xff, 0xc5, 0x8b, 0x36, 0x1f, 0x09, 0x63, 0xa4, 0x40, 0xff, 0xa0, 0xfe, 0xc0, 0xfe, 0xc0, 0xfe,
	0xc0, 0xfe, 0xe0, 0xfe, 0x84, 0xee, 0xc3, 0x41, 0x36, 0x38, 0x0a, 0xa2, 0x18, 0x26, 0xc5, 0x00, 0xff, 0xa0, 0xfe, 0xa0,
	0xfe, 0xc0, 0xfe, 0xc0, 0xfe, 0xe0, 0xfe, 0x44, 0xe6, 0x02, 0x29, 0x37, 0x1e, 0x0b, 0x42, 0x39, 0x81, 0xf6, 0xe0, 0xfe,
	0xc0, 0xfe, 0xc0, 0xfe, 0xc0, 0xfe, 0xc0, 0xfe, 0xc0, 0xfe, 0x20, 0xff, 0x45, 0xe6, 0x41, 0x08, 0x37, 0x38, 0x0a, 0x26,
	0x9c, 0x61, 0xff, 0x80, 0xfe, 0xa0, 0xfe, 0xa0, 0xfe, 0xc0, 0xfe, 0xc0, 0xfe, 0xa0, 0xfe, 0x41, 0xff, 0x85, 0x8b, 0x38,
	0x1d, 0x0c, 0xe2, 0x20, 0x65, 0xe6, 0xe0, 0xfe, 0xc0, 0xfe, 0xc0, 0xfe, 0xc0, 0xfe, 0xc0, 0xfe, 0xc0, 0xfe, 0xc0, 0xfe,
	0xc0, 0xfe, 0x00, 0xff, 0x64, 0x83, 0x38, 0x37, 0x0c, 0xa3, 0x41, 0x62, 0xee, 0xc0, 0xfe, 0xa0, 0xfe, 0xc0, 0xfe, 0xc0,
	0xfe, 0xc0, 0xfe, 0xc0, 0xfe, 0xc0, 0xfe, 0xc0, 0xfe, 0x23, 0xff, 0x64, 0x52, 0x39, 0x1d, 0x0d, 0x86, 0x7b, 0x41, 0xff,
	0xa0, 0xfe, 0xc0, 0xfe, 0xc0, 0xfe, 0xc0, 0xfe, 0xc0, 0xfe, 0xc0, 0xfe, 0xc0, 0xfe, 0xc0, 0xfe, 0xc0, 0xfe, 0x21, 0xff,
	0x84, 0x8b, 0x39, 0x36, 0x0e, 0xc4, 0x41, 0xa3, 0xf6, 0x00, 0xff, 0xa0, 0xfe, 0xc0, 0xfe, 0xc0, 0xfe, 0xc0, 0xfe, 0xc0,
	0xfe, 0xc0, 0xfe, 0xe0, 0xfe, 0xc0, 0xfe, 0x20, 0xff, 0x65, 0xc5, 0x61, 0x08, 0x3a, 0x1c, 0x0f, 0xa2, 0x18, 0x84, 0xee,
	0x00, 0xff, 0xa0, 0xfe, 0xc0, 0xfe, 0xc0, 0xfe, 0xc0, 0xfe, 0xc0, 0xfe, 0xc0, 0xfe, 0xc0, 0xfe, 0xc0, 0xfe, 0xc0, 0xfe,
	0x00, 0xff, 0xa3, 0xfe, 0xa1, 0x20, 0x3a, 0x36, 0x0e, 0x04, 0xbd, 0x60, 0xff, 0xa0, 0xfe, 0xc0, 0xfe, 0xc0, 0xfe, 0xc0,
	0xfe, 0xc0, 0xfe, 0xc0, 0xfe, 0xc0, 0xfe, 0xc0, 0xfe, 0xe0, 0xfe, 0xc0, 0xfe, 0x22, 0xff, 0x44, 0x5a, 0x3b, 0x1c, 0x10,
	0x84, 0x83, 0x61, 0xff, 0xc0, 0xfe, 0xc0, 0xfe, 0xc0, 0xfe, 0xc0, 0xfe, 0xc0, 0xfe, 0xc0, 0xfe, 0xc0, 0xfe, 0xc0, 0xfe,
	0xc0, 0xfe, 0xe0, 0xfe, 0xc0, 0xfe, 0x00, 0xff, 0x44, 0xcd, 0x81, 0x18, 0x3b, 0x35, 0x0f, 0xa5, 0x8b, 0x21, 0xff, 0xc0,
	0xfe, 0xc0, 0xfe, 0xc0, 0xfe, 0xc0, 0xfe, 0xc0, 0xfe, 0xc0, 0xfe, 0xc0, 0xfe, 0xc0, 0xfe, 0xc0, 0xfe, 0xc0, 0xfe, 0xc0,
	0xfe, 0x00, 0xff, 0xa4, 0xd5, 0x3c, 0x1b, 0x11, 0xc2, 0x20, 0x43, 0xee, 0xe0, 0xfe, 0xc0, 0xfe, 0xc0, 0xfe, 0xc0, 0xfe,
	0xc0, 0xfe, 0xc0, 0xfe, 0xc0, 0xfe, 0xc0, 0xfe, 0xc0, 0xfe, 0xc0, 0xfe, 0xc0, 0xfe, 0xc0, 0xfe, 0xc0, 0xfe, 0x41, 0xff,
	0xc5, 0xbc, 0x3c, 0x34, 0x11, 0xa4, 0x6a, 0x22, 0xff, 0xc0, 0xfe, 0xc0, 0xfe, 0xc0, 0xfe, 0xc0, 0xfe, 0xc0, 0xfe, 0xc0,
	0xfe, 0xc0, 0xfe, 0xc0, 0xfe, 0xc0, 0xfe, 0xc0, 0xfe, 0xc0, 0xfe, 0xc0, 0xfe, 0xc0, 0xfe, 0x21, 0xff, 0x84, 0x62, 0x3d,
	0x1b, 0x12, 0xa4, 0x8b, 0x40, 0xff, 0xa0, 0xfe, 0xc0, 0xfe, 0xc0, 0xfe, 0xc0, 0xfe, 0xc0, 0xfe, 0xc0, 0xfe, 0xc0, 0xfe,
	0xc0, 0xfe, 0xc0, 0xfe, 0xc0, 0xfe, 0xc0, 0xfe, 0xc0, 0xfe, 0xa0, 0xfe, 0xc0, 0xfe, 0xe2, 0xfe, 0xe3, 0x49, 0x3d, 0x33,
	0x13, 0xa1, 0x18, 0xc4, 0xdd, 0x20, 0xff, 0xa0, 0xfe, 0xc0, 0xfe, 0xc0, 0xfe, 0xc0, 0xfe, 0xc0, 0xfe, 0xc0, 0xfe, 0xc0,
	0xfe, 0xc0, 0xfe, 0xc0, 0xfe, 0xc0, 0xfe, 0xc0, 0xfe, 0xc0, 0xfe, 0xc0, 0xfe, 0x20, 0xff, 0x63, 0xcd, 0x41, 0x08, 0x3e,
	0x1a, 0x14, 0xe2, 0x20, 0x42, 0xe6, 0xe0, 0xfe, 0xc0, 0xfe, 0xc0, 0xfe, 0xc0, 0xfe, 0xc0, 0xfe, 0xc0, 0xfe, 0xc0, 0xfe,
	0xc0, 0xfe, 0xc0, 0xfe, 0xc0, 0xfe, 0xa0, 0xfe, 0xc0, 0xfe, 0xe0, 0xfe, 0x20, 0xff, 0x42, 0xf6, 0x02, 0xe6, 0x23, 0xac,
	0xa1, 0x18, 0x3e, 0x32, 0x14, 0x40, 0x08, 0xe3, 0x6a, 0xe3, 0xe5, 0xe2, 0xed, 0x21, 0xff, 0x00, 0xff, 0xc0, 0xfe, 0xa0,
	0xfe, 0xc0, 0xfe, 0xc0, 0xfe, 0xc0, 0xfe, 0xc0, 0xfe, 0xc0, 0xfe, 0xc0, 0xfe, 0xc0, 0xfe, 0xc0, 0xfe, 0xc0, 0xfe, 0xc0,
	0xfe, 0x21, 0xff, 0x63, 0x5a, 0x3f, 0x1a, 0x14, 0x63, 0x8b, 0x40, 0xff, 0xa0, 0xfe, 0xc0, 0xfe, 0xc0, 0xfe, 0xc0, 0xfe,
	0xc0, 0xfe, 0xa0, 0xfe, 0xc0, 0xfe, 0xc0, 0xfe, 0xa0, 0xfe, 0xe0, 0xfe, 0x20, 0xff, 0xc0, 0xfe, 0x81, 0xe5, 0x41, 0xbc,
	0x81, 0xa3, 0x60, 0x82, 0xe0, 0x8a, 0x62, 0x62, 0x3f, 0x32, 0x14, 0x62, 0x39, 0x20, 0x8b, 0x80, 0x7a, 0x01, 0x93, 0x22,
	0xb4, 0xe1, 0xcc, 0x61, 0xfe, 0xe0, 0xfe, 0x00, 0xff, 0xc0, 0xfe, 0xc0, 0xfe, 0xc0, 0xfe, 0xc0, 0xfe, 0xc0, 0xfe, 0xc0,
	0xfe, 0xc0, 0xfe, 0xc0, 0xfe, 0xc0, 0xfe, 0x20, 0xff, 0xa4, 0xd5, 0x40, 0x19, 0x16, 0x03, 0x5a, 0x61, 0xf6, 0xc0, 0xfe,
	0xc0, 0xfe, 0xc0, 0xfe, 0xc0, 0xfe, 0xc0, 0xfe, 0xa0, 0xfe, 0xa0, 0xfe, 0xe0, 0xfe, 0x00, 0xff, 0x01, 0xff, 0x02, 0xee,
	0x82, 0xdd, 0x01, 0xb4, 0xc0, 0x92, 0xa0, 0x8a, 0xc0, 0x8a, 0xe0, 0x8a, 0xe0, 0x82, 0x01, 0x83, 0x22, 0x29, 0x40, 0x31,
	0x16, 0x40, 0x08, 0xa1, 0x72, 0xe0, 0x82, 0xe0, 0x82, 0xc0, 0x82, 0x80, 0x7a, 0xa0, 0x82, 0x20, 0x9b, 0x42, 0xd5, 0xa2,
	0xdd, 0x01, 0xff, 0xe0, 0xfe, 0xe0, 0xfe, 0xe0, 0xfe, 0xa0, 0xfe, 0xc0, 0xfe, 0xc0, 0xfe, 0xc0, 0xfe, 0xc0, 0xfe, 0xc0,
	0xfe, 0xc1, 0xfe, 0xa3, 0x93, 0x41, 0x18, 0x17, 0x41, 0x08, 0xa4, 0xd5, 0x40, 0xff, 0xa0, 0xfe, 0xc0, 0xfe, 0xc0, 0xfe,
	0xa0, 0xfe, 0xc0, 0xfe, 0x20, 0xff, 0xa0, 0xfe, 0x82, 0xf6, 0x42, 0xd5, 0xe1, 0xb3, 0x41, 0x9b, 0x80, 0x8a, 0xc0, 0x8a,
	0xe0, 0x82, 0x00, 0x8b, 0xe0, 0x8a, 0xe0, 0x82, 0xc0, 0x82, 0x00, 0x83, 0x62, 0x5a, 0x41, 0x31, 0x17, 0x82, 0x39, 0x00,
	0x7b, 0xc0, 0x82, 0xe0, 0x82, 0xe0, 0x82, 0xe0, 0x82, 0xe0, 0x82, 0xc0, 0x82, 0xa0, 0x82, 0xc0, 0x8a, 0xe1, 0xab, 0x81,
	0xbc, 0x62, 0xee, 0x81, 0xf6, 0x20, 0xff, 0xe0, 0xfe, 0xa0, 0xfe, 0xc0, 0xfe, 0xe0, 0xfe, 0xc0, 0xfe, 0xe0, 0xfe, 0x03,
	0xff, 0x42, 0x31, 0x42, 0x18, 0x30, 0x63, 0x5a, 0x21, 0xff, 0x80, 0xfe, 0xa0, 0xfe, 0xc0, 0xfe, 0xe0, 0xfe, 0x01, 0xff,
	0x61, 0xf6, 0x22, 0xcd, 0x22, 0xb4, 0xe0, 0x92, 0xc0, 0x8a, 0xa0, 0x82, 0xc0, 0x82, 0xe0, 0x82, 0xe0, 0x82, 0xe0, 0x82,
	0xe0, 0x82, 0xc0, 0x82, 0xe0, 0x82, 0x00, 0x8b, 0x00, 0x8b, 0x21, 0x83, 0x02, 0x21, 0x41, 0x08, 0xc3, 0x6a, 0x20, 0x83,
	0x00, 0x8b, 0xe0, 0x82, 0xc0, 0x82, 0xe0, 0x82, 0xe0, 0x82, 0xe0, 0x82, 0xe0, 0x82, 0xe0, 0x82, 0xa0, 0x7a, 0xc0, 0x7a,
	0xe0, 0x82, 0x81, 0xa3, 0x02, 0xcd, 0xc1, 0xe5, 0x01, 0xff, 0xe0, 0xfe, 0xe0, 0xfe, 0xa0, 0xfe, 0xa0, 0xfe, 0x40, 0xff,
	0x84, 0xac, 0x43, 0x17, 0x32, 0x01, 0x00, 0x63, 0xcd, 0x00, 0xff, 0xc0, 0xfe, 0x20, 0xff, 0xa1, 0xfe, 0x62, 0xdd, 0xc1,
	0xb3, 0x81, 0xab, 0x60, 0x82, 0xa0, 0x8a, 0xc0, 0x8a, 0xe0, 0x8a, 0xe0, 0x8a, 0xe0, 0x82, 0xe0, 0x82, 0xe0, 0x82, 0xe0,
	0x82, 0x00, 0x83, 0x20, 0x8b, 0x00, 0x83, 0x80, 0x72, 0x02, 0x52, 0xc1, 0x20, 0x81, 0x10, 0x41, 0x08, 0xc1, 0x18, 0x61,
	0x39, 0x61, 0x6a, 0xc0, 0x82, 0x20, 0x93, 0x00, 0x83, 0xe0, 0x82, 0xe0, 0x82, 0xe0, 0x82, 0xe0, 0x82, 0x00, 0x83, 0x00,
	0x83, 0xe0, 0x82, 0xc0, 0x8a, 0x60, 0x82, 0x20, 0x9b, 0x01, 0xac, 0xc2, 0xcc, 0x62, 0xf6, 0x20, 0xff, 0x00, 0xff, 0xe0,
	0xfe, 0xa2, 0xf6, 0x42, 0x31, 0x44, 0x17, 0x15, 0xa4, 0x62, 0x23, 0xff, 0xc1, 0xfe, 0xc1, 0xe5, 0xc2, 0xc4, 0xe1, 0xab,
	0xa0, 0x8a, 0xa0, 0x82, 0xa0, 0x82, 0xe0, 0x8a, 0xe0, 0x8a, 0xe0, 0x82, 0xe0, 0x82, 0xe0, 0x82, 0xe0, 0x82, 0x20, 0x83,
	0x20, 0x83, 0x00, 0x7b, 0xa0, 0x6a, 0x82, 0x39, 0x22, 0x29, 0x44, 0x34, 0x15, 0xa1, 0x18, 0x62, 0x39, 0x21, 0x5a, 0x00,
	0x7b, 0x00, 0x83, 0x20, 0x83, 0xe0, 0x82, 0xe0, 0x7a, 0xe0, 0x82, 0xe0, 0x82, 0xe0, 0x82, 0xe0, 0x8a, 0xc0, 0x82, 0xa0,
	0x82, 0xa0, 0x82, 0x20, 0x93, 0xa2, 0xbc, 0x41, 0xd5, 0xa1, 0xfe, 0x41, 0xff, 0xa6, 0xac, 0x45, 0x16, 0x14, 0x20, 0x08,
	0x65, 0xac, 0x43, 0xd5, 0x20, 0x9b, 0xe0, 0x9a, 0x80, 0x82, 0xc0, 0x82, 0xe0, 0x8a, 0xe0, 0x82, 0xe0, 0x82, 0xe0, 0x82,
	0xe0, 0x82, 0xe0, 0x82, 0x00, 0x83, 0x00, 0x83, 0x01, 0x7b, 0x41, 0x62, 0x02, 0x52, 0x80, 0x18, 0x40, 0x08, 0x45, 0x37,
	0x13, 0x60, 0x10, 0x81, 0x39, 0x42, 0x5a, 0xe1, 0x7a, 0x00, 0x83, 0xe0, 0x82, 0xe0, 0x82, 0xe0, 0x82, 0xe0, 0x82, 0xe0,
	0x82, 0xe0, 0x82, 0xe0, 0x82, 0xc0, 0x82, 0x80, 0x7a, 0xc0, 0x8a, 0x20, 0x9b, 0x21, 0xb4, 0xc5, 0xdd, 0xc1, 0x18, 0x46,
	0x16, 0x10, 0xe1, 0x20, 0xc1, 0x7a, 0xa0, 0x7a, 0xc0, 0x82, 0xc0, 0x82, 0xe0, 0x82, 0xe0, 0x82, 0xe0, 0x82, 0xe0, 0x82,
	0xe0, 0x82, 0xe0, 0x82, 0x20, 0x8b, 0x00, 0x83, 0xe1, 0x7a, 0x81, 0x6a, 0x01, 0x29, 0x46, 0x3a, 0x10, 0xc1, 0x18, 0x01,
	0x52, 0xc1, 0x72, 0xe0, 0x7a, 0x20, 0x8b, 0xe0, 0x82, 0xc0, 0x82, 0xc0, 0x8a, 0xe0, 0x82, 0xe0, 0x82, 0x00, 0x83, 0xe0,
	0x82, 0xc0, 0x82, 0xc0, 0x7a, 0xe0, 0x82, 0xe2, 0x49, 0x47, 0x17, 0x0d, 0x21, 0x52, 0x20, 0x83, 0xc0, 0x82, 0xe0, 0x82,
	0xe0, 0x82, 0xe0, 0x7a, 0x00, 0x7b, 0x00, 0x7b, 0x20, 0x83, 0x00, 0x7b, 0x21, 0x5a, 0xa2, 0x49, 0x41, 0x08, 0x47, 0x3c,
	0x0e, 0x40, 0x08, 0x41, 0x31, 0x21, 0x5a, 0xa0, 0x72, 0x20, 0x8b, 0xe0, 0x8a, 0x00, 0x8b, 0xe0, 0x7a, 0xe0, 0x7a, 0xe0,
	0x82, 0xe0, 0x82, 0x00, 0x83, 0xe1, 0x72, 0x40, 0x08, 0x48, 0x17, 0x0a, 0xc1, 0x20, 0x01, 0x7b, 0xe0, 0x82, 0xe0, 0x82,
	0x20, 0x83, 0x20, 0x83, 0xc0, 0x72, 0xa2, 0x72, 0x41, 0x39, 0xc1, 0x20, 0x48, 0x3f, 0x0a, 0x80, 0x18, 0x01, 0x31, 0x22,
	0x5a, 0xc1, 0x72, 0x00, 0x83, 0x20, 0x8b, 0x00, 0x83, 0xe0, 0x82, 0x20, 0x8b, 0xa2, 0x49, 0x49, 0x18, 0x06, 0x21, 0x52,
	0x00, 0x7b, 0xe1, 0x72, 0x01, 0x52, 0xc1, 0x41, 0x60, 0x10, 0x49, 0x43, 0x06, 0x62, 0x31, 0xe2, 0x41, 0xc2, 0x6a, 0x00,
	0x83, 0xc1, 0x72, 0x61, 0x10, 0x4a, 0x18, 0x03, 0xe2, 0x20, 0x42, 0x31, 0x80, 0x10, 0x4a, 0x45, 0x03, 0x60, 0x10, 0xc1,
	0x20, 0x84, 0x39, 0x13, 0x2e, 0x01, 0x61, 0x10, 0x14, 0x2e, 0x02, 0x04, 0x7b, 0x43, 0x62, 0x15, 0x2d, 0x04, 0xc1, 0x20,
	0xa2, 0xd4, 0xe2, 0xdc, 0x02, 0x5a, 0x16, 0x2d, 0x05, 0xe2, 0x8a, 0xe0, 0xec, 0xa0, 0xdc, 0xe1, 0xdc, 0x02, 0x5a, 0x17,
	0x2c, 0x07, 0xe2, 0x20, 0xa1, 0xd4, 0xa0, 0xe4, 0x80, 0xdc, 0xa0, 0xdc, 0xe2, 0xe4, 0xe3, 0x59, 0x18, 0x2c, 0x08, 0xe2,
	0x82, 0x20, 0xed, 0x80, 0xdc, 0xa0, 0xe4, 0xa0, 0xdc, 0xa0, 0xdc, 0xc4, 0xd4, 0xe4, 0x49, 0x19, 0x2b, 0x0a, 0xc1, 0x20,
	0xa1, 0xdc, 0xa0, 0xdc, 0xa0, 0xe4, 0xa0, 0xe4, 0xa0, 0xe4, 0xa0, 0xe4, 0xa0, 0xe4, 0xe2, 0xe4, 0xe3, 0x59, 0x1a, 0x2b,
	0x0b, 0xe3, 0x8a, 0xe0, 0xec, 0xa0, 0xdc, 0xa0, 0xe4, 0x80, 0xe4, 0x80, 0xe4, 0xa0, 0xe4, 0xa0, 0xe4, 0xa0, 0xe4, 0xe2,
	0xe4, 0x03, 0x52, 0x1b, 0x2a, 0x0d, 0xe2, 0x20, 0x61, 0xcc, 0xc0, 0xe4, 0xa0, 0xe4, 0xa0, 0xe4, 0x80, 0xe4, 0x80, 0xe4,
	0xa0, 0xe4, 0xa0, 0xe4, 0xa0, 0xe4, 0xc0, 0xe4, 0x02, 0xdd, 0xe3, 0x49, 0x1c, 0x2a, 0x0e, 0xe2, 0x7a, 0x00, 0xed, 0x80,
	0xdc, 0xa0, 0xe4, 0xa0, 0xe4, 0xa0, 0xe4, 0xa0, 0xe4, 0xa0, 0xe4, 0xa0, 0xe4, 0xa0, 0xec, 0xa0, 0xe4, 0xc0, 0xec, 0x22,
	0xed, 0xc2, 0x51, 0x1d, 0x29, 0x10, 0xc1, 0x20, 0xa1, 0xdc, 0xa0, 0xe4, 0xa0, 0xe4, 0xa0, 0xe4, 0xa0, 0xe4, 0xa0, 0xe4,
	0xa0, 0xe4, 0xa0, 0xe4, 0xa0, 0xe4, 0xa0, 0xe4, 0xc0, 0xec, 0x80, 0xdc, 0x00, 0xc4, 0x62, 0x93, 0x02, 0x29, 0x1e, 0x29,
	0x11, 0x03, 0x8b, 0x00, 0xed, 0xa0, 0xe4, 0xa0, 0xe4, 0xa0, 0xe4, 0xa0, 0xe4, 0xa0, 0xe4, 0xa0, 0xdc, 0xa0, 0xe4, 0xa0,
	0xdc, 0xc0, 0xdc, 0x60, 0xcc, 0x80, 0xab, 0xa0, 0x82, 0xc0, 0x82, 0x02, 0x7b, 0x42, 0x31, 0x1f, 0x28, 0x13, 0x02, 0x29,
	0x82, 0xd4, 0xc0, 0xec, 0xc0, 0xe4, 0xc0, 0xec, 0xa0, 0xe4, 0xa0, 0xec, 0xa0, 0xe4, 0xa0, 0xdc, 0xc0, 0xe4, 0x80, 0xcc,
	0xa1, 0xa3, 0xe0, 0x8a, 0xe0, 0x82, 0x00, 0x83, 0xe0, 0x82, 0xe0, 0x82, 0x01, 0x83, 0x21, 0x29, 0x20, 0x28, 0x14, 0xe3,
	0x7a, 0x00, 0xf5, 0xa0, 0xe4, 0xc0, 0xec, 0xa0, 0xec, 0xa0, 0xe4, 0xa0, 0xe4, 0xa0, 0xe4, 0xa0, 0xdc, 0x00, 0xc4, 0x40,
	0xa3, 0xe0, 0x82, 0x00, 0x83, 0x00, 0x83, 0x00, 0x83, 0x00, 0x83, 0xe0, 0x82, 0x40, 0x8b, 0xa3, 0x62, 0x41, 0x08, 0x21,
	0x27, 0x14, 0xa2, 0x20, 0xa2, 0xcc, 0xc0, 0xe4, 0xc0, 0xec, 0xc0, 0xe4, 0xa0, 0xe4, 0xa0, 0xdc, 0xc0, 0xdc, 0x40, 0xc4,
	0x40, 0x9b, 0xc0, 0x82, 0xe0, 0x8a, 0x00, 0x83, 0x00, 0x83, 0x00, 0x83, 0x00, 0x83, 0x00, 0x83, 0x01, 0x83, 0x81, 0x39,
	0x60, 0x10, 0x22, 0x27, 0x12, 0xe4, 0x82, 0xe0, 0xec, 0xa0, 0xe4, 0xc0, 0xe4, 0xa0, 0xe4, 0xc0, 0xe4, 0x80, 0xd4, 0xe1,
	0xb3, 0x00, 0x93, 0xe0, 0x82, 0x00, 0x83, 0x00, 0x83, 0x00, 0x83, 0x00, 0x83, 0x20, 0x83, 0x20, 0x8b, 0x41, 0x62, 0x01,
	0x29, 0x23, 0x26, 0x11, 0xe2, 0x20, 0xa2, 0xcc, 0xc0, 0xe4, 0xa0, 0xdc, 0xc0, 0xe4, 0xc0, 0xe4, 0xc0, 0xb3, 0x00, 0x93,
	0xc0, 0x8a, 0xe0, 0x8a, 0x00, 0x8b, 0x00, 0x83, 0x00, 0x83, 0xe0, 0x82, 0x00, 0x83, 0xe1, 0x72, 0x02, 0x52, 0x24, 0x26,
	0x10, 0x03, 0x83, 0x00, 0xed, 0xa0, 0xdc, 0xc0, 0xdc, 0x40, 0xcc, 0x80, 0xa3, 0xe0, 0x82, 0xe0, 0x82, 0x00, 0x8b, 0xe0,
	0x82, 0x00, 0x83, 0x00, 0x83, 0x00, 0x83, 0x00, 0x7b, 0xc2, 0x6a, 0x81, 0x10, 0x25, 0x25, 0x10, 0xc1, 0x20, 0xc2, 0xd4,
	0xe0, 0xec, 0x80, 0xd4, 0xa0, 0xab, 0xe0, 0x92, 0xc0, 0x82, 0xe0, 0x82, 0x00, 0x83, 0x00, 0x83, 0xe0, 0x82, 0xe0, 0x7a,
	0x00, 0x83, 0x01, 0x7b, 0x61, 0x39, 0x40, 0x08, 0x26, 0x25, 0x0e, 0x03, 0x83, 0x01, 0xe5, 0xe0, 0xbb, 0x60, 0x9b, 0xc0,
	0x82, 0xe0, 0x82, 0x00, 0x83, 0xe0, 0x82, 0xe0, 0x82, 0x00, 0x83, 0xe0, 0x82, 0x40, 0x83, 0x41, 0x62, 0xe1, 0x28, 0x27,
	0x24, 0x0e, 0xe2, 0x20, 0x43, 0xb4, 0x00, 0x8b, 0xc0, 0x82, 0xc0, 0x82, 0x00, 0x83, 0xe0, 0x82, 0xe0, 0x82, 0xe0, 0x82,
	0xe0, 0x7a, 0x20, 0x83, 0xc1, 0x72, 0xc2, 0x49, 0x20, 0x08, 0x28, 0x24, 0x0c, 0xe2, 0x49, 0x40, 0x8b, 0xc0, 0x82, 0xe0,
	0x82, 0xe0, 0x82, 0xe0, 0x82, 0xe0, 0x82, 0xe0, 0x82, 0x00, 0x83, 0x00, 0x7b, 0x82, 0x62, 0xc1, 0x18, 0x29, 0x24, 0x0a,
	0xe1, 0x20, 0x01, 0x83, 0xe0, 0x82, 0xe0, 0x82, 0xe0, 0x82, 0xe0, 0x82, 0xe0, 0x82, 0x00, 0x8b, 0x21, 0x83, 0xa2, 0x41,
	0x2a, 0x25, 0x08, 0xc2, 0x41, 0x20, 0x83, 0xe0, 0x82, 0xe0, 0x82, 0xe0, 0x82, 0x40, 0x8b, 0x61, 0x62, 0xc1, 0x20, 0x2b,
	0x26, 0x06, 0xe1, 0x51, 0x20, 0x8b, 0x20, 0x83, 0x00, 0x73, 0xa1, 0x41, 0x41, 0x08, 0x2c, 0x26, 0x04, 0x81, 0x10, 0xe2,
	0x72, 0xa1, 0x62, 0x01, 0x29, 0x2d, 0x27, 0x01, 0xa2, 0x18, 0x30, 0x21, 0x02, 0xa1, 0x18, 0x46, 0x83, 0x30, 0x3d, 0x03,
	0x41, 0x08, 0x46, 0x83, 0x81, 0x10, 0x31, 0x21, 0x03, 0x62, 0x6a, 0x41, 0xed, 0x63, 0x93, 0x31, 0x3c, 0x04, 0x20, 0x08,
	0x82, 0xa3, 0x41, 0xf5, 0x42, 0x6a, 0x32, 0x20, 0x05, 0xa1, 0x18, 0x42, 0xc4, 0xc0, 0xdc, 0xe0, 0xec, 0x42, 0x9b, 0x32,
	0x3b, 0x06, 0x41, 0x00, 0x83, 0x93, 0xe0, 0xec, 0xc0, 0xec, 0x23, 0xbc, 0x82, 0x10, 0x33, 0x20, 0x07, 0x43, 0x6a, 0x00,
	0xed, 0x80, 0xdc, 0xa0, 0xdc, 0xe0, 0xec, 0x42, 0x93, 0x20, 0x08, 0x33, 0x3a, 0x07, 0x41, 0x08, 0x64, 0x93, 0x01, 0xe5,
	0xa0, 0xdc, 0x80, 0xe4, 0xe1, 0xe4, 0x22, 0x62, 0x34, 0x1f, 0x08, 0x61, 0x10, 0x42, 0xcc, 0xa0, 0xec, 0xa0, 0xe4, 0xa0,
	0xe4, 0xa0, 0xe4, 0x00, 0xed, 0x43, 0x9b, 0x34, 0x39, 0x09, 0x41, 0x08, 0xa3, 0xa3, 0x00, 0xed, 0x80, 0xe4, 0xa0, 0xe4,
	0xa0, 0xe4, 0xa0, 0xec, 0x42, 0xcc, 0x41, 0x10, 0x35, 0x1f, 0x0a, 0x83, 0x72, 0xe0, 0xe4, 0xa0, 0xe4, 0xa0, 0xe4, 0xa0,
	0xe4, 0xa0, 0xe4, 0xa0, 0xe4, 0x01, 0xed, 0x63, 0x93, 0x20, 0x08, 0x35, 0x38, 0x0a, 0x20, 0x08, 0x83, 0x9b, 0x00, 0xed,
	0x80, 0xe4, 0xa0, 0xec, 0xa0, 0xe4, 0x80, 0xe4, 0x80, 0xe4, 0xe0, 0xec, 0x63, 0x6a, 0x36, 0x1e, 0x0c, 0xa1, 0x18, 0x43,
	0xbc, 0xc0, 0xe4, 0xa0, 0xe4, 0xa0, 0xe4, 0xa0, 0xe4, 0xa0, 0xe4, 0xa0, 0xec, 0xa0, 0xe4, 0x20, 0xf5, 0x63, 0x9b, 0x20,
	0x08, 0x36, 0x37, 0x0c, 0x41, 0x08, 0x83, 0x9b, 0x20, 0xed, 0xa0, 0xe4, 0xa0, 0xec, 0xa0, 0xec, 0xa0, 0xe4, 0xa0, 0xe4,
	0x80, 0xe4, 0xc0, 0xe4, 0x22, 0xc4, 0x81, 0x10, 0x37, 0x1e, 0x0d, 0x63, 0x6a, 0x01, 0xe5, 0xa0, 0xe4, 0xa0, 0xe4, 0xa0,
	0xe4, 0xa0, 0xdc, 0xa0, 0xe4, 0xa0, 0xe4, 0xa0, 0xe4, 0xa0, 0xe4, 0x21, 0xed, 0x63, 0x93, 0x21, 0x00, 0x37, 0x36, 0x0d,
	0x20, 0x08, 0x64, 0x93, 0x01, 0xed, 0xa0, 0xe4, 0xa0, 0xec, 0xc0, 0xec, 0xa0, 0xec, 0xa0, 0xe4, 0xa0, 0xe4, 0x80, 0xe4,
	0x80, 0xe4, 0xe1, 0xe4, 0x43, 0x62, 0x38, 0x1d, 0x0e, 0x61, 0x10, 0x62, 0xc4, 0xa0, 0xdc, 0xa0, 0xe4, 0xa0, 0xe4, 0xa0,
	0xe4, 0xa0, 0xe4, 0xa0, 0xe4, 0xa0, 0xe4, 0xa0, 0xe4, 0xc0, 0xe4, 0xa0, 0xdc, 0x21, 0xe5, 0x45, 0x8b, 0x38, 0x36, 0x0e,
	0x83, 0x9b, 0xe0, 0xec, 0xa0, 0xe4, 0xa0, 0xec, 0xa0, 0xec, 0xa0, 0xec, 0xa0, 0xe4, 0xa0, 0xe4, 0xa0, 0xe4, 0xa0, 0xe4,
	0xa0, 0xe4, 0xc0, 0xe4, 0x42, 0xc4, 0x61, 0x10, 0x39, 0x1d, 0x0f, 0x62, 0x72, 0xe0, 0xec, 0xa0, 0xdc, 0xa0, 0xe4, 0xa0,
	0xe4, 0xa0, 0xe4, 0xa0, 0xe4, 0xa0, 0xe4, 0xa0, 0xe4, 0xa0, 0xe4, 0xa0, 0xe4, 0xc0, 0xe4, 0x40, 0xcc, 0x21, 0xb4, 0x02,
	0x52, 0x39, 0x35, 0x0f, 0x21, 0x52, 0x01, 0xbc, 0x40, 0xd4, 0xa0, 0xe4, 0x80, 0xe4, 0xa0, 0xe4, 0xa0, 0xe4, 0xa0, 0xe4,
	0xa0, 0xe4, 0xa0, 0xe4, 0xa0, 0xe4, 0xa0, 0xe4, 0x80, 0xdc, 0xe0, 0xe4, 0x42, 0x6a, 0x3a, 0x1c, 0x11, 0xa1, 0x18, 0x42,
	0xcc, 0xc0, 0xe4, 0xa0, 0xdc, 0xa0, 0xe4, 0xa0, 0xe4, 0xa0, 0xe4, 0xa0, 0xe4, 0xa0, 0xe4, 0xa0, 0xdc, 0xc0, 0xe4, 0xa0,
	0xe4, 0x21, 0xcc, 0x21, 0x9b, 0xc0, 0x7a, 0x40, 0x8b, 0x01, 0x5a, 0x3a, 0x34, 0x11, 0x21, 0x5a, 0x20, 0x83, 0xc0, 0x7a,
	0x20, 0x9b, 0x40, 0xcc, 0xa0, 0xe4, 0xa0, 0xe4, 0xa0, 0xdc, 0xa0, 0xe4, 0xa0, 0xe4, 0xa0, 0xe4, 0xa0, 0xe4, 0x80, 0xe4,
	0x80, 0xdc, 0xa0, 0xe4, 0x21, 0xcc, 0x81, 0x18, 0x3b, 0x1c, 0x13, 0x83, 0x72, 0xe0, 0xec, 0x80, 0xdc, 0xa0, 0xe4, 0xa0,
	0xe4, 0xa0, 0xe4, 0xa0, 0xe4, 0xa0, 0xdc, 0xa0, 0xe4, 0xc0, 0xe4, 0x41, 0xcc, 0x60, 0xa3, 0xc0, 0x8a, 0xe0, 0x82, 0xe0,
	0x82, 0xc0, 0x82, 0x20, 0x8b, 0x01, 0x52, 0x40, 0x08, 0x3b, 0x32, 0x13, 0x40, 0x08, 0x21, 0x5a, 0x20, 0x83, 0xe0, 0x7a,
	0x00, 0x7b, 0xe0, 0x82, 0xc0, 0x8a, 0x80, 0xa3, 0x60, 0xcc, 0xc0, 0xe4, 0xa0, 0xe4, 0x80, 0xdc, 0xa0, 0xdc, 0xa0, 0xdc,
	0x80, 0xe4, 0xa0, 0xdc, 0x80, 0xdc, 0x00, 0xed, 0x63, 0x62, 0x3c, 0x1b, 0x14, 0x81, 0x10, 0x43, 0xc4, 0xc0, 0xe4, 0x80,
	0xdc, 0xa0, 0xe4, 0xa0, 0xe4, 0xa0, 0xe4, 0xa0, 0xdc, 0xc0, 0xe4, 0x80, 0xd4, 0x01, 0xbc, 0x00, 0x8b, 0xc0, 0x82, 0xe0,
	0x82, 0xe0, 0x82, 0xe0, 0x82, 0xe0, 0x82, 0xe0, 0x82, 0x60, 0x8b, 0x82, 0x31, 0x3c, 0x32, 0x14, 0x82, 0x39, 0x60, 0x8b,
	0x00, 0x83, 0xe0, 0x82, 0xe0, 0x82, 0xe0, 0x82, 0xe0, 0x82, 0xe0, 0x82, 0x00, 0x93, 0xe0, 0xbb, 0xa0, 0xdc, 0xc0, 0xe4,
	0xa0, 0xdc, 0xa0, 0xdc, 0xa0, 0xdc, 0xa0, 0xdc, 0x80, 0xdc, 0xc0, 0xec, 0x42, 0xbc, 0x81, 0x10, 0x3d, 0x1b, 0x13, 0x63,
	0x6a, 0xe0, 0xe4, 0x80, 0xdc, 0xa0, 0xdc, 0xa0, 0xdc, 0xa0, 0xdc, 0xa0, 0xdc, 0xc0, 0xdc, 0xe0, 0xbb, 0x20, 0x9b, 0xe0,
	0x82, 0xe0, 0x82, 0x00, 0x83, 0xe0, 0x82, 0xe0, 0x82, 0xe0, 0x82, 0x40, 0x8b, 0xa1, 0x6a, 0x41, 0x39, 0x3d, 0x32, 0x14,
	0x40, 0x08, 0x60, 0x39, 0xa1, 0x72, 0x20, 0x83, 0xe0, 0x82, 0xe0, 0x82, 0xe0, 0x82, 0xe0, 0x82, 0xe0, 0x82, 0xc0, 0x82,
	0x40, 0xa3, 0xe0, 0xbb, 0xa0, 0xdc, 0xa0, 0xdc, 0xa0, 0xdc, 0xa0, 0xdc, 0xa0, 0xdc, 0x80, 0xdc, 0x00, 0xed, 0x43, 0x62,
	0x3e, 0x1a, 0x13, 0x81, 0x10, 0x62, 0xcc, 0xa0, 0xe4, 0xa0, 0xdc, 0xa0, 0xdc, 0xa0, 0xdc, 0xc0, 0xdc, 0x80, 0xc4, 0xa0,
	0xab, 0xc0, 0x82, 0xe0, 0x82, 0xe0, 0x82, 0xe0, 0x7a, 0xe0, 0x82, 0xe0, 0x82, 0x00, 0x83, 0x00, 0x7b, 0x41, 0x5a, 0xa1,
	0x18, 0x3e, 0x34, 0x13, 0xa1, 0x18, 0x42, 0x5a, 0xe0, 0x7a, 0xe0, 0x82, 0xe0, 0x82, 0xe0, 0x82, 0xe0, 0x82, 0xe0, 0x8a,
	0xc0, 0x82, 0xc0, 0x82, 0xc0, 0xab, 0x60, 0xcc, 0xc0, 0xdc, 0xa0, 0xdc, 0xa0, 0xdc, 0xa0, 0xe4, 0xa0, 0xec, 0x63, 0xc4,
	0x61, 0x08, 0x3f, 0x1a, 0x11, 0xa3, 0x6a, 0xe0, 0xe4, 0x80, 0xdc, 0xa0, 0xdc, 0xc0, 0xe4, 0x80, 0xcc, 0xa0, 0xab, 0xe0,
	0x92, 0xc0, 0x82, 0x00, 0x83, 0x00, 0x83, 0x00, 0x7b, 0x00, 0x7b, 0xe0, 0x7a, 0x00, 0x7b, 0xe2, 0x72, 0x62, 0x31, 0x3f,
	0x36, 0x11, 0x42, 0x39, 0xc1, 0x72, 0xe0, 0x82, 0xe0, 0x82, 0xe0, 0x82, 0xe0, 0x82, 0xe0, 0x82, 0xe0, 0x82, 0xc0, 0x82,
	0xe0, 0x92, 0xa0, 0xb3, 0xa1, 0xd4, 0xc0, 0xe4, 0xa0, 0xe4, 0x80, 0xe4, 0xe0, 0xec, 0x63, 0x6a, 0x40, 0x19, 0x11, 0x81,
	0x10, 0x43, 0xc4, 0xc0, 0xe4, 0xa0, 0xdc, 0x80, 0xdc, 0x20, 0xc4, 0x60, 0xa3, 0xc0, 0x8a, 0xe0, 0x8a, 0x00, 0x83, 0xe0,
	0x82, 0xe0, 0x82, 0xe0, 0x82, 0x00, 0x7b, 0x40, 0x83, 0x21, 0x52, 0x41, 0x08, 0x40, 0x37, 0x11, 0x41, 0x08, 0x02, 0x52,
	0x21, 0x8b, 0x00, 0x83, 0xe0, 0x82, 0xe0, 0x82, 0xe0, 0x82, 0xe0, 0x82, 0xc0, 0x82, 0xc0, 0x8a, 0x60, 0xa3, 0x20, 0xc4,
	0xa0, 0xdc, 0xa0, 0xe4, 0xc0, 0xe4, 0x23, 0xbc, 0x81, 0x10, 0x41, 0x19, 0x10, 0x43, 0x62, 0xe0, 0xe4, 0xa0, 0xe4, 0x40,
	0xcc, 0x40, 0xa3, 0xc0, 0x92, 0xe0, 0x82, 0x00, 0x83, 0x00, 0x83, 0xe0, 0x82, 0xe0, 0x82, 0xe0, 0x82, 0x40, 0x93, 0xa1,
	0x72, 0x21, 0x29, 0x20, 0x08, 0x41, 0x39, 0x0f, 0x21, 0x31, 0xc1, 0x72, 0x20, 0x8b, 0xe0, 0x82, 0xe0, 0x82, 0xe0, 0x82,
	0xe0, 0x82, 0xe0, 0x82, 0xc0, 0x8a, 0xc0, 0x92, 0x60, 0xab, 0x60, 0xd4, 0xc0, 0xe4, 0x01, 0xe5, 0x23, 0x5a, 0x42, 0x18,
	0x0f, 0x61, 0x10, 0xa4, 0xc4, 0xa0, 0xdc, 0xe0, 0xc3, 0x20, 0x9b, 0xc0, 0x8a, 0xe0, 0x8a, 0x00, 0x83, 0x00, 0x83, 0x00,
	0x83, 0xe0, 0x82, 0x00, 0x83, 0x00, 0x83, 0x21, 0x5a, 0xa1, 0x18, 0x42, 0x3a, 0x0f, 0xa1, 0x18, 0x01, 0x52, 0x00, 0x83,
	0x00, 0x83, 0xe0, 0x82, 0xe0, 0x82, 0xe0, 0x82, 0xe0, 0x82, 0xe0, 0x82, 0xc0, 0x82, 0x00, 0x9b, 0xe0, 0xbb, 0xa0, 0xd4,
	0x84, 0xc4, 0x41, 0x08, 0x43, 0x18, 0x0d, 0x83, 0x6a, 0x42, 0xbc, 0x20, 0x93, 0xc0, 0x8a, 0xe0, 0x8a, 0x00, 0x83, 0x00,
	0x83, 0x00, 0x83, 0x00, 0x83, 0xe0, 0x82, 0x00, 0x83, 0xa1, 0x6a, 0x61, 0x31, 0x43, 0x3c, 0x0d, 0x82, 0x39, 0xc1, 0x72,
	0x00, 0x8b, 0xc0, 0x82, 0xe0, 0x82, 0xe0, 0x82, 0xe0, 0x82, 0xe0, 0x82, 0xc0, 0x82, 0xc0, 0x82, 0x20, 0x93, 0x42, 0xc4,
	0x84, 0x62, 0x44, 0x17, 0x0d, 0x81, 0x10, 0x42, 0x83, 0x00, 0x8b, 0xc0, 0x82, 0xe0, 0x8a, 0x00, 0x83, 0x00, 0x83, 0x00,
	0x83, 0xe0, 0x82, 0x00, 0x83, 0x20, 0x83, 0x41, 0x5a, 0x40, 0x08, 0x44, 0x3d, 0x0d, 0x41, 0x08, 0x41, 0x62, 0x00, 0x83,
	0xe0, 0x82, 0xc0, 0x82, 0xe0, 0x82, 0xe0, 0x82, 0xe0, 0x82, 0xe0, 0x82, 0xc0, 0x82, 0x00, 0x8b, 0x22, 0x83, 0x61, 0x10,
	0x45, 0x18, 0x0a, 0x41, 0x62, 0x20, 0x83, 0xe0, 0x82, 0xe0, 0x82, 0x00, 0x83, 0x00, 0x83, 0x00, 0x83, 0x20, 0x83, 0xe1,
	0x7a, 0x01, 0x29, 0x45, 0x3f, 0x0a, 0x01, 0x29, 0xe1, 0x7a, 0x00, 0x83, 0xe0, 0x82, 0xe0, 0x82, 0xe0, 0x82, 0xe0, 0x82,
	0xe0, 0x82, 0x20, 0x83, 0x41, 0x62, 0x46, 0x18, 0x09, 0xe1, 0x20, 0x01, 0x7b, 0xe0, 0x82, 0xe0, 0x82, 0xe0, 0x82, 0x00,
	0x83, 0x21, 0x83, 0xe1, 0x51, 0xa1, 0x18, 0x46, 0x40, 0x09, 0xc1, 0x18, 0xe1, 0x51, 0x20, 0x83, 0x00, 0x83, 0xe0, 0x82,
	0xe0, 0x82, 0x00, 0x83, 0x01, 0x7b, 0xc1, 0x20, 0x47, 0x19, 0x06, 0xe1, 0x28, 0xe0, 0x82, 0xe0, 0x82, 0x20, 0x83, 0xa1,
	0x6a, 0x82, 0x39, 0x47, 0x42, 0x06, 0xa1, 0x41, 0xa1, 0x72, 0x00, 0x83, 0xe0, 0x82, 0xe0, 0x82, 0xe1, 0x20, 0x48, 0x1a,
	0x04, 0x21, 0x5a, 0x21, 0x7b, 0x43, 0x5a, 0x41, 0x08, 0x48, 0x43, 0x04, 0x41, 0x08, 0x43, 0x5a, 0x21, 0x7b, 0x01, 0x52,
	0x49, 0x1a, 0x02, 0x61, 0x08, 0x02, 0x19, 0x49, 0x45, 0x02, 0x02, 0x21, 0x61, 0x08, 0x12, 0x2d, 0x01, 0x41, 0x08, 0x13,
	0x2d, 0x02, 0x84, 0x62, 0x23, 0x52, 0x14, 0x2c, 0x05, 0xa1, 0x10, 0x42, 0xac, 0x81, 0xbc, 0x63, 0x93, 0xa1, 0x18, 0x15,
	0x2c, 0x06, 0x82, 0x6a, 0xc1, 0xcc, 0x60, 0xbc, 0xa0, 0xcc, 0xc2, 0xa3, 0x23, 0x5a, 0x16, 0x2b, 0x09, 0xa1, 0x18, 0x02,
	0xac, 0x80, 0xc4, 0x40, 0xc4, 0x40, 0xc4, 0x60, 0xc4, 0xc1, 0xd4, 0xe3, 0x7a, 0x02, 0x29, 0x17, 0x2b, 0x0b, 0x23, 0x52,
	0xc1, 0xcc, 0x40, 0xbc, 0x60, 0xc4, 0x60, 0xc4, 0x40, 0xc4, 0x40, 0xc4, 0xa1, 0xc4, 0x83, 0xbc, 0xa2, 0x41, 0x21, 0x00,
	0x18, 0x2b, 0x0c, 0x02, 0x7b, 0xa0, 0xc4, 0x60, 0xc4, 0x60, 0xc4, 0x60, 0xc4, 0x60, 0xc4, 0x60, 0xc4, 0x40, 0xc4, 0x60,
	0xbc, 0x82, 0xc4, 0x63, 0x8b, 0x40, 0x08, 0x19, 0x2a, 0x0e, 0x01, 0x29, 0x82, 0xbc, 0x60, 0xbc, 0x60, 0xc4, 0x60, 0xc4,
	0x60, 0xc4, 0x60, 0xc4, 0x60, 0xc4, 0x60, 0xc4, 0x80, 0xc4, 0x60, 0xbc, 0xa0, 0x9b, 0x62, 0x62, 0x40, 0x08, 0x1a, 0x2a,
	0x0f, 0x23, 0x7b, 0x81, 0xbc, 0x40, 0xbc, 0x60, 0xc4, 0x60, 0xc4, 0x60, 0xc4, 0x60, 0xc4, 0x60, 0xc4, 0x60, 0xc4, 0xe0,
	0xb3, 0x60, 0x9b, 0xe0, 0x7a, 0x20, 0x83, 0x62, 0x5a, 0x22, 0x29, 0x1b, 0x29, 0x11, 0x21, 0x31, 0x61, 0xbc, 0x40, 0xbc,
	0x40, 0xbc, 0x60, 0xc4, 0x60, 0xc4, 0x40, 0xc4, 0x40, 0xc4, 0x60, 0xc4, 0xa1, 0xa3, 0xc0, 0x82, 0xe0, 0x82, 0xe0, 0x82,
	0xe0, 0x82, 0x00, 0x83, 0x41, 0x83, 0xc1, 0x41, 0x1c, 0x28, 0x13, 0x40, 0x08, 0x22, 0x83, 0x80, 0xcc, 0x40, 0xbc, 0x60,
	0xc4, 0x60, 0xc4, 0x40, 0xc4, 0x40, 0xc4, 0x60, 0xc4, 0xc0, 0xab, 0xe0, 0x8a, 0xe0, 0x82, 0x00, 0x8b, 0xe0, 0x82, 0x00,
	0x83, 0xe0, 0x82, 0x40, 0x8b, 0x82, 0x62, 0x41, 0x08, 0x1d, 0x28, 0x12, 0x81, 0x10, 0x82, 0xbc, 0x60, 0xc4, 0x40, 0xc4,
	0x40, 0xc4, 0x60, 0xc4, 0x60, 0xc4, 0x80, 0xc4, 0xc0, 0xa3, 0xe0, 0x8a, 0x00, 0x8b, 0x00, 0x83, 0x00, 0x83, 0x00, 0x83,
	0xe0, 0x82, 0x00, 0x8b, 0x42, 0x62, 0x20, 0x08, 0x1e, 0x28, 0x11, 0xe2, 0x49, 0x81, 0xc4, 0x40, 0xc4, 0x60, 0xc4, 0x40,
	0xc4, 0x60, 0xbc, 0x00, 0xb4, 0x60, 0x9b, 0x00, 0x8b, 0xe0, 0x8a, 0x00, 0x8b, 0x00, 0x83, 0x00, 0x83, 0xe0, 0x82, 0x40,
	0x8b, 0x41, 0x6a, 0x40, 0x08, 0x1f, 0x27, 0x11, 0x61, 0x10, 0xa2, 0x9b, 0x80, 0xcc, 0x40, 0xc4, 0x40, 0xc4, 0x60, 0xc4,
	0x00, 0xb4, 0x00, 0x93, 0xe0, 0x8a, 0x00, 0x8b, 0x00, 0x8b, 0x00, 0x83, 0x00, 0x83, 0x00, 0x83, 0x41, 0x8b, 0x61, 0x6a,
	0x40, 0x10, 0x20, 0x27, 0x10, 0xe3, 0x49, 0xa1, 0xc4, 0x40, 0xc4, 0x40, 0xc4, 0x60, 0xc4, 0x00, 0xb4, 0x00, 0x93, 0xe0,
	0x8a, 0x00, 0x8b, 0xe0, 0x82, 0x00, 0x83, 0x00, 0x83, 0x20, 0x83, 0xc1, 0x72, 0x42, 0x31, 0x40, 0x08, 0x21, 0x27, 0x0e,
	0x82, 0x93, 0x80, 0xc4, 0x60, 0xc4, 0x80, 0xc4, 0x00, 0xb4, 0xe0, 0x8a, 0xe0, 0x8a, 0xe0, 0x82, 0xe0, 0x82, 0x00, 0x83,
	0x00, 0x83, 0x00, 0x83, 0x01, 0x7b, 0xe1, 0x20, 0x22, 0x26, 0x0e, 0x80, 0x10, 0x01, 0xa4, 0x80, 0xc4, 0x40, 0xbc, 0x80,
	0xa3, 0xe0, 0x8a, 0xc0, 0x8a, 0xe0, 0x82, 0xe0, 0x82, 0xe0, 0x82, 0x00, 0x83, 0x20, 0x83, 0xe2, 0x72, 0xc1, 0x20, 0x23,
	0x26, 0x0d, 0xa3, 0x6a, 0xc1, 0xcc, 0x60, 0xbc, 0x60, 0x9b, 0xc0, 0x82, 0xe0, 0x82, 0xe0, 0x82, 0xe0, 0x82, 0xe0, 0x82,
	0x00, 0x7b, 0x00, 0x7b, 0xe1, 0x7a, 0xe2, 0x20, 0x24, 0x25, 0x0d, 0xa1, 0x18, 0x42, 0xb4, 0x60, 0xbc, 0x60, 0x9b, 0xc0,
	0x8a, 0xe0, 0x8a, 0xe0, 0x82, 0xe0, 0x82, 0x00, 0x83, 0x00, 0x7b, 0x20, 0x7b, 0x01, 0x7b, 0xe1, 0x28, 0x25, 0x25, 0x0c,
	0xa3, 0x6a, 0x81, 0xbc, 0x40, 0x93, 0xc0, 0x82, 0xe0, 0x82, 0xe0, 0x82, 0xe0, 0x82, 0xe0, 0x82, 0xe0, 0x82, 0x20, 0x7b,
	0xe1, 0x72, 0xe1, 0x20, 0x26, 0x24, 0x0c, 0xe2, 0x20, 0xc3, 0x9b, 0x20, 0x8b, 0xe0, 0x82, 0x00, 0x83, 0xe0, 0x82, 0xe0,
	0x82, 0xe0, 0x82, 0xe0, 0x82, 0x20, 0x83, 0x02, 0x7b, 0xc1, 0x20, 0x27, 0x24, 0x0b, 0xe3, 0x41, 0x61, 0x8b, 0xe0, 0x82,
	0xe0, 0x82, 0xe0, 0x82, 0xe0, 0x82, 0xe0, 0x82, 0xe0, 0x82, 0x20, 0x8b, 0xe1, 0x72, 0xc1, 0x20, 0x28, 0x25, 0x09, 0xe2,
	0x49, 0x20, 0x83, 0xe0, 0x7a, 0xe0, 0x82, 0xe0, 0x82, 0x00, 0x83, 0x00, 0x8b, 0x21, 0x62, 0xe1, 0x20, 0x29, 0x26, 0x06,
	0x42, 0x62, 0x20, 0x8b, 0xe0, 0x82, 0x00, 0x83, 0x20, 0x83, 0xc1, 0x51, 0x2a, 0x26, 0x05, 0xe1, 0x20, 0xe2, 0x72, 0x20,
	0x83, 0x20, 0x83, 0xa1, 0x41, 0x2b, 0x27, 0x03, 0x02, 0x21, 0x43, 0x7b, 0xa1, 0x41, 0x2c, 0x28, 0x01, 0xc2, 0x18, 0x2f,
	0x21, 0x02, 0xa1, 0x18, 0x61, 0x10, 0x2f, 0x3e, 0x01, 0xe2, 0x20, 0x30, 0x21, 0x03, 0x43, 0x62, 0x44, 0x8b, 0x61, 0x10,
	0x30, 0x3c, 0x03, 0x21, 0x00, 0x43, 0x5a, 0x64, 0x93, 0x31, 0x20, 0x05, 0x61, 0x10, 0x02, 0xac, 0x81, 0xbc, 0x63, 0xb4,
	0xc1, 0x49, 0x31, 0x3b, 0x05, 0xc1, 0x20, 0xc3, 0x9b, 0x81, 0xbc, 0xa1, 0xcc, 0x61, 0x41, 0x32, 0x20, 0x07, 0x23, 0x5a,
	0xa1, 0xc4, 0x60, 0xbc, 0x80, 0xc4, 0x61, 0xc4, 0x63, 0x8b, 0xc1, 0x20, 0x32, 0x3a, 0x06, 0xc3, 0x6a, 0x02, 0xac, 0x80,
	0xc4, 0x60, 0xbc, 0xa0, 0xcc, 0x62, 0x93, 0x33, 0x1f, 0x09, 0xa1, 0x18, 0xc3, 0xa3, 0x80, 0xc4, 0x40, 0xbc, 0x40, 0xc4,
	0x60, 0xc4, 0xc0, 0xcc, 0xc2, 0xa3, 0x03, 0x52, 0x33, 0x38, 0x09, 0x62, 0x39, 0x23, 0x83, 0xa1, 0xc4, 0x60, 0xbc, 0x40,
	0xbc, 0x60, 0xc4, 0x60, 0xc4, 0x82, 0xc4, 0x82, 0x41, 0x34, 0x1f, 0x0b, 0x62, 0x39, 0xa1, 0xcc, 0x40, 0xbc, 0x60, 0xc4,
	0x60, 0xc4, 0x60, 0xc4, 0x60, 0xbc, 0x80, 0xc4, 0xe1, 0xd4, 0xe2, 0x7a, 0xe2, 0x20, 0x34, 0x36, 0x0b, 0x81, 0x10, 0x02,
	0x52, 0x61, 0xc4, 0xa0, 0xcc, 0x40, 0xbc, 0x40, 0xc4, 0x60, 0xc4, 0x60, 0xc4, 0x40, 0xc4, 0xa0, 0xcc, 0xe2, 0x7a, 0x35,
	0x1f, 0x0c, 0xc2, 0x7a, 0x60, 0xc4, 0x40, 0xc4, 0x60, 0xc4, 0x60, 0xc4, 0x80, 0xc4, 0x60, 0xc4, 0x60, 0xc4, 0x40, 0xbc,
	0x81, 0xc4, 0x63, 0xb4, 0x01, 0x29, 0x35, 0x35, 0x0d, 0x40, 0x08, 0x83, 0x93, 0xa2, 0xc4, 0x40, 0xbc, 0x40, 0xc4, 0x60,
	0xc4, 0x60, 0xc4, 0x60, 0xc4, 0x60, 0xc4, 0x40, 0xc4, 0x60, 0xc4, 0xe1, 0xa3, 0xa1, 0x18, 0x36, 0x1e, 0x0e, 0x01, 0x29,
	0x82, 0xbc, 0x60, 0xc4, 0x40, 0xc4, 0x60, 0xc4, 0x60, 0xc4, 0x80, 0xc4, 0x80, 0xc4, 0x60, 0xc4, 0x80, 0xc4, 0x41, 0xb4,
	0x60, 0x93, 0xe1, 0x82, 0x01, 0x29, 0x36, 0x34, 0x0e, 0x41, 0x10, 0x82, 0x6a, 0x40, 0x8b, 0xe0, 0xa3, 0x60, 0xc4, 0x60,
	0xc4, 0x60, 0xc4, 0x60, 0xc4, 0x60, 0xc4, 0x60, 0xc4, 0x60, 0xc4, 0x40, 0xc4, 0xc1, 0xcc, 0x42, 0x62, 0x37, 0x1e, 0x10,
	0xe2, 0x72, 0xa1, 0xc4, 0x60, 0xbc, 0x60, 0xc4, 0x60, 0xc4, 0x60, 0xc4, 0x80, 0xc4, 0x80, 0xc4, 0x60, 0xc4, 0xc0, 0xb3,
	0x20, 0x93, 0xc0, 0x82, 0xe0, 0x8a, 0xc0, 0x7a, 0xe2, 0x51, 0x60, 0x10, 0x37, 0x33, 0x10, 0x81, 0x39, 0xa1, 0x6a, 0x00,
	0x83, 0xe0, 0x7a, 0x00, 0x83, 0x80, 0x9b, 0x40, 0xbc, 0x80, 0xc4, 0x60, 0xc4, 0x60, 0xc4, 0x60, 0xc4, 0x60, 0xc4, 0x40,
	0xc4, 0x80, 0xc4, 0xe2, 0xab, 0x40, 0x08, 0x38, 0x1d, 0x12, 0x02, 0x29, 0x62, 0xbc, 0x40, 0xbc, 0x60, 0xc4, 0x60, 0xc4,
	0x60, 0xc4, 0x60, 0xc4, 0x60, 0xc4, 0x60, 0xc4, 0xa0, 0xab, 0xe0, 0x92, 0xc0, 0x8a, 0xe0, 0x82, 0xe0, 0x82, 0xe0, 0x82,
	0x40, 0x83, 0x83, 0x5a, 0x61, 0x08, 0x38, 0x32, 0x11, 0xc4, 0x41, 0x21, 0x7b, 0x00, 0x83, 0xe0, 0x82, 0xe0, 0x82, 0xe0,
	0x82, 0xc0, 0x82, 0x60, 0x9b, 0x40, 0xbc, 0x60, 0xc4, 0x40, 0xc4, 0x60, 0xc4, 0x60, 0xc4, 0x60, 0xc4, 0x60, 0xc4, 0xa1,
	0xc4, 0x42, 0x5a, 0x39, 0x1d, 0x12, 0x03, 0x73, 0xa0, 0xcc, 0x40, 0xc4, 0x60, 0xc4, 0x60, 0xc4, 0x60, 0xc4, 0x60, 0xc4,
	0x80, 0xbc, 0xa0, 0xa3, 0xe0, 0x8a, 0xe0, 0x8a, 0xe0, 0x82, 0xe0, 0x82, 0xe0, 0x82, 0xe0, 0x7a, 0x00, 0x83, 0x43, 0x5a,
	0x41, 0x08, 0x39, 0x32, 0x12, 0xa3, 0x39, 0x00, 0x7b, 0xe0, 0x7a, 0xe0, 0x82, 0xe0, 0x82, 0xe0, 0x82, 0xe0, 0x82, 0xc0,
	0x82, 0x60, 0x9b, 0x60, 0xbc, 0x60, 0xc4, 0x60, 0xc4, 0x80, 0xc4, 0x60, 0xc4, 0x60, 0xc4, 0xa0, 0xc4, 0x02, 0xa4, 0x81,
	0x10, 0x3a, 0x1d, 0x11, 0x81, 0x9b, 0x80, 0xcc, 0x40, 0xc4, 0x60, 0xc4, 0x60, 0xc4, 0x60, 0xc4, 0x80, 0xc4, 0xa0, 0xa3,
	0xe0, 0x8a, 0xe0, 0x82, 0xe0, 0x82, 0xe0, 0x82, 0xe0, 0x7a, 0xe0, 0x7a, 0x00, 0x83, 0x21, 0x62, 0x20, 0x08, 0x3a, 0x33,
	0x11, 0xa2, 0x41, 0x20, 0x83, 0xc0, 0x82, 0xe0, 0x82, 0xe0, 0x82, 0xe0, 0x82, 0xe0, 0x82, 0xc0, 0x82, 0x40, 0x9b, 0x40,
	0xbc, 0x61, 0xbc, 0x60, 0xbc, 0x60, 0xc4, 0x80, 0xc4, 0x80, 0xc4, 0x81, 0xc4, 0xc1, 0x20, 0x3b, 0x1c, 0x11, 0xc3, 0x41,
	0x81, 0xcc, 0x40, 0xc4, 0x60, 0xc4, 0x40, 0xc4, 0x80, 0xc4, 0x20, 0xbc, 0x20, 0x93, 0xe0, 0x82, 0xe0, 0x8a, 0xe0, 0x82,
	0xe0, 0x82, 0x00, 0x83, 0x00, 0x7b, 0x20, 0x7b, 0x42, 0x5a, 0x20, 0x08, 0x3b, 0x34, 0x10, 0x81, 0x39, 0x21, 0x7b, 0xe0,
	0x82, 0xe0, 0x82, 0xe0, 0x82, 0xe0, 0x82, 0xe0, 0x82, 0xe0, 0x8a, 0x00, 0x93, 0xa0, 0xa3, 0x61, 0xbc, 0x60, 0xc4, 0x60,
	0xc4, 0x60, 0xc4, 0x80, 0xcc, 0x03, 0x83, 0x3c, 0x1b, 0x11, 0x41, 0x08, 0xa2, 0x9b, 0x80, 0xcc, 0x40, 0xc4, 0x60, 0xc4,
	0x80, 0xc4, 0x20, 0xb4, 0x00, 0x93, 0xc0, 0x82, 0x00, 0x83, 0x00, 0x83, 0xe0, 0x82, 0xe0, 0x82, 0x00, 0x7b, 0x40, 0x83,
	0x41, 0x5a, 0x41, 0x08, 0x3c, 0x35, 0x10, 0x81, 0x39, 0x01, 0x7b, 0xe0, 0x82, 0xe0, 0x82, 0xe0, 0x82, 0xe0, 0x82, 0xe0,
	0x8a, 0xc0, 0x8a, 0xc0, 0x8a, 0xa0, 0xa3, 0x61, 0xbc, 0x60, 0xc4, 0x40, 0xc4, 0x60, 0xcc, 0x81, 0xc4, 0x23, 0x29, 0x3d,
	0x1b, 0x10, 0xc3, 0x41, 0xc1, 0xcc, 0x40, 0xc4, 0x40, 0xc4, 0x80, 0xcc, 0x20, 0xbc, 0x00, 0x93, 0xc0, 0x8a, 0xe0, 0x82,
	0xe0, 0x82, 0xe0, 0x82, 0xe0, 0x82, 0x00, 0x83, 0xc1, 0x72, 0xe1, 0x28, 0x20, 0x08, 0x3d, 0x36, 0x0f, 0xa1, 0x18, 0x62,
	0x62, 0x20, 0x83, 0xc0, 0x82, 0xe0, 0x82, 0xe0, 0x8a, 0xc0, 0x8a, 0xe0, 0x8a, 0xc0, 0x82, 0xa0, 0xa3, 0x60, 0xbc, 0x60,
	0xc4, 0x40, 0xc4, 0xc0, 0xd4, 0x02, 0x83, 0x3e, 0x1b, 0x0e, 0xa4, 0x9b, 0xa0, 0xcc, 0x60, 0xc4, 0x60, 0xc4, 0x00, 0xb4,
	0x00, 0x8b, 0xe0, 0x82, 0xe0, 0x82, 0xe0, 0x82, 0x00, 0x83, 0xe0, 0x82, 0x00, 0x83, 0xc1, 0x72, 0xc1, 0x20, 0x3e, 0x37,
	0x0f, 0x41, 0x08, 0x62, 0x62, 0x20, 0x83, 0xc0, 0x82, 0xe0, 0x82, 0xe0, 0x82, 0xe0, 0x82, 0xe0, 0x82, 0xe0, 0x82, 0xa0,
	0xa3, 0x61, 0xbc, 0x60, 0xc4, 0x40, 0xc4, 0x82, 0xc4, 0xa1, 0x18, 0x3f, 0x1a, 0x0e, 0x81, 0x10, 0xe2, 0xab, 0x80, 0xcc,
	0x60, 0xc4, 0x60, 0x9b, 0xe0, 0x8a, 0xc0, 0x82, 0xe0, 0x82, 0xe0, 0x82, 0xe0, 0x82, 0xe0, 0x82, 0x20, 0x83, 0xe1, 0x7a,
	0xc1, 0x20, 0x3f, 0x38, 0x0e, 0x40, 0x08, 0x62, 0x62, 0x20, 0x8b, 0xc0, 0x82, 0xe0, 0x82, 0xe0, 0x82, 0xe0, 0x82, 0xc0,
	0x82, 0xe0, 0x82, 0x40, 0x93, 0x00, 0xb4, 0x60, 0xc4, 0x61, 0xc4, 0x82, 0x41, 0x40, 0x1a, 0x0d, 0x42, 0x5a, 0xc1, 0xcc,
	0x40, 0xbc, 0x60, 0x9b, 0xe0, 0x8a, 0xe0, 0x8a, 0xe0, 0x8a, 0xe0, 0x82, 0xe0, 0x82, 0xe0, 0x82, 0x20, 0x83, 0xe1, 0x7a,
	0xc1, 0x20, 0x40, 0x39, 0x0d, 0x40, 0x08, 0x62, 0x62, 0x20, 0x8b, 0xc0, 0x82, 0xe0, 0x82, 0xe0, 0x82, 0xe0, 0x82, 0xe0,
	0x82, 0xe0, 0x82, 0x40, 0x93, 0x20, 0xb4, 0xa0, 0xc4, 0x83, 0x93, 0x41, 0x19, 0x0d, 0x81, 0x18, 0x42, 0xb4, 0x60, 0xbc,
	0x60, 0x9b, 0xe0, 0x82, 0x00, 0x8b, 0xe0, 0x82, 0xe0, 0x82, 0xe0, 0x82, 0xe0, 0x82, 0x00, 0x8b, 0xe1, 0x7a, 0xc1, 0x20,
	0x41, 0x3a, 0x0d, 0x40, 0x08, 0x62, 0x62, 0x20, 0x8b, 0xe0, 0x82, 0xe0, 0x82, 0xe0, 0x82, 0xe0, 0x82, 0xe0, 0x82, 0xe0,
	0x82, 0x40, 0x8b, 0x20, 0xac, 0xa1, 0xcc, 0xa2, 0x41, 0x42, 0x19, 0x0c, 0x83, 0x62, 0x82, 0xb4, 0x60, 0x9b, 0xc0, 0x8a,
	0xe0, 0x82, 0x00, 0x83, 0x00, 0x83, 0x00, 0x83, 0xe0, 0x82, 0x20, 0x8b, 0xe0, 0x7a, 0xc1, 0x20, 0x42, 0x3b, 0x0c, 0x40,
	0x08, 0x41, 0x62, 0x20, 0x83, 0xe0, 0x82, 0xe0, 0x82, 0xe0, 0x82, 0xe0, 0x82, 0xe0, 0x82, 0xe0, 0x82, 0x20, 0x8b, 0x41,
	0xb4, 0xa4, 0x93, 0x43, 0x18, 0x0c, 0xe2, 0x18, 0x83, 0x8b, 0x00, 0x7b, 0xe0, 0x82, 0xe0, 0x8a, 0xe0, 0x82, 0x00, 0x83,
	0x00, 0x83, 0xe0, 0x82, 0x20, 0x8b, 0xe0, 0x7a, 0xc1, 0x18, 0x43, 0x3c, 0x0c, 0x40, 0x08, 0x61, 0x62, 0x20, 0x83, 0xe0,
	0x82, 0xe0, 0x82, 0xe0, 0x82, 0xe0, 0x82, 0xe0, 0x82, 0xe0, 0x82, 0xe0, 0x7a, 0xc2, 0x93, 0xc3, 0x41, 0x44, 0x18, 0x0b,
	0x03, 0x21, 0x22, 0x83, 0xe0, 0x7a, 0xe0, 0x82, 0xe0, 0x82, 0xe0, 0x82, 0x00, 0x83, 0xe0, 0x82, 0x20, 0x8b, 0xe1, 0x7a,
	0xc1, 0x20, 0x44, 0x3d, 0x0b, 0x20, 0x08, 0x62, 0x62, 0x20, 0x8b, 0xe0, 0x82, 0xe0, 0x82, 0xe0, 0x82, 0xe0, 0x82, 0xe0,
	0x82, 0xe0, 0x7a, 0x40, 0x8b, 0x03, 0x4a, 0x45, 0x19, 0x09, 0x00, 0x31, 0xe1, 0x7a, 0xe0, 0x82, 0xe0, 0x82, 0xe0, 0x82,
	0x00, 0x83, 0x20, 0x83, 0xe1, 0x51, 0xa1, 0x18, 0x45, 0x3e, 0x09, 0x40, 0x08, 0x61, 0x39, 0xc0, 0x72, 0x00, 0x83, 0xc0,
	0x82, 0xe0, 0x82, 0xe0, 0x82, 0x20, 0x83, 0xe1, 0x51, 0x46, 0x1a, 0x06, 0x82, 0x41, 0x20, 0x8b, 0xe0, 0x82, 0xe0, 0x82,
	0x20, 0x83, 0xa1, 0x41, 0x46, 0x40, 0x06, 0xe1, 0x28, 0xe0, 0x72, 0xe0, 0x82, 0xc0, 0x82, 0x20, 0x83, 0x81, 0x62, 0x47,
	0x1a, 0x05, 0x60, 0x10, 0x61, 0x6a, 0x00, 0x8b, 0x00, 0x83, 0x81, 0x41, 0x47, 0x41, 0x05, 0xe1, 0x20, 0xe1, 0x7a, 0x20,
	0x83, 0x01, 0x7b, 0x01, 0x21, 0x48, 0x1b, 0x03, 0x60, 0x10, 0x82, 0x5a, 0xc2, 0x41, 0x48, 0x42, 0x03, 0xe1, 0x20, 0xe3,
	0x62, 0x01, 0x21, 0x49, 0x1c, 0x01, 0x41, 0x00, 0x49, 0x43, 0x01, 0x41, 0x08, 0x11, 0x32, 0x02, 0x81, 0x10, 0x61, 0x10,
	0x12, 0x30, 0x06, 0xc0, 0x20, 0xa1, 0x49, 0x82, 0x62, 0x82, 0x6a, 0x41, 0x39, 0x40, 0x08, 0x13, 0x2d, 0x0a, 0x80, 0x10,
	0x21, 0x31, 0xa1, 0x49, 0x20, 0x62, 0xa0, 0x72, 0x00, 0x83, 0x00, 0x83, 0x20, 0x83, 0x82, 0x6a, 0x61, 0x39, 0x14, 0x2d,
	0x0c, 0x81, 0x39, 0x60, 0x72, 0x00, 0x6a, 0x20, 0x6a, 0xc0, 0x7a, 0x00, 0x83, 0x00, 0x83, 0x00, 0x83, 0x00, 0x83, 0x20,
	0x8b, 0xa2, 0x62, 0xc2, 0x18, 0x15, 0x2c, 0x0d, 0x61, 0x08, 0x41, 0x62, 0x00, 0x62, 0x00, 0x6a, 0x80, 0x72, 0xe0, 0x82,
	0xe0, 0x82, 0x00, 0x83, 0xe0, 0x82, 0xe0, 0x82, 0x00, 0x83, 0xc2, 0x6a, 0x61, 0x08, 0x16, 0x2c, 0x0c, 0xc0, 0x20, 0x40,
	0x62, 0x00, 0x62, 0x20, 0x6a, 0xc0, 0x7a, 0xe0, 0x82, 0xe0, 0x82, 0xe0, 0x82, 0xe0, 0x82, 0xe0, 0x82, 0x00, 0x7b, 0x61,
	0x31, 0x17, 0x2c, 0x0b, 0xc1, 0x49, 0x40, 0x62, 0x00, 0x62, 0x80, 0x72, 0xe0, 0x82, 0xe0, 0x82, 0xe0, 0x82, 0xe0, 0x8a,
	0xe0, 0x8a, 0x00, 0x83, 0xa1, 0x6a, 0x18, 0x2c, 0x0b, 0xa1, 0x49, 0x20, 0x62, 0x20, 0x62, 0xc0, 0x7a, 0xe0, 0x82, 0xe0,
	0x82, 0xe0, 0x82, 0xe0, 0x8a, 0xe0, 0x82, 0x20, 0x8b, 0x61, 0x39, 0x19, 0x2b, 0x0c, 0xc1, 0x18, 0x00, 0x5a, 0x00, 0x62,
	0x80, 0x6a, 0xe0, 0x82, 0xe0, 0x82, 0xe0, 0x82, 0xe0, 0x82, 0xe0, 0x82, 0x00, 0x8b, 0xa1, 0x72, 0x40, 0x08, 0x1a, 0x2b,
	0x0b, 0x01, 0x21, 0x40, 0x62, 0x00, 0x62, 0xc1, 0x7a, 0xe0, 0x82, 0xe0, 0x82, 0xe0, 0x82, 0xe0, 0x82, 0xe0, 0x82, 0x00,
	0x83, 0x61, 0x39, 0x1b, 0x2a, 0x0c, 0x40, 0x08, 0xc1, 0x49, 0x00, 0x5a, 0x40, 0x6a, 0xe0, 0x82, 0xe0, 0x82, 0xe0, 0x82,
	0xe0, 0x82, 0xe0, 0x82, 0xe0, 0x82, 0x81, 0x6a, 0x40, 0x08, 0x1c, 0x2a, 0x0b, 0x60, 0x10, 0x20, 0x62, 0x40, 0x6a, 0xc0,
	0x7a, 0xe0, 0x82, 0xe0, 0x82, 0xe0, 0x82, 0xe0, 0x82, 0xe0, 0x82, 0x00, 0x83, 0x42, 0x39, 0x1d, 0x2a, 0x0a, 0x61, 0x41,
	0x20, 0x6a, 0xa0, 0x7a, 0x00, 0x83, 0xe0, 0x82, 0xe0, 0x82, 0xe0, 0x82, 0xe0, 0x82, 0x00, 0x83, 0xa2, 0x6a, 0x1e, 0x2a,
	0x0a, 0x81, 0x49, 0x80, 0x72, 0xc0, 0x82, 0xe0, 0x82, 0xe0, 0x82, 0xe0, 0x82, 0xe0, 0x82, 0xe0, 0x82, 0x20, 0x83, 0x61,
	0x31, 0x1f, 0x29, 0x0b, 0xa1, 0x18, 0x00, 0x62, 0xc0, 0x82, 0xe0, 0x8a, 0xe0, 0x82, 0xe0, 0x82, 0xe0, 0x82, 0xe0, 0x82,
	0x00, 0x8b, 0xa0, 0x72, 0x40, 0x08, 0x20, 0x29, 0x0a, 0xc0, 0x20, 0x60, 0x72, 0xe0, 0x82, 0xe0, 0x82, 0xe0, 0x82, 0xe0,
	0x82, 0xe0, 0x82, 0xe0, 0x7a, 0x20, 0x83, 0x81, 0x41, 0x21, 0x28, 0x0b, 0x00, 0x08, 0x60, 0x51, 0xc0, 0x7a, 0xe0, 0x82,
	0xe0, 0x82, 0xe0, 0x82, 0xe0, 0x82, 0xe0, 0x82, 0x00, 0x83, 0xa2, 0x6a, 0x21, 0x00, 0x22, 0x28, 0x0a, 0x00, 0x08, 0x40,
	0x72, 0x00, 0x83, 0xe0, 0x82, 0xe0, 0x82, 0xe0, 0x82, 0xe0, 0x82, 0xe0, 0x82, 0x20, 0x83, 0x62, 0x39, 0x23, 0x28, 0x0a,
	0xc0, 0x20, 0xa0, 0x7a, 0xe0, 0x82, 0xe0, 0x82, 0xe0, 0x82, 0xe0, 0x82, 0xe0, 0x8a, 0x00, 0x8b, 0xa1, 0x6a, 0x40, 0x08,
	0x24, 0x28, 0x09, 0xa1, 0x41, 0x20, 0x83, 0xe0, 0x7a, 0xe0, 0x82, 0xe0, 0x82, 0xe0, 0x7a, 0xe0, 0x8a, 0x00, 0x8b, 0x81,
	0x39, 0x25, 0x27, 0x0a, 0x61, 0x10, 0xa2, 0x6a, 0x00, 0x83, 0xe0, 0x7a, 0xe0, 0x82, 0xe0, 0x82, 0xe0, 0x7a, 0x00, 0x83,
	0xa1, 0x72, 0x20, 0x08, 0x26, 0x27, 0x09, 0xc2, 0x18, 0x62, 0x5a, 0x20, 0x83, 0x20, 0x83, 0xe0, 0x82, 0xe0, 0x82, 0xe0,
	0x7a, 0x20, 0x83, 0x41, 0x31, 0x27, 0x29, 0x07, 0x01, 0x29, 0x61, 0x39, 0xc1, 0x7a, 0x20, 0x83, 0x20, 0x83, 0xa1, 0x6a,
	0x40, 0x08, 0x28, 0x2b, 0x04, 0x40, 0x08, 0x81, 0x39, 0xa3, 0x62, 0x82, 0x39, 0x29, 0x2d, 0x01, 0x61, 0x08, 0x30, 0x23,
	0x05, 0x40, 0x08, 0xe0, 0x20, 0xe2, 0x49, 0x61, 0x39, 0x40, 0x08, 0x30, 0x38, 0x05, 0x40, 0x08, 0x62, 0x39, 0xe3, 0x49,
	0xc0, 0x20, 0x40, 0x08, 0x31, 0x21, 0x09, 0x40, 0x08, 0x21, 0x31, 0xc0, 0x51, 0x80, 0x72, 0x00, 0x83, 0x00, 0x83, 0xa1,
	0x72, 0x61, 0x41, 0x40, 0x08, 0x31, 0x36, 0x09, 0x40, 0x08, 0x61, 0x39, 0x81, 0x72, 0x20, 0x8b, 0x00, 0x83, 0x80, 0x72,
	0xc0, 0x59, 0x21, 0x31, 0x20, 0x08, 0x32, 0x20, 0x0c, 0x62, 0x39, 0x01, 0x5a, 0x00, 0x5a, 0x00, 0x6a, 0x80, 0x7a, 0xe0,
	0x82, 0xe0, 0x82, 0x20, 0x8b, 0x20, 0x83, 0xa1, 0x6a, 0x41, 0x31, 0x41, 0x08, 0x32, 0x34, 0x0c, 0x41, 0x08, 0x62, 0x31,
	0xa1, 0x6a, 0x20, 0x83, 0x00, 0x83, 0xe0, 0x82, 0xe0, 0x82, 0xa0, 0x7a, 0x00, 0x62, 0x00, 0x62, 0x01, 0x5a, 0x41, 0x39,
	0x33, 0x1f, 0x0d, 0x81, 0x10, 0x01, 0x52, 0x00, 0x62, 0xe0, 0x61, 0x60, 0x72, 0xe0, 0x82, 0xe0, 0x82, 0x00, 0x83, 0x00,
	0x83, 0x00, 0x83, 0x00, 0x83, 0xc2, 0x72, 0x81, 0x10, 0x33, 0x34, 0x0d, 0x81, 0x10, 0x02, 0x73, 0x20, 0x83, 0x00, 0x83,
	0xe0, 0x82, 0xe0, 0x82, 0xe0, 0x7a, 0xe0, 0x7a, 0x60, 0x6a, 0x00, 0x6a, 0x20, 0x6a, 0x00, 0x5a, 0x81, 0x10, 0x34, 0x1f,
	0x0c, 0xc0, 0x18, 0x60, 0x62, 0xe0, 0x61, 0xe0, 0x69, 0xc0, 0x82, 0xe0, 0x82, 0xe0, 0x82, 0x00, 0x8b, 0x00, 0x8b, 0xe0,
	0x7a, 0x00, 0x83, 0x81, 0x41, 0x34, 0x35, 0x0c, 0xa1, 0x41, 0x20, 0x83, 0x00, 0x83, 0xe0, 0x82, 0xe0, 0x82, 0xe0, 0x7a,
	0x00, 0x83, 0xc0, 0x82, 0x20, 0x6a, 0x00, 0x62, 0x40, 0x62, 0xa0, 0x20, 0x35, 0x1f, 0x0c, 0xa1, 0x49, 0x40, 0x6a, 0x00,
	0x62, 0x60, 0x72, 0xe0, 0x82, 0xe0, 0x82, 0xe0, 0x82, 0xe0, 0x82, 0xe0, 0x82, 0x00, 0x83, 0xc1, 0x72, 0x41, 0x08, 0x35,
	0x35, 0x0c, 0x41, 0x08, 0xa1, 0x6a, 0x00, 0x83, 0xe0, 0x82, 0xe0, 0x82, 0x00, 0x83, 0x00, 0x83, 0x00, 0x8b, 0x60, 0x7a,
	0x00, 0x62, 0x20, 0x6a, 0xa1, 0x49, 0x36, 0x1f, 0x0b, 0xe1, 0x51, 0x20, 0x6a, 0x20, 0x6a, 0xc0, 0x82, 0xe0, 0x82, 0xe0,
	0x82, 0xe0, 0x82, 0xe0, 0x82, 0xe0, 0x82, 0x20, 0x8b, 0x81, 0x41, 0x36, 0x36, 0x0b, 0x82, 0x41, 0x20, 0x8b, 0xe0, 0x82,
	0xe0, 0x82, 0xe0, 0x82, 0xe0, 0x82, 0xe0, 0x82, 0xc0, 0x82, 0x40, 0x6a, 0x20, 0x6a, 0xe1, 0x59, 0x37, 0x1e, 0x0c, 0x60,
	0x10, 0x00, 0x5a, 0x20, 0x62, 0x60, 0x6a, 0xe0, 0x82, 0xe0, 0x82, 0xe0, 0x82, 0xe0, 0x82, 0xe0, 0x82, 0xe0, 0x82, 0xa1,
	0x72, 0x60, 0x10, 0x37, 0x36, 0x0c, 0x61, 0x10, 0xa2, 0x72, 0x00, 0x83, 0xe0, 0x82, 0xe0, 0x82, 0xe0, 0x82, 0xe0, 0x82,
	0xe0, 0x82, 0x60, 0x72, 0x00, 0x6a, 0x00, 0x5a, 0x60, 0x10, 0x38, 0x1e, 0x0b, 0x41, 0x29, 0x40, 0x62, 0x20, 0x62, 0xc0,
	0x7a, 0x00, 0x83, 0xe0, 0x82, 0xe0, 0x82, 0xe0, 0x82, 0xe0, 0x82, 0x20, 0x8b, 0xa2, 0x49, 0x38, 0x37, 0x0b, 0xa1, 0x41,
	0x00, 0x83, 0xe0, 0x82, 0xe0, 0x82, 0xe0, 0x82, 0xe0, 0x82, 0xe0, 0x82, 0xc0, 0x7a, 0x00, 0x6a, 0x40, 0x6a, 0x21, 0x29,
	0x39, 0x1e, 0x0b, 0x81, 0x39, 0x00, 0x62, 0x40, 0x6a, 0xe0, 0x7a, 0xe0, 0x82, 0xe0, 0x82, 0xe0, 0x82, 0xe0, 0x82, 0xe0,
	0x82, 0xa1, 0x72, 0x60, 0x10, 0x39, 0x37, 0x0b, 0x40, 0x08, 0xa1, 0x6a, 0x00, 0x7b, 0xe0, 0x82, 0xe0, 0x82, 0xe0, 0x82,
	0xe0, 0x82, 0xe0, 0x82, 0x40, 0x6a, 0x00, 0x62, 0x81, 0x39, 0x3a, 0x1d, 0x0b, 0xa0, 0x20, 0x20, 0x6a, 0x00, 0x62, 0xa0,
	0x7a, 0xe0, 0x82, 0xe0, 0x82, 0xe0, 0x82, 0xe0, 0x82, 0xc0, 0x7a, 0x20, 0x83, 0x81, 0x39, 0x3a, 0x38, 0x0b, 0x82, 0x39,
	0x20, 0x83, 0xe0, 0x82, 0xe0, 0x82, 0xe0, 0x82, 0xe0, 0x8a, 0xe0, 0x8a, 0xc0, 0x7a, 0x00, 0x62, 0x40, 0x6a, 0x80, 0x18,
	0x3b, 0x1d, 0x0b, 0x20, 0x39, 0x20, 0x6a, 0xa0, 0x72, 0xe0, 0x82, 0xe0, 0x82, 0xe0, 0x82, 0xe0, 0x82, 0xe0, 0x82, 0xe0,
	0x7a, 0xa1, 0x6a, 0x61, 0x10, 0x3b, 0x38, 0x0b, 0x61, 0x08, 0xc1, 0x6a, 0x00, 0x83, 0xe0, 0x82, 0xe0, 0x82, 0xe0, 0x8a,
	0xe0, 0x8a, 0xe0, 0x82, 0xa0, 0x7a, 0x20, 0x6a, 0x20, 0x39, 0x3c, 0x1d, 0x0a, 0xc0, 0x51, 0x60, 0x72, 0xc0, 0x7a, 0xe0,
	0x82, 0xe0, 0x82, 0xe0, 0x82, 0xe0, 0x82, 0xe0, 0x82, 0x20, 0x7b, 0xa2, 0x41, 0x3c, 0x39, 0x0a, 0x82, 0x39, 0x00, 0x83,
	0xe0, 0x82, 0xe0, 0x82, 0xe0, 0x82, 0xe0, 0x82, 0xe0, 0x82, 0xc0, 0x82, 0x40, 0x72, 0xe1, 0x59, 0x3d, 0x1c, 0x0b, 0x81,
	0x10, 0xe0, 0x59, 0xa0, 0x7a, 0xe0, 0x82, 0xe0, 0x82, 0xe0, 0x7a, 0xe0, 0x82, 0xe0, 0x82, 0x00, 0x83, 0xe1, 0x72, 0x61,
	0x08, 0x3d, 0x39, 0x0b, 0x41, 0x08, 0xe1, 0x7a, 0xe0, 0x82, 0xe0, 0x82, 0xe0, 0x82, 0xe0, 0x82, 0xe0, 0x82, 0xe0, 0x8a,
	0xa0, 0x82, 0x00, 0x62, 0x80, 0x10, 0x3e, 0x1c, 0x0a, 0x01, 0x29, 0x60, 0x6a, 0xe0, 0x7a, 0xe0, 0x7a, 0xe0, 0x7a, 0xe0,
	0x7a, 0xe0, 0x82, 0xe0, 0x82, 0x20, 0x8b, 0xa1, 0x41, 0x3e, 0x3a, 0x0a, 0xa1, 0x41, 0x20, 0x8b, 0xc0, 0x82, 0xe0, 0x82,
	0xe0, 0x82, 0xe0, 0x82, 0xe0, 0x8a, 0xc0, 0x8a, 0x60, 0x72, 0x21, 0x29, 0x3f, 0x1c, 0x0a, 0x20, 0x31, 0xc0, 0x72, 0x00,
	0x7b, 0x00, 0x7b, 0xe0, 0x82, 0x00, 0x83, 0xe0, 0x82, 0x00, 0x7b, 0xc1, 0x6a, 0x60, 0x10, 0x3f, 0x3a, 0x0a, 0x61, 0x10,
	0xa2, 0x72, 0xe0, 0x82, 0xe0, 0x82, 0xe0, 0x82, 0xe0, 0x82, 0xe0, 0x82, 0xe0, 0x82, 0xc0, 0x7a, 0x20, 0x39, 0x40, 0x1b,
	0x0a, 0x40, 0x10, 0x40, 0x6a, 0x00, 0x7b, 0x00, 0x7b, 0xe0, 0x82, 0xe0, 0x82, 0xe0, 0x82, 0xe0, 0x82, 0x20, 0x83, 0xa1,
	0x41, 0x40, 0x3b, 0x0a, 0x81, 0x41, 0x00, 0x8b, 0xc0, 0x82, 0xe0, 0x82, 0xe0, 0x82, 0xe0, 0x82, 0xe0, 0x82, 0x00, 0x83,
	0x40, 0x6a, 0x40, 0x10, 0x41, 0x1b, 0x0a, 0x80, 0x18, 0xc0, 0x72, 0x00, 0x7b, 0xe0, 0x82, 0xe0, 0x82, 0xe0, 0x82, 0x00,
	0x83, 0x00, 0x83, 0xe2, 0x7a, 0x61, 0x10, 0x41, 0x3b, 0x0a, 0x60, 0x10, 0xc2, 0x7a, 0xe0, 0x82, 0xe0, 0x82, 0xe0, 0x82,
	0xe0, 0x82, 0xe0, 0x82, 0xe0, 0x82, 0xa0, 0x7a, 0x80, 0x18, 0x42, 0x1b, 0x09, 0xa2, 0x49, 0x00, 0x83, 0xe0, 0x82, 0xe0,
	0x82, 0xe0, 0x82, 0xe0, 0x82, 0xe0, 0x82, 0x20, 0x83, 0xa2, 0x41, 0x42, 0x3c, 0x09, 0xa2, 0x49, 0x20, 0x8b, 0xe0, 0x82,
	0xe0, 0x82, 0xe0, 0x82, 0xe0, 0x82, 0xe0, 0x82, 0x00, 0x8b, 0xa2, 0x49, 0x43, 0x1b, 0x09, 0x41, 0x5a, 0x00, 0x83, 0xe0,
	0x7a, 0xe0, 0x82, 0xe0, 0x82, 0xe0, 0x82, 0x00, 0x83, 0xa1, 0x72, 0x60, 0x10, 0x43, 0x3c, 0x09, 0x60, 0x18, 0xc1, 0x7a,
	0x00, 0x83, 0xe0, 0x7a, 0xe0, 0x7a, 0xe0, 0x82, 0xe0, 0x82, 0xe0, 0x82, 0x41, 0x62, 0x44, 0x1a, 0x09, 0x03, 0x29, 0x02,
	0x7b, 0x40, 0x83, 0x20, 0x7b, 0xe0, 0x7a, 0xe0, 0x82, 0xe0, 0x82, 0x20, 0x83, 0x81, 0x41, 0x44, 0x3d, 0x09, 0xa1, 0x41,
	0x20, 0x83, 0xe0, 0x7a, 0xe0, 0x7a, 0xe0, 0x7a, 0x00, 0x8b, 0x00, 0x8b, 0x01, 0x83, 0x22, 0x29, 0x45, 0x1b, 0x08, 0xe1,
	0x28, 0x21, 0x5a, 0x61, 0x62, 0x40, 0x8b, 0x00, 0x83, 0xe0, 0x82, 0xc1, 0x7a, 0x60, 0x10, 0x45, 0x3d, 0x08, 0x61, 0x10,
	0xc1, 0x72, 0xe0, 0x82, 0x00, 0x83, 0x41, 0x8b, 0x61, 0x6a, 0x21, 0x62, 0xe1, 0x28, 0x46, 0x1d, 0x05, 0x41, 0x08, 0x62,
	0x39, 0xa2, 0x62, 0x42, 0x7b, 0xa2, 0x41, 0x46, 0x3e, 0x05, 0xc2, 0x41, 0x42, 0x7b, 0x82, 0x62, 0x62, 0x39, 0x41, 0x08,
	0x47, 0x20, 0x02, 0x43, 0x29, 0x41, 0x08, 0x47, 0x3e, 0x02, 0x61, 0x08, 0x43, 0x31, 0x11, 0x2d, 0x06, 0x42, 0x29, 0x21,
	0x31, 0x22, 0x31, 0x22, 0x31, 0x42, 0x31, 0xa1, 0x10, 0x12, 0x2c, 0x07, 0xa1, 0x18, 0x42, 0x83, 0x20, 0x83, 0x20, 0x83,
	0x20, 0x83, 0x61, 0x8b, 0xc2, 0x41, 0x13, 0x2c, 0x07, 0xa1, 0x10, 0x01, 0x7b, 0xe0, 0x82, 0xe0, 0x82, 0xc0, 0x7a, 0x20,
	0x83, 0xa1, 0x41, 0x14, 0x2c, 0x07, 0xa1, 0x10, 0x01, 0x7b, 0xe0, 0x82, 0xe0, 0x82, 0xe0, 0x82, 0x20, 0x8b, 0xa2, 0x41,
	0x15, 0x2c, 0x07, 0xa1, 0x18, 0x01, 0x7b, 0xe0, 0x82, 0xe0, 0x82, 0xe0, 0x82, 0x20, 0x83, 0xa2, 0x41, 0x16, 0x2c, 0x07,
	0xa1, 0x10, 0x01, 0x7b, 0xe0, 0x82, 0xe0, 0x82, 0xe0, 0x82, 0x20, 0x8b, 0xa1, 0x41, 0x17, 0x2c, 0x07, 0xc1, 0x20, 0x01,
	0x83, 0xe0, 0x82, 0xe0, 0x82, 0xe0, 0x82, 0x20, 0x8b, 0xc2, 0x49, 0x18, 0x2c, 0x08, 0xc2, 0x49, 0x00, 0x83, 0xe0, 0x82,
	0xe0, 0x82, 0xe0, 0x82, 0x00, 0x83, 0x81, 0x6a, 0x40, 0x08, 0x19, 0x2c, 0x08, 0xe1, 0x51, 0x00, 0x83, 0xe0, 0x82, 0xe0,
	0x82, 0xe0, 0x82, 0x00, 0x83, 0x81, 0x6a, 0x60, 0x10, 0x1a, 0x2c, 0x08, 0xc1, 0x51, 0x00, 0x83, 0xe0, 0x82, 0xe0, 0x82,
	0xe0, 0x82, 0x00, 0x83, 0x81, 0x72, 0x40, 0x10, 0x1b, 0x2c, 0x08, 0xe1, 0x51, 0x00, 0x83, 0xe0, 0x82, 0xe0, 0x82, 0xe0,
	0x82, 0x00, 0x83, 0x81, 0x72, 0x60, 0x10, 0x1c, 0x2c, 0x08, 0xe1, 0x51, 0x00, 0x83, 0xe0, 0x82, 0xe0, 0x82, 0xe0, 0x82,
	0x00, 0x83, 0xa1, 0x72, 0x60, 0x10, 0x1d, 0x2c, 0x08, 0xe1, 0x51, 0x00, 0x83, 0xe0, 0x82, 0xe0, 0x82, 0xe0, 0x82, 0x00,
	0x83, 0xa1, 0x72, 0x60, 0x10, 0x1e, 0x2c, 0x08, 0xe1, 0x51, 0x00, 0x83, 0xe0, 0x82, 0xe0, 0x82, 0xe0, 0x82, 0x00, 0x83,
	0xa1, 0x72, 0x60, 0x10, 0x1f, 0x2c, 0x08, 0xe1, 0x51, 0x00, 0x83, 0xe0, 0x82, 0xe0, 0x82, 0xe0, 0x82, 0x00, 0x83, 0xa1,
	0x72, 0x60, 0x10, 0x20, 0x2c, 0x08, 0xe1, 0x51, 0x00, 0x83, 0xe0, 0x82, 0xe0, 0x82, 0xe0, 0x82, 0x00, 0x83, 0xa1, 0x72,
	0x60, 0x10, 0x21, 0x2c, 0x08, 0xe1, 0x51, 0x00, 0x83, 0xe0, 0x82, 0xe0, 0x82, 0xe0, 0x82, 0x00, 0x83, 0xa1, 0x72, 0x60,
	0x10, 0x22, 0x2c, 0x08, 0x01, 0x5a, 0x00, 0x83, 0xe0, 0x82, 0xe0, 0x82, 0xe0, 0x82, 0x00, 0x83, 0xc1, 0x7a, 0x60, 0x10,
	0x23, 0x2c, 0x08, 0x41, 0x39, 0x00, 0x83, 0xe0, 0x82, 0xe0, 0x82, 0xe0, 0x82, 0x00, 0x8b, 0x41, 0x62, 0x20, 0x08, 0x24,
	0x2c, 0x07, 0xa1, 0x20, 0x01, 0x83, 0xe0, 0x82, 0xe0, 0x82, 0xe0, 0x82, 0x20, 0x8b, 0xa1, 0x49, 0x25, 0x2c, 0x07, 0xc1,
	0x20, 0x01, 0x83, 0xe0, 0x82, 0xe0, 0x82, 0xe0, 0x82, 0x20, 0x8b, 0xc1, 0x49, 0x26, 0x2c, 0x07, 0xa1, 0x18, 0x01, 0x83,
	0xe0, 0x82, 0xe0, 0x82, 0xe0, 0x82, 0x20, 0x8b, 0xc1, 0x49, 0x27, 0x2c, 0x07, 0xa1, 0x10, 0x01, 0x7b, 0xe0, 0x82, 0xe0,
	0x82, 0xe0, 0x82, 0x20, 0x8b, 0xa1, 0x41, 0x28, 0x2c, 0x07, 0xa1, 0x10, 0x42, 0x83, 0x00, 0x83, 0x01, 0x83, 0x00, 0x83,
	0x41, 0x8b, 0xc2, 0x41, 0x29, 0x2d, 0x06, 0xc1, 0x18, 0xc1, 0x18, 0xc1, 0x20, 0xc1, 0x20, 0xe1, 0x20, 0x61, 0x10, 0x2e,
	0x1e, 0x06, 0xa1, 0x18, 0xe1, 0x18, 0xe1, 0x18, 0xc1, 0x20, 0xe1, 0x20, 0xc1, 0x18, 0x2f, 0x1e, 0x06, 0xc3, 0x6a, 0x21,
	0x7b, 0x01, 0x7b, 0x01, 0x7b, 0x40, 0x83, 0xa1, 0x6a, 0x2f, 0x3b, 0x07, 0x61, 0x10, 0xa3, 0x6a, 0xa2, 0x6a, 0xa2, 0x6a,
	0xa1, 0x6a, 0xe1, 0x72, 0xa2, 0x41, 0x30, 0x1e, 0x06, 0x82, 0x6a, 0x00, 0x7b, 0xe0, 0x7a, 0xe0, 0x7a, 0x00, 0x83, 0x81,
	0x6a, 0x30, 0x3b, 0x07, 0x81, 0x18, 0x01, 0x83, 0xe0, 0x82, 0xe0, 0x82, 0xe0, 0x82, 0x40, 0x8b, 0xc1, 0x51, 0x31, 0x1e,
	0x06, 0xa1, 0x72, 0x00, 0x83, 0xe0, 0x82, 0xe0, 0x82, 0x20, 0x8b, 0x81, 0x6a, 0x31, 0x3b, 0x07, 0x81, 0x18, 0x01, 0x83,
	0xe0, 0x82, 0xe0, 0x82, 0xe0, 0x82, 0x20, 0x8b, 0xc1, 0x51, 0x32, 0x1e, 0x06, 0xa1, 0x72, 0x00, 0x83, 0xe0, 0x82, 0xe0,
	0x82, 0x00, 0x8b, 0x81, 0x6a, 0x32, 0x3b, 0x07, 0x80, 0x18, 0x01, 0x83, 0xe0, 0x82, 0xe0, 0x82, 0xe0, 0x82, 0x20, 0x8b,
	0xc1, 0x51, 0x33, 0x1e, 0x06, 0xa1, 0x72, 0x00, 0x83, 0xe0, 0x82, 0xe0, 0x82, 0x20, 0x8b, 0x81, 0x6a, 0x33, 0x3b, 0x07,
	0x81, 0x18, 0x01, 0x83, 0xe0, 0x82, 0xe0, 0x82, 0xe0, 0x82, 0x20, 0x8b, 0xc1, 0x51, 0x34, 0x1e, 0x06, 0x81, 0x6a, 0x00,
	0x83, 0xe0, 0x82, 0xe0, 0x82, 0x00, 0x8b, 0x61, 0x6a, 0x34, 0x3b, 0x07, 0x60, 0x10, 0x01, 0x83, 0xe0, 0x82, 0xe0, 0x82,
	0xe0, 0x82, 0x20, 0x8b, 0xa1, 0x49, 0x35, 0x1d, 0x08, 0xe1, 0x28, 0xe0, 0x7a, 0x00, 0x83, 0xe0, 0x82, 0xe0, 0x82, 0xe0,
	0x8a, 0xc0, 0x7a, 0xc1, 0x20, 0x35, 0x3b, 0x07, 0x21, 0x31, 0x00, 0x83, 0xe0, 0x82, 0xe0, 0x82, 0xe0, 0x82, 0x00, 0x83,
	0x21, 0x62, 0x36, 0x1d, 0x08, 0x21, 0x31, 0x00, 0x83, 0x00, 0x83, 0x00, 0x83, 0xe0, 0x8a, 0xe0, 0x8a, 0xe0, 0x82, 0x21,
	0x31, 0x36, 0x3b, 0x08, 0xe1, 0x51, 0x00, 0x83, 0x00, 0x83, 0x00, 0x83, 0x00, 0x83, 0x00, 0x83, 0xc0, 0x7a, 0x81, 0x10,
	0x37, 0x1d, 0x08, 0x21, 0x31, 0x00, 0x83, 0x00, 0x83, 0x00, 0x83, 0xe0, 0x8a, 0xe0, 0x8a, 0xe0, 0x82, 0x01, 0x31, 0x37,
	0x3b, 0x08, 0xc0, 0x49, 0x00, 0x83, 0x00, 0x83, 0x00, 0x83, 0x00, 0x83, 0x00, 0x83, 0xa0, 0x7a, 0x81, 0x10, 0x38, 0x1d,
	0x08, 0x21, 0x31, 0x00, 0x83, 0x00, 0x83, 0xe0, 0x8a, 0xe0, 0x8a, 0xe0, 0x8a, 0xe0, 0x82, 0x01, 0x31, 0x38, 0x3b, 0x08,
	0xc0, 0x51, 0x00, 0x8b, 0x00, 0x83, 0x00, 0x83, 0xe0, 0x82, 0x00, 0x8b, 0xa0, 0x7a, 0x81, 0x10, 0x39, 0x1d, 0x08, 0x21,
	0x31, 0x00, 0x83, 0x00, 0x83, 0xe0, 0x8a, 0xe0, 0x8a, 0xe0, 0x8a, 0xe0, 0x82, 0x01, 0x31, 0x39, 0x3b, 0x08, 0xc1, 0x51,
	0x00, 0x8b, 0xe0, 0x82, 0x00, 0x83, 0x00, 0x83, 0x00, 0x8b, 0xa0, 0x7a, 0x81, 0x10, 0x3a, 0x1d, 0x08, 0x21, 0x31, 0x00,
	0x83, 0x00, 0x83, 0xe0, 0x82, 0xe0, 0x82, 0xe0, 0x8a, 0xe0, 0x82, 0x01, 0x31, 0x3a, 0x3b, 0x08, 0xc1, 0x51, 0x00, 0x8b,
	0xe0, 0x82, 0x00, 0x83, 0xe0, 0x82, 0x00, 0x8b, 0xa0, 0x7a, 0x61, 0x10, 0x3b, 0x1d, 0x08, 0x21, 0x31, 0x00, 0x83, 0xe0,
	0x82, 0xe0, 0x82, 0xe0, 0x82, 0xe0, 0x82, 0xe0, 0x82, 0x00, 0x31, 0x3b, 0x3b, 0x08, 0xc1, 0x51, 0x00, 0x8b, 0xe0, 0x82,
	0xe0, 0x82, 0xe0, 0x82, 0xe0, 0x82, 0xa0, 0x7a, 0x61, 0x10, 0x3c, 0x1d, 0x08, 0x21, 0x31, 0x00, 0x83, 0xe0, 0x82, 0xe0,
	0x82, 0xe0, 0x82, 0xe0, 0x82, 0xe0, 0x82, 0x00, 0x31, 0x3c, 0x3b, 0x08, 0xc1, 0x51, 0x00, 0x8b, 0xe0, 0x82, 0xe0, 0x82,
	0xe0, 0x82, 0xe0, 0x82, 0xa0, 0x7a, 0x61, 0x10, 0x3d, 0x1d, 0x08, 0x21, 0x31, 0x00, 0x83, 0xe0, 0x82, 0xe0, 0x82, 0xe0,
	0x82, 0xe0, 0x82, 0xe0, 0x82, 0x00, 0x31, 0x3d, 0x3b, 0x08, 0xc1, 0x51, 0x00, 0x8b, 0xe0, 0x82, 0xe0, 0x82, 0xe0, 0x82,
	0xe0, 0x82, 0xa0, 0x7a, 0x61, 0x10, 0x3e, 0x1d, 0x08, 0x21, 0x31, 0x00, 0x83, 0xe0, 0x82, 0xe0, 0x82, 0xe0, 0x82, 0xe0,
	0x82, 0xe0, 0x82, 0x00, 0x29, 0x3e, 0x3b, 0x08, 0xc1, 0x51, 0x00, 0x8b, 0xe0, 0x82, 0xe0, 0x82, 0xe0, 0x82, 0xe0, 0x82,
	0xa0, 0x7a, 0x61, 0x10, 0x3f, 0x1d, 0x08, 0x42, 0x31, 0x00, 0x83, 0xe0, 0x82, 0xe0, 0x82, 0xe0, 0x82, 0xe0, 0x82, 0xe0,
	0x82, 0x21, 0x31, 0x3f, 0x3b, 0x08, 0xe1, 0x51, 0x00, 0x83, 0xe0, 0x82, 0xe0, 0x82, 0xe0, 0x82, 0xe0, 0x82, 0xa0, 0x7a,
	0x81, 0x10, 0x40, 0x1d, 0x08, 0xc1, 0x20, 0xc0, 0x7a, 0xe0, 0x82, 0xe0, 0x82, 0xe0, 0x82, 0xe0, 0x82, 0xa0, 0x72, 0xc1,
	0x18, 0x40, 0x3b, 0x08, 0xc1, 0x49, 0xe0, 0x82, 0xc0, 0x82, 0xe0, 0x82, 0xe0, 0x82, 0x00, 0x83, 0x81, 0x72, 0x61, 0x10,
	0x41, 0x1e, 0x06, 0xa0, 0x72, 0x00, 0x83, 0xe0, 0x82, 0xe0, 0x82, 0x00, 0x8b, 0x41, 0x62, 0x41, 0x3b, 0x07, 0xa0, 0x18,
	0x00, 0x83, 0xc0, 0x82, 0xe0, 0x82, 0xe0, 0x82, 0x00, 0x83, 0xa0, 0x49, 0x42, 0x1e, 0x06, 0xa1, 0x72, 0x00, 0x83, 0xe0,
	0x82, 0xe0, 0x82, 0x00, 0x8b, 0x61, 0x6a, 0x42, 0x3b, 0x07, 0x81, 0x18, 0x01, 0x83, 0xe0, 0x82, 0xe0, 0x82, 0xe0, 0x82,
	0x20, 0x8b, 0xa0, 0x49, 0x43, 0x1e, 0x06, 0xa1, 0x72, 0x00, 0x83, 0xe0, 0x82, 0xe0, 0x82, 0x00, 0x8b, 0x61, 0x6a, 0x43,
	0x3b, 0x07, 0x80, 0x18, 0x00, 0x83, 0xe0, 0x82, 0xe0, 0x82, 0xe0, 0x82, 0x20, 0x8b, 0xa1, 0x49, 0x44, 0x1e, 0x06, 0xa1,
	0x72, 0x00, 0x7b, 0xe0, 0x7a, 0xe0, 0x82, 0x00, 0x83, 0x61, 0x62, 0x44, 0x3b, 0x07, 0x80, 0x18, 0x00, 0x83, 0xc0, 0x82,
	0xe0, 0x82, 0xe0, 0x82, 0x00, 0x8b, 0xa1, 0x49, 0x45, 0x1e, 0x06, 0xe3, 0x72, 0x41, 0x83, 0x20, 0x83, 0x20, 0x83, 0x40,
	0x8b, 0xa1, 0x6a, 0x45, 0x3b, 0x07, 0xa1, 0x18, 0x41, 0x83, 0x20, 0x83, 0x20, 0x83, 0x00, 0x8b, 0x40, 0x93, 0xc1, 0x59,
	0x46, 0x1e, 0x06, 0x02, 0x21, 0x42, 0x29, 0x22, 0x29, 0x21, 0x31, 0x41, 0x31, 0xe1, 0x20, 0x46, 0x3b, 0x07, 0x61, 0x08,
	0x23, 0x52, 0x22, 0x52, 0x22, 0x52, 0x21, 0x5a, 0x41, 0x62, 0x21, 0x31, 0x10, 0x30, 0x02, 0x41, 0x08, 0x41, 0x08, 0x11,
	0x2a, 0x08, 0x40, 0x08, 0x22, 0x52, 0x21, 0x5a, 0x22, 0x5a, 0x22, 0x5a, 0x01, 0x52, 0xa2, 0x6a, 0x01, 0x31, 0x12, 0x2a,
	0x08, 0x61, 0x10, 0x21, 0x83, 0x20, 0x8b, 0x00, 0x8b, 0x00, 0x8b, 0x00, 0x8b, 0x20, 0x93, 0xe0, 0x30, 0x13, 0x2a, 0x08,
	0x61, 0x10, 0xe1, 0x7a, 0xe0, 0x82, 0xc0, 0x82, 0xc0, 0x82, 0xe0, 0x82, 0xe0, 0x82, 0x21, 0x62, 0x14, 0x2a, 0x08, 0x40,
	0x08, 0x81, 0x72, 0x00, 0x83, 0xe0, 0x82, 0xe0, 0x82, 0xe0, 0x82, 0x00, 0x83, 0xa1, 0x72, 0x15, 0x2b, 0x07, 0x81, 0x49,
	0x20, 0x8b, 0xe0, 0x82, 0xe0, 0x82, 0xe0, 0x82, 0x00, 0x83, 0x81, 0x72, 0x16, 0x2b, 0x07, 0x42, 0x39, 0x01, 0x8b, 0xe0,
	0x82, 0xe0, 0x82, 0xe0, 0x82, 0x00, 0x83, 0x81, 0x6a, 0x17, 0x2b, 0x08, 0x42, 0x39, 0x01, 0x83, 0xe0, 0x82, 0xe0, 0x82,
	0xe0, 0x82, 0x00, 0x83, 0xc1, 0x7a, 0x81, 0x18, 0x18, 0x2b, 0x08, 0x21, 0x31, 0x01, 0x83, 0xe0, 0x82, 0xe0, 0x82, 0xe0,
	0x82, 0xe0, 0x82, 0x20, 0x83, 0xa2, 0x41, 0x19, 0x2b, 0x08, 0x01, 0x29, 0xe0, 0x82, 0xe0, 0x82, 0xe0, 0x82, 0xe0, 0x82,
	0xe0, 0x82, 0x00, 0x83, 0x81, 0x41, 0x1a, 0x2b, 0x08, 0x01, 0x31, 0xe1, 0x82, 0xe0, 0x82, 0xe0, 0x82, 0xe0, 0x82, 0xe0,
	0x82, 0x20, 0x83, 0x81, 0x41, 0x1b, 0x2b, 0x08, 0x60, 0x10, 0x81, 0x6a, 0x00, 0x83, 0xe0, 0x82, 0xe0, 0x82, 0xe0, 0x82,
	0x20, 0x83, 0xa1, 0x49, 0x1c, 0x2c, 0x08, 0x21, 0x5a, 0x20, 0x83, 0xe0, 0x82, 0xe0, 0x82, 0xe0, 0x82, 0x00, 0x83, 0x81,
	0x6a, 0x40, 0x10, 0x1d, 0x2c, 0x08, 0x00, 0x52, 0x00, 0x83, 0xe0, 0x82, 0xe0, 0x82, 0xe0, 0x82, 0x00, 0x7b, 0xe0, 0x7a,
	0x80, 0x10, 0x1e, 0x2c, 0x08, 0xe1, 0x51, 0x00, 0x83, 0xe0, 0x82, 0xe0, 0x82, 0xe0, 0x82, 0x00, 0x7b, 0xe0, 0x72, 0x60,
	0x10, 0x1f, 0x2c, 0x08, 0x00, 0x52, 0x00, 0x83, 0xe0, 0x82, 0xe0, 0x82, 0xe0, 0x82, 0x00, 0x7b, 0xc0, 0x72, 0x60, 0x10,
	0x20, 0x2c, 0x08, 0x62, 0x39, 0x01, 0x7b, 0xe0, 0x82, 0xe0, 0x82, 0xe0, 0x82, 0xe0, 0x82, 0xe0, 0x7a, 0xe0, 0x28, 0x21,
	0x2c, 0x08, 0x61, 0x10, 0xe2, 0x72, 0xe0, 0x82, 0xe0, 0x82, 0xe0, 0x82, 0xe0, 0x82, 0x00, 0x83, 0x61, 0x62, 0x22, 0x2c,
	0x08, 0x81, 0x10, 0xc1, 0x72, 0x00, 0x83, 0xe0, 0x82, 0xe0, 0x82, 0xe0, 0x82, 0x00, 0x83, 0x62, 0x62, 0x23, 0x2c, 0x08,
	0x41, 0x08, 0x82, 0x6a, 0x00, 0x83, 0xe0, 0x82, 0xe0, 0x82, 0xe0, 0x82, 0x00, 0x83, 0x62, 0x62, 0x24, 0x2d, 0x07, 0xa1,
	0x49, 0x20, 0x8b, 0xe0, 0x82, 0xe0, 0x82, 0xe0, 0x82, 0x00, 0x83, 0x62, 0x62, 0x25, 0x2d, 0x08, 0xc1, 0x49, 0x20, 0x83,
	0xe0, 0x82, 0xe0, 0x82, 0xe0, 0x82, 0x00, 0x83, 0xa1, 0x6a, 0x60, 0x08, 0x26, 0x2d, 0x08, 0x61, 0x39, 0x00, 0x7b, 0xe0,
	0x7a, 0xe0, 0x82, 0xe0, 0x7a, 0xe0, 0x7a, 0x40, 0x83, 0x81, 0x39, 0x27, 0x2d, 0x08, 0x20, 0x08, 0xc1, 0x72, 0x40, 0x83,
	0x21, 0x83, 0x21, 0x83, 0x20, 0x83, 0x61, 0x8b, 0x82, 0x39, 0x28, 0x2e, 0x07, 0xe3, 0x49, 0x01, 0x29, 0xe1, 0x28, 0x01,
	0x29, 0xe1, 0x20, 0x01, 0x21, 0x61, 0x08, 0x2e, 0x1b, 0x07, 0xc1, 0x18, 0xc1, 0x20, 0xc1, 0x20, 0xe1, 0x20, 0xc1, 0x18,
	0xa2, 0x39, 0xe1, 0x20, 0x2e, 0x3e, 0x07, 0xe3, 0x49, 0xc0, 0x20, 0xc1, 0x20, 0xe1, 0x20, 0xc1, 0x20, 0xe1, 0x20, 0x60,
	0x10, 0x2f, 0x1a, 0x08, 0x61, 0x10, 0x03, 0x7b, 0x00, 0x83, 0x01, 0x7b, 0x21, 0x7b, 0x00, 0x7b, 0x20, 0x8b, 0xc0, 0x20,
	0x2f, 0x3e, 0x07, 0x80, 0x6a, 0x40, 0x8b, 0x20, 0x83, 0x20, 0x83, 0x00, 0x83, 0x41, 0x8b, 0x81, 0x41, 0x30, 0x1a, 0x08,
	0x60, 0x10, 0xe1, 0x7a, 0xe0, 0x7a, 0xe0, 0x7a, 0xe0, 0x7a, 0xe0, 0x7a, 0xe0, 0x8a, 0x61, 0x41, 0x30, 0x3d, 0x08, 0xa1,
	0x20, 0xa0, 0x7a, 0x00, 0x83, 0x00, 0x7b, 0xe0, 0x7a, 0xc0, 0x82, 0x00, 0x8b, 0x41, 0x39, 0x31, 0x1a, 0x09, 0x60, 0x10,
	0xc0, 0x7a, 0x00, 0x83, 0xe0, 0x82, 0xe0, 0x82, 0xe0, 0x82, 0xe0, 0x8a, 0xa1, 0x7a, 0x20, 0x08, 0x31, 0x3d, 0x08, 0xe2,
	0x49, 0x00, 0x83, 0xe0, 0x7a, 0x00, 0x7b, 0xe0, 0x82, 0xc0, 0x82, 0x00, 0x8b, 0x40, 0x39, 0x32, 0x1b, 0x07, 0x01, 0x5a,
	0x20, 0x8b, 0xe0, 0x82, 0xe0, 0x82, 0xe0, 0x82, 0x00, 0x8b, 0xa1, 0x72, 0x32, 0x3d, 0x08, 0xa1, 0x49, 0x20, 0x8b, 0xe0,
	0x82, 0xe0, 0x82, 0xe0, 0x82, 0x00, 0x83, 0xc1, 0x72, 0x80, 0x18, 0x33, 0x1b, 0x07, 0x41, 0x39, 0x20, 0x83, 0xe0, 0x7a,
	0xe0, 0x82, 0xe0, 0x82, 0x00, 0x8b, 0xa1, 0x72, 0x33, 0x3d, 0x07, 0xa1, 0x49, 0x20, 0x8b, 0xe0, 0x82, 0xe0, 0x82, 0xe0,
	0x82, 0x20, 0x83, 0x61, 0x62, 0x34, 0x1b, 0x07, 0x61, 0x41, 0x20, 0x83, 0xe0, 0x7a, 0xe0, 0x82, 0xe0, 0x82, 0x00, 0x8b,
	0xa1, 0x72, 0x34, 0x3d, 0x07, 0xa1, 0x41, 0x20, 0x8b, 0xe0, 0x82, 0xe0, 0x82, 0xe0, 0x82, 0x00, 0x83, 0x81, 0x6a, 0x35,
	0x1b, 0x08, 0x41, 0x39, 0x00, 0x83, 0xe0, 0x7a, 0xe0, 0x82, 0xe0, 0x82, 0xe0, 0x82, 0x00, 0x83, 0x62, 0x31, 0x35, 0x3c,
	0x08, 0x81, 0x10, 0xc1, 0x72, 0xe0, 0x82, 0x00, 0x83, 0x00, 0x83, 0xe0, 0x82, 0x00, 0x8b, 0x41, 0x62, 0x36, 0x1b, 0x08,
	0x00, 0x31, 0x00, 0x7b, 0x00, 0x7b, 0xe0, 0x82, 0xe0, 0x82, 0xe0, 0x82, 0x00, 0x8b, 0xa2, 0x41, 0x36, 0x3c, 0x08, 0xa1,
	0x18, 0x01, 0x83, 0xe0, 0x82, 0x00, 0x83, 0x00, 0x83, 0xe0, 0x82, 0x20, 0x8b, 0xe0, 0x51, 0x37, 0x1b, 0x08, 0x01, 0x29,
	0x00, 0x7b, 0x00, 0x83, 0xe0, 0x82, 0xe0, 0x82, 0xe0, 0x82, 0x20, 0x8b, 0xa1, 0x49, 0x37, 0x3c, 0x08, 0xa0, 0x18, 0x00,
	0x83, 0xe0, 0x82, 0xe0, 0x82, 0xe0, 0x82, 0xe0, 0x82, 0x00, 0x83, 0xe1, 0x51, 0x38, 0x1b, 0x08, 0xe1, 0x20, 0xe1, 0x72,
	0x00, 0x83, 0x00, 0x83, 0xe0, 0x82, 0xe0, 0x82, 0x40, 0x8b, 0xa1, 0x41, 0x38, 0x3c, 0x08, 0x80, 0x18, 0x20, 0x83, 0xe0,
	0x82, 0xe0, 0x82, 0xe0, 0x82, 0xe0, 0x82, 0x00, 0x83, 0xa2, 0x41, 0x39, 0x1c, 0x07, 0x61, 0x62, 0x20, 0x83, 0x00, 0x83,
	0x00, 0x83, 0xe0, 0x82, 0x00, 0x8b, 0x01, 0x5a, 0x39, 0x3c, 0x08, 0x21, 0x31, 0x00, 0x8b, 0xe0, 0x82, 0xe0, 0x82, 0xe0,
	0x82, 0xe0, 0x82, 0xe1, 0x82, 0xa1, 0x18, 0x3a, 0x1c, 0x08, 0x41, 0x62, 0x00, 0x8b, 0xe0, 0x82, 0x00, 0x83, 0xe0, 0x82,
	0xe0, 0x8a, 0x01, 0x7b, 0xa1, 0x18, 0x3a, 0x3c, 0x08, 0x42, 0x5a, 0x00, 0x8b, 0xc0, 0x82, 0xe0, 0x82, 0xe0, 0x82, 0xc0,
	0x82, 0xe1, 0x7a, 0x81, 0x10, 0x3b, 0x1c, 0x08, 0x01, 0x5a, 0x20, 0x8b, 0xe0, 0x82, 0xe0, 0x8a, 0xe0, 0x8a, 0xe0, 0x8a,
	0x01, 0x7b, 0xa1, 0x18, 0x3b, 0x3c, 0x08, 0x62, 0x5a, 0x00, 0x8b, 0xc0, 0x82, 0xe0, 0x82, 0xe0, 0x82, 0xe0, 0x82, 0xa0,
	0x7a, 0x61, 0x10, 0x3c, 0x1c, 0x08, 0xe0, 0x49, 0x00, 0x83, 0xe0, 0x82, 0xe0, 0x82, 0xe0, 0x82, 0xe0, 0x82, 0x01, 0x83,
	0xa1, 0x18, 0x3c, 0x3c, 0x08, 0x62, 0x62, 0x00, 0x83, 0xc0, 0x82, 0xe0, 0x82, 0xe0, 0x82, 0x00, 0x83, 0xa0, 0x72, 0x61,
	0x10, 0x3d, 0x1c, 0x08, 0xa1, 0x41, 0x00, 0x7b, 0xe0, 0x7a, 0xe0, 0x82, 0xe0, 0x82, 0xe0, 0x82, 0x01, 0x83, 0xa1, 0x18,
	0x3d, 0x3c, 0x08, 0x61, 0x62, 0x00, 0x83, 0xe0, 0x82, 0xe0, 0x82, 0xe0, 0x82, 0x00, 0x83, 0x81, 0x6a, 0x61, 0x10, 0x3e,
	0x1c, 0x08, 0xa1, 0x18, 0x01, 0x7b, 0xe0, 0x7a, 0xe0, 0x82, 0xe0, 0x82, 0xe0, 0x82, 0x20, 0x83, 0xc1, 0x41, 0x3e, 0x3b,
	0x08, 0xe1, 0x20, 0x01, 0x7b, 0xe0, 0x82, 0xe0, 0x82, 0xe0, 0x82, 0xe0, 0x82, 0x00, 0x83, 0x60, 0x41, 0x3f, 0x1c, 0x08,
	0x60, 0x10, 0xc0, 0x72, 0x00, 0x83, 0xe0, 0x82, 0xe0, 0x82, 0xe0, 0x82, 0x20, 0x83, 0x41, 0x52, 0x3f, 0x3b, 0x08, 0x41,
	0x31, 0x20, 0x7b, 0xe0, 0x82, 0xe0, 0x82, 0xe0, 0x82, 0xe0, 0x82, 0x00, 0x83, 0x40, 0x39, 0x40, 0x1c, 0x08, 0x61, 0x10,
	0xa0, 0x6a, 0x00, 0x83, 0xe0, 0x82, 0xe0, 0x82, 0xe0, 0x82, 0x20, 0x83, 0x21, 0x52, 0x40, 0x3b, 0x08, 0x20, 0x31, 0x20,
	0x83, 0xe0, 0x82, 0xe0, 0x82, 0xe0, 0x82, 0xe0, 0x82, 0x00, 0x83, 0x40, 0x41, 0x41, 0x1d, 0x07, 0xe1, 0x51, 0x20, 0x8b,
	0xe0, 0x82, 0xe0, 0x82, 0xe0, 0x82, 0x20, 0x83, 0x21, 0x52, 0x41, 0x3b, 0x08, 0x20, 0x31, 0x20, 0x83, 0xe0, 0x82, 0xe0,
	0x82, 0xe0, 0x82, 0xe0, 0x82, 0xa1, 0x72, 0x60, 0x10, 0x42, 0x1d, 0x07, 0x82, 0x39, 0x20, 0x8b, 0xe0, 0x82, 0xe0, 0x82,
	0xc0, 0x82, 0x00, 0x83, 0x20, 0x5a, 0x42, 0x3b, 0x07, 0x20, 0x31, 0x20, 0x83, 0xc0, 0x82, 0xe0, 0x82, 0xe0, 0x82, 0x00,
	0x83, 0x62, 0x62, 0x43, 0x1d, 0x08, 0xc2, 0x41, 0x20, 0x8b, 0xc0, 0x82, 0xe0, 0x82, 0xc0, 0x82, 0xe0, 0x82, 0xe1, 0x72,
	0x02, 0x29, 0x43, 0x3a, 0x08, 0x41, 0x08, 0x82, 0x62, 0x00, 0x83, 0xe0, 0x82, 0xe0, 0x82, 0xe0, 0x82, 0xe0, 0x82, 0x82,
	0x6a, 0x44, 0x1d, 0x08, 0xa1, 0x18, 0xe0, 0x7a, 0x20, 0x83, 0x00, 0x83, 0x00, 0x8b, 0x00, 0x83, 0x60, 0x8b, 0x82, 0x39,
	0x44, 0x3a, 0x08, 0x81, 0x10, 0x21, 0x83, 0x00, 0x83, 0x00, 0x83, 0x00, 0x83, 0x00, 0x8b, 0x20, 0x93, 0x61, 0x41, 0x45,
	0x1e, 0x07, 0x82, 0x62, 0x61, 0x62, 0x42, 0x62, 0x41, 0x62, 0x41, 0x5a, 0x82, 0x5a, 0x01, 0x21, 0x45, 0x3a, 0x08, 0x40,
	0x08, 0x42, 0x5a, 0x61, 0x62, 0x62, 0x5a, 0x62, 0x62, 0x42, 0x62, 0xc3, 0x72, 0xe1, 0x28, 0x46, 0x1e, 0x01, 0xa1, 0x18,
	0x46, 0x40, 0x02, 0x61, 0x08, 0x61, 0x08, 0x11, 0x2c, 0x02, 0xc1, 0x20, 0x02, 0x29, 0x12, 0x2a, 0x05, 0x02, 0x21, 0x42,
	0x5a, 0x00, 0x83, 0xc1, 0x72, 0x40, 0x08, 0x13, 0x27, 0x08, 0x61, 0x10, 0xc1, 0x49, 0x61, 0x62, 0x01, 0x7b, 0x20, 0x83,
	0xe0, 0x82, 0x00, 0x8b, 0xc1, 0x49, 0x14, 0x27, 0x09, 0x83, 0x5a, 0x40, 0x83, 0x20, 0x8b, 0x00, 0x83, 0xe0, 0x82, 0xe0,
	0x82, 0x00, 0x8b, 0xc1, 0x7a, 0x61, 0x10, 0x15, 0x27, 0x09, 0x21, 0x29, 0x20, 0x83, 0xe0, 0x82, 0xe0, 0x82, 0xe0, 0x82,
	0xe0, 0x82, 0xe0, 0x82, 0x20, 0x8b, 0x61, 0x39, 0x16, 0x27, 0x0a, 0xa1, 0x18, 0xc1, 0x72, 0xe0, 0x82, 0xe0, 0x82, 0xe0,
	0x82, 0xe0, 0x82, 0xc0, 0x82, 0xe0, 0x82, 0xc1, 0x72, 0x40, 0x08, 0x17, 0x28, 0x09, 0xa0, 0x49, 0x00, 0x83, 0xc0, 0x82,
	0xe0, 0x82, 0xe0, 0x82, 0xe0, 0x82, 0xc0, 0x82, 0x00, 0x83, 0xa1, 0x41, 0x18, 0x28, 0x0a, 0x41, 0x31, 0xa0, 0x7a, 0xe0,
	0x82, 0xc0, 0x82, 0xe0, 0x82, 0xe0, 0x82, 0xe0, 0x82, 0xe0, 0x82, 0xc0, 0x7a, 0x81, 0x18, 0x19, 0x28, 0x0a, 0x40, 0x08,
	0x20, 0x62, 0xc0, 0x7a, 0xc0, 0x82, 0xe0, 0x82, 0xe0, 0x82, 0xe0, 0x82, 0xc0, 0x82, 0x20, 0x8b, 0xa1, 0x49, 0x1a, 0x29,
	0x0a, 0xc1, 0x51, 0xa0, 0x7a, 0xe0, 0x82, 0xe0, 0x82, 0xe0, 0x82, 0xe0, 0x82, 0xc0, 0x82, 0xe0, 0x82, 0xa1, 0x6a, 0x40,
	0x08, 0x1b, 0x29, 0x0a, 0xe0, 0x28, 0x60, 0x72, 0xe0, 0x82, 0xe0, 0x82, 0xe0, 0x82, 0xe0, 0x82, 0xe0, 0x82, 0xe0, 0x7a,
	0x20, 0x7b, 0xa1, 0x41, 0x1c, 0x29, 0x0b, 0xe1, 0x28, 0x20, 0x6a, 0x60, 0x7a, 0xe0, 0x82, 0xe0, 0x82, 0xe0, 0x82, 0xe0,
	0x82, 0xe0, 0x82, 0x00, 0x83, 0xa0, 0x72, 0x40, 0x08, 0x1d, 0x29, 0x0b, 0x61, 0x10, 0xc1, 0x59, 0x40, 0x72, 0xc0, 0x82,
	0xe0, 0x82, 0xe0, 0x82, 0xe0, 0x82, 0xe0, 0x82, 0xe0, 0x82, 0x00, 0x83, 0x80, 0x41, 0x1e, 0x2a, 0x0b, 0xa1, 0x49, 0x20,
	0x6a, 0x40, 0x6a, 0xe0, 0x82, 0xe0, 0x82, 0xe0, 0x82, 0xe0, 0x82, 0xe0, 0x82, 0xe0, 0x8a, 0xe1, 0x7a, 0x61, 0x10, 0x1f,
	0x2a, 0x0b, 0xc1, 0x20, 0x20, 0x62, 0x00, 0x6a, 0xa0, 0x7a, 0xe0, 0x82, 0xc0, 0x82, 0xc0, 0x82, 0xe0, 0x8a, 0xc0, 0x82,
	0x20, 0x8b, 0x81, 0x41, 0x20, 0x2a, 0x0c, 0x40, 0x08, 0x20, 0x62, 0x00, 0x6a, 0x60, 0x72, 0xe0, 0x82, 0xc0, 0x82, 0xc0,
	0x82, 0xe0, 0x8a, 0xe0, 0x82, 0xe0, 0x82, 0xc1, 0x6a, 0x41, 0x08, 0x21, 0x2b, 0x0b, 0x61, 0x39, 0x20, 0x72, 0x20, 0x62,
	0xc0, 0x7a, 0xe0, 0x82, 0xe0, 0x82, 0xe0, 0x82, 0xe0, 0x82, 0xe0, 0x82, 0x00, 0x83, 0xa1, 0x41, 0x22, 0x2b, 0x0c, 0x01,
	0x29, 0x40, 0x72, 0x00, 0x62, 0x60, 0x6a, 0xe0, 0x7a, 0xe0, 0x82, 0xe0, 0x82, 0xe0, 0x82, 0xe0, 0x82, 0xe0, 0x82, 0xa0,
	0x72, 0x80, 0x10, 0x23, 0x2b, 0x0c, 0x40, 0x08, 0xc0, 0x59, 0x20, 0x62, 0x20, 0x62, 0xa0, 0x7a, 0xe0, 0x82, 0xe0, 0x82,
	0xe0, 0x82, 0xe0, 0x82, 0xc0, 0x82, 0x20, 0x8b, 0xc1, 0x41, 0x24, 0x2c, 0x0c, 0x80, 0x41, 0x20, 0x62, 0x00, 0x62, 0x80,
	0x72, 0xe0, 0x82, 0xe0, 0x82, 0xe0, 0x82, 0xe0, 0x82, 0xe0, 0x82, 0xe0, 0x82, 0xc1, 0x72, 0x40, 0x08, 0x25, 0x2c, 0x0c,
	0xa1, 0x18, 0x61, 0x6a, 0x20, 0x62, 0x20, 0x62, 0xa0, 0x7a, 0xe0, 0x82, 0xe0, 0x82, 0xe0, 0x82, 0xe0, 0x82, 0x00, 0x83,
	0x40, 0x83, 0xe2, 0x41, 0x26, 0x2d, 0x0b, 0xe1, 0x20, 0xc1, 0x51, 0x00, 0x62, 0x60, 0x72, 0xe0, 0x82, 0xe0, 0x82, 0xe0,
	0x82, 0x20, 0x8b, 0xe0, 0x7a, 0x02, 0x52, 0xe2, 0x20, 0x27, 0x2f, 0x07, 0xe1, 0x28, 0xc1, 0x51, 0xc0, 0x82, 0x20, 0x8b,
	0xe1, 0x7a, 0x02, 0x52, 0x80, 0x18, 0x28, 0x31, 0x03, 0x21, 0x31, 0xe3, 0x51, 0xc1, 0x18, 0x2c, 0x1f, 0x01, 0x41, 0x08,
	0x2c, 0x40, 0x01, 0x41, 0x08, 0x2d, 0x1e, 0x03, 0x61, 0x39, 0xa2, 0x62, 0x22, 0x29, 0x2d, 0x3f, 0x03, 0x41, 0x31, 0xa1,
	0x62, 0x62, 0x39, 0x2e, 0x1b, 0x06, 0xc1, 0x20, 0x41, 0x31, 0xa1, 0x6a, 0x20, 0x83, 0x20, 0x83, 0x42, 0x62, 0x2e, 0x3f,
	0x06, 0x62, 0x62, 0x40, 0x83, 0x00, 0x83, 0xa1, 0x72, 0x21, 0x29, 0xc1, 0x18, 0x2f, 0x19, 0x09, 0xc1, 0x18, 0x02, 0x5a,
	0x01, 0x8b, 0x20, 0x8b, 0x00, 0x8b, 0xe0, 0x82, 0xe0, 0x82, 0x21, 0x8b, 0x01, 0x29, 0x2f, 0x3e, 0x09, 0x01, 0x29, 0x21,
	0x83, 0xe0, 0x7a, 0xe0, 0x82, 0x00, 0x83, 0x00, 0x83, 0x00, 0x83, 0x21, 0x5a, 0xc1, 0x20, 0x30, 0x19, 0x09, 0xa1, 0x18,
	0xc2, 0x7a, 0xe0, 0x82, 0xe0, 0x82, 0xe0, 0x82, 0xe0, 0x82, 0xe0, 0x82, 0x00, 0x8b, 0x61, 0x72, 0x30, 0x3e, 0x09, 0x82,
	0x62, 0x00, 0x83, 0xe0, 0x82, 0xe0, 0x82, 0xe0, 0x82, 0xc0, 0x82, 0x00, 0x83, 0xe1, 0x72, 0x81, 0x10, 0x31, 0x1a, 0x09,
	0xc1, 0x51, 0x00, 0x8b, 0xe0, 0x82, 0xe0, 0x82, 0xe0, 0x82, 0xe0, 0x82, 0xe0, 0x8a, 0xe0, 0x8a, 0x21, 0x31, 0x31, 0x3d,
	0x09, 0x42, 0x31, 0x00, 0x83, 0xe0, 0x82, 0xe0, 0x82, 0xe0, 0x82, 0xe0, 0x82, 0xc0, 0x82, 0x00, 0x8b, 0xe1, 0x51, 0x32,
	0x1a, 0x09, 0x01, 0x31, 0xc0, 0x82, 0x00, 0x83, 0xe0, 0x82, 0xe0, 0x82, 0xe0, 0x82, 0xe0, 0x82, 0x00, 0x8b, 0x41, 0x6a,
	0x32, 0x3c, 0x0a, 0x20, 0x08, 0x62, 0x62, 0x00, 0x8b, 0xc0, 0x82, 0xe0, 0x82, 0xe0, 0x82, 0xe0, 0x82, 0xe0, 0x82, 0xa0,
	0x7a, 0x01, 0x31, 0x33, 0x1b, 0x09, 0x60, 0x6a, 0x00, 0x83, 0x00, 0x83, 0xe0, 0x82, 0xe0, 0x82, 0xe0, 0x82, 0xe0, 0x82,
	0x21, 0x8b, 0x02, 0x29, 0x33, 0x3c, 0x0a, 0xe1, 0x28, 0x01, 0x83, 0xe0, 0x82, 0xe0, 0x82, 0xe0, 0x82, 0xe0, 0x82, 0xe0,
	0x82, 0xe0, 0x82, 0x60, 0x6a, 0x40, 0x08, 0x34, 0x1b, 0x09, 0x80, 0x51, 0xc0, 0x82, 0xe0, 0x82, 0xe0, 0x82, 0xe0, 0x82,
	0xe0, 0x82, 0xe0, 0x82, 0x00, 0x8b, 0x41, 0x62, 0x34, 0x3c, 0x09, 0x61, 0x62, 0x00, 0x83, 0xe0, 0x82, 0xe0, 0x82, 0xe0,
	0x82, 0xe0, 0x82, 0xe0, 0x82, 0xe0, 0x82, 0x81, 0x51, 0x35, 0x1b, 0x0a, 0x01, 0x29, 0x80, 0x72, 0xe0, 0x82, 0xe0, 0x82,
	0xe0, 0x82, 0xe0, 0x82, 0xe0, 0x82, 0xe0, 0x82, 0x00, 0x83, 0x01, 0x29, 0x35, 0x3b, 0x0a, 0x01, 0x29, 0x21, 0x7b, 0xe0,
	0x82, 0xe0, 0x82, 0xe0, 0x82, 0xe0, 0x82, 0xe0, 0x82, 0xe0, 0x82, 0x80, 0x72, 0xe1, 0x28, 0x36, 0x1b, 0x0a, 0x40, 0x08,
	0xe0, 0x51, 0xc0, 0x7a, 0xe0, 0x82, 0xe0, 0x82, 0xe0, 0x82, 0xe0, 0x82, 0xe0, 0x82, 0x00, 0x83, 0x62, 0x62, 0x36, 0x3b,
	0x0a, 0x61, 0x62, 0x00, 0x83, 0xe0, 0x82, 0xe0, 0x82, 0xe0, 0x82, 0xe0, 0x82, 0xe0, 0x82, 0xa0, 0x7a, 0xe0, 0x51, 0x60,
	0x10, 0x37, 0x1c, 0x0a, 0xa1, 0x49, 0x80, 0x7a, 0xe0, 0x82, 0xe0, 0x82, 0x00, 0x83, 0xe0, 0x82, 0x00, 0x83, 0xe0, 0x7a,
	0x20, 0x83, 0x01, 0x29, 0x37, 0x3a, 0x0a, 0x01, 0x29, 0x00, 0x83, 0xe0, 0x82, 0xe0, 0x82, 0xe0, 0x82, 0xe0, 0x82, 0xe0,
	0x82, 0xe0, 0x82, 0x60, 0x72, 0xa1, 0x49, 0x38, 0x1c, 0x0a, 0xa1, 0x41, 0x40, 0x6a, 0xc0, 0x7a, 0x00, 0x83, 0x00, 0x83,
	0xe0, 0x82, 0xe0, 0x82, 0xe0, 0x82, 0x00, 0x8b, 0x62, 0x6a, 0x38, 0x3a, 0x0a, 0x62, 0x62, 0x00, 0x83, 0xe0, 0x82, 0xe0,
	0x82, 0xe0, 0x82, 0xe0, 0x82, 0x00, 0x83, 0xc0, 0x82, 0x20, 0x6a, 0xa1, 0x41, 0x39, 0x1c, 0x0b, 0x80, 0x18, 0x20, 0x6a,
	0x40, 0x6a, 0xe0, 0x82, 0xe0, 0x82, 0xe0, 0x82, 0xe0, 0x82, 0xe0, 0x82, 0xe0, 0x82, 0x00, 0x8b, 0x01, 0x31, 0x39, 0x39,
	0x0b, 0x02, 0x29, 0x00, 0x83, 0xe0, 0x7a, 0xe0, 0x82, 0xe0, 0x82, 0xe0, 0x7a, 0xe0, 0x82, 0xe0, 0x82, 0x40, 0x6a, 0x20,
	0x6a, 0x80, 0x18, 0x3a, 0x1c, 0x0b, 0x40, 0x08, 0xe0, 0x59, 0x00, 0x6a, 0x80, 0x72, 0xe0, 0x82, 0xe0, 0x82, 0xe0, 0x82,
	0xe0, 0x82, 0xe0, 0x82, 0x00, 0x8b, 0x41, 0x6a, 0x3a, 0x39, 0x0b, 0x61, 0x62, 0x00, 0x83, 0xe0, 0x82, 0xe0, 0x82, 0xe0,
	0x82, 0xe0, 0x82, 0xe0, 0x82, 0x60, 0x72, 0x00, 0x62, 0x01, 0x5a, 0x61, 0x10, 0x3b, 0x1d, 0x0b, 0x41, 0x31, 0x20, 0x6a,
	0x00, 0x62, 0xc0, 0x82, 0xe0, 0x82, 0xe0, 0x82, 0xe0, 0x82, 0xe0, 0x82, 0xe0, 0x82, 0x01, 0x8b, 0x21, 0x31, 0x3b, 0x38,
	0x0b, 0x21, 0x31, 0x00, 0x83, 0xe0, 0x82, 0xe0, 0x82, 0xe0, 0x82, 0xe0, 0x82, 0xe0, 0x82, 0xe0, 0x82, 0x20, 0x6a, 0x40,
	0x6a, 0x20, 0x31, 0x3c, 0x1d, 0x0b, 0xe1, 0x28, 0x20, 0x6a, 0x00, 0x62, 0x80, 0x72, 0x00, 0x8b, 0xe0, 0x82, 0xe0, 0x82,
	0xe0, 0x82, 0xe0, 0x82, 0x00, 0x83, 0x41, 0x62, 0x3c, 0x37, 0x0c, 0x40, 0x08, 0x62, 0x6a, 0x00, 0x8b, 0xe0, 0x82, 0xe0,
	0x82, 0xe0, 0x82, 0xe0, 0x82, 0x00, 0x83, 0x80, 0x72, 0x00, 0x62, 0x20, 0x62, 0xc0, 0x20, 0x3d, 0x1e, 0x0b, 0x00, 0x62,
	0x20, 0x62, 0x20, 0x6a, 0xe0, 0x82, 0x00, 0x83, 0xe0, 0x82, 0xe0, 0x82, 0xe0, 0x82, 0xe0, 0x82, 0x20, 0x83, 0x01, 0x29,
	0x3d, 0x37, 0x0b, 0x01, 0x29, 0x21, 0x8b, 0xe0, 0x82, 0xe0, 0x82, 0xe0, 0x82, 0xe0, 0x82, 0x00, 0x83, 0xe0, 0x7a, 0x20,
	0x6a, 0x00, 0x62, 0xe1, 0x51, 0x3e, 0x1e, 0x0b, 0x81, 0x51, 0x20, 0x62, 0x00, 0x62, 0x80, 0x7a, 0xe0, 0x82, 0xe0, 0x82,
	0xe0, 0x82, 0xe0, 0x82, 0xe0, 0x82, 0x00, 0x83, 0x41, 0x62, 0x3e, 0x37, 0x0b, 0x61, 0x62, 0x00, 0x83, 0xe0, 0x7a, 0xe0,
	0x82, 0xe0, 0x82, 0xe0, 0x82, 0xe0, 0x82, 0x80, 0x72, 0x00, 0x62, 0x20, 0x6a, 0x81, 0x41, 0x3f, 0x1e, 0x0c, 0xc1, 0x20,
	0x40, 0x6a, 0x00, 0x62, 0x20, 0x6a, 0xc0, 0x82, 0xe0, 0x82, 0xe0, 0x82, 0xe0, 0x82, 0xe0, 0x82, 0x00, 0x83, 0x00, 0x83,
	0x01, 0x29, 0x3f, 0x36, 0x0c, 0x01, 0x21, 0x21, 0x7b, 0xe0, 0x82, 0xe0, 0x82, 0xe0, 0x82, 0xe0, 0x82, 0xe0, 0x82, 0xc0,
	0x7a, 0x20, 0x6a, 0x00, 0x62, 0x40, 0x6a, 0xa0, 0x20, 0x40, 0x1e, 0x0d, 0x60, 0x08, 0xe1, 0x59, 0x20, 0x6a, 0xe0, 0x61,
	0x60, 0x72, 0x00, 0x83, 0xe0, 0x82, 0xe0, 0x82, 0xe0, 0x82, 0xe0, 0x82, 0x00, 0x83, 0x61, 0x6a, 0x40, 0x10, 0x40, 0x35,
	0x0d, 0x40, 0x08, 0x41, 0x62, 0x00, 0x83, 0xe0, 0x82, 0xe0, 0x82, 0xe0, 0x82, 0xe0, 0x82, 0xe0, 0x82, 0x80, 0x7a, 0x00,
	0x6a, 0x20, 0x6a, 0xe1, 0x51, 0x61, 0x10, 0x41, 0x1f, 0x0c, 0x22, 0x31, 0x21, 0x62, 0x20, 0x6a, 0x40, 0x6a, 0xe0, 0x82,
	0xe0, 0x82, 0xe0, 0x82, 0xe0, 0x82, 0x00, 0x8b, 0x00, 0x83, 0xc2, 0x72, 0xa1, 0x20, 0x41, 0x35, 0x0c, 0xc1, 0x18, 0xc2,
	0x6a, 0x20, 0x83, 0x00, 0x83, 0xe0, 0x82, 0xe0, 0x82, 0xe0, 0x82, 0xc0, 0x7a, 0x20, 0x62, 0x20, 0x6a, 0x20, 0x62, 0x21,
	0x31, 0x42, 0x20, 0x09, 0x60, 0x10, 0x40, 0x39, 0x00, 0x5a, 0x80, 0x72, 0x00, 0x83, 0x00, 0x83, 0x00, 0x8b, 0xc1, 0x72,
	0x81, 0x39, 0x42, 0x37, 0x09, 0x82, 0x39, 0xa2, 0x72, 0x20, 0x8b, 0xe0, 0x82, 0xe0, 0x8a, 0xa0, 0x7a, 0x00, 0x62, 0x61,
	0x39, 0x60, 0x10, 0x43, 0x22, 0x06, 0x60, 0x10, 0x82, 0x41, 0x02, 0x73, 0xc2, 0x72, 0x62, 0x39, 0x61, 0x08, 0x43, 0x38,
	0x06, 0x61, 0x10, 0x42, 0x39, 0xa1, 0x72, 0xe1, 0x7a, 0xa1, 0x49, 0x60, 0x10, 0x44, 0x24, 0x02, 0xc2, 0x18, 0x61, 0x08,
	0x44, 0x3a, 0x02, 0x60, 0x10, 0xc1, 0x20, 0x13, 0x29, 0x02, 0x42, 0x31, 0x01, 0x21, 0x14, 0x27, 0x05, 0x81, 0x10, 0xa1,
	0x41, 0xe1, 0x7a, 0xe1, 0x7a, 0xc1, 0x20, 0x15, 0x26, 0x07, 0xc1, 0x20, 0x81, 0x62, 0x20, 0x83, 0xc0, 0x82, 0xe0, 0x82,
	0xe1, 0x7a, 0xc1, 0x20, 0x16, 0x25, 0x09, 0xe3, 0x41, 0x41, 0x7b, 0x00, 0x83, 0xe0, 0x82, 0xe0, 0x82, 0xe0, 0x82, 0x00,
	0x83, 0xe1, 0x7a, 0xc1, 0x20, 0x17, 0x25, 0x0a, 0x44, 0x52, 0x00, 0x83, 0xc0, 0x7a, 0xe0, 0x82, 0xe0, 0x82, 0xe0, 0x82,
	0xe0, 0x82, 0x00, 0x83, 0xc1, 0x72, 0xc1, 0x20, 0x18, 0x25, 0x0b, 0xa1, 0x18, 0x81, 0x93, 0xc0, 0x82, 0xc0, 0x82, 0xe0,
	0x82, 0xe0, 0x82, 0xe0, 0x82, 0xe0, 0x82, 0x00, 0x83, 0xc1, 0x72, 0xc1, 0x20, 0x19, 0x26, 0x0b, 0x61, 0x6a, 0x80, 0xa3,
	0xe0, 0x82, 0xc0, 0x82, 0xe0, 0x82, 0xe0, 0x82, 0xe0, 0x82, 0xe0, 0x82, 0xe0, 0x82, 0xc1, 0x7a, 0xe1, 0x20, 0x1a, 0x26,
	0x0c, 0xa1, 0x20, 0x60, 0x93, 0x60, 0x93, 0xe0, 0x82, 0xc0, 0x82, 0xe0, 0x82, 0xe0, 0x82, 0xe0, 0x82, 0xe0, 0x82, 0x00,
	0x83, 0xe2, 0x7a, 0x61, 0x10, 0x1b, 0x27, 0x0b, 0x23, 0x83, 0x80, 0x9b, 0x40, 0x93, 0x00, 0x8b, 0xe0, 0x82, 0xe0, 0x82,
	0xe0, 0x82, 0xe0, 0x82, 0xc0, 0x82, 0x20, 0x83, 0xc2, 0x49, 0x1c, 0x27, 0x0c, 0xa2, 0x41, 0xc0, 0xab, 0x60, 0x9b, 0x40,
	0x9b, 0x00, 0x93, 0x00, 0x8b, 0xe0, 0x82, 0xe0, 0x82, 0xe0, 0x82, 0xe0, 0x82, 0x20, 0x83, 0xa1, 0x41, 0x1d, 0x27, 0x0d,
	0x60, 0x10, 0x01, 0x8b, 0x80, 0xab, 0x60, 0xa3, 0x60, 0xa3, 0xe0, 0x92, 0xe0, 0x82, 0xe0, 0x82, 0xe0, 0x82, 0xe0, 0x82,
	0xe0, 0x7a, 0x00, 0x83, 0xa1, 0x49, 0x1e, 0x28, 0x0d, 0xc2, 0x51, 0xa0, 0xa3, 0x80, 0xa3, 0x60, 0xa3, 0x00, 0x93, 0xc0,
	0x82, 0xe0, 0x82, 0xe0, 0x82, 0xe0, 0x82, 0xe0, 0x82, 0xe0, 0x82, 0x20, 0x83, 0xa1, 0x41, 0x1f, 0x28, 0x0e, 0x41, 0x10,
	0x61, 0x9b, 0x80, 0xa3, 0x80, 0xa3, 0x60, 0x9b, 0x00, 0x8b, 0xe0, 0x82, 0xc0, 0x82, 0xe0, 0x82, 0xe0, 0x8a, 0xe0, 0x8a,
	0xc0, 0x82, 0x00, 0x83, 0x81, 0x41, 0x20, 0x29, 0x0e, 0xa1, 0x7a, 0xa0, 0xab, 0x60, 0xa3, 0x80, 0xa3, 0x60, 0x9b, 0x00,
	0x8b, 0xc0, 0x8a, 0xc0, 0x8a, 0xe0, 0x82, 0xe0, 0x82, 0xe0, 0x82, 0xe0, 0x82, 0x00, 0x83, 0xa1, 0x41, 0x21, 0x29, 0x0f,
	0x21, 0x31, 0x81, 0xa3, 0x60, 0xa3, 0x60, 0xa3, 0x60, 0xa3, 0x40, 0x9b, 0x00, 0x93, 0xc0, 0x8a, 0xc0, 0x82, 0xe0, 0x82,
	0xe0, 0x82, 0xe0, 0x82, 0xe0, 0x82, 0x20, 0x83, 0xc1, 0x41, 0x22, 0x2a, 0x0f, 0xa2, 0x7a, 0x80, 0xab, 0x60, 0xa3, 0x60,
	0xa3, 0x60, 0xa3, 0x40, 0x9b, 0x00, 0x93, 0xc0, 0x8a, 0xe0, 0x82, 0xe0, 0x82, 0xe0, 0x82, 0xe0, 0x82, 0xc0, 0x82, 0x00,
	0x83, 0xa2, 0x41, 0x23, 0x2a, 0x10, 0x01, 0x31, 0x81, 0xa3, 0x60, 0xa3, 0x60, 0x9b, 0x60, 0x9b, 0x60, 0xa3, 0x40, 0x9b,
	0x00, 0x93, 0xe0, 0x82, 0xe0, 0x82, 0xe0, 0x82, 0xe0, 0x82, 0xc0, 0x82, 0xe0, 0x82, 0x62, 0x83, 0x02, 0x29, 0x24, 0x2a,
	0x0f, 0x61, 0x08, 0x63, 0x93, 0x60, 0xa3, 0x60, 0x9b, 0x60, 0x9b, 0x60, 0x9b, 0x60, 0xa3, 0x60, 0x9b, 0x00, 0x8b, 0xe0,
	0x82, 0xe0, 0x82, 0xe0, 0x82, 0x20, 0x8b, 0x81, 0x72, 0x42, 0x31, 0x25, 0x2b, 0x0d, 0x03, 0x52, 0xa0, 0xb3, 0x40, 0x9b,
	0x60, 0x9b, 0x60, 0xa3, 0x60, 0xa3, 0x60, 0x9b, 0x40, 0x93, 0x00, 0x83, 0x00, 0x83, 0xe0, 0x82, 0x21, 0x6a, 0x60, 0x10,
	0x26, 0x2b, 0x0b, 0x81, 0x18, 0x60, 0xab, 0x60, 0xa3, 0x40, 0x9b, 0x60, 0x9b, 0x60, 0x9b, 0x60, 0x93, 0x80, 0x93, 0x80,
	0x93, 0x02, 0x73, 0x22, 0x29, 0x27, 0x2c, 0x09, 0x21, 0x6a, 0x80, 0xab, 0x40, 0x9b, 0x60, 0xa3, 0x80, 0xa3, 0xa1, 0xa3,
	0x23, 0x83, 0xe2, 0x51, 0x61, 0x08, 0x28, 0x2c, 0x07, 0xc1, 0x18, 0xa1, 0x9b, 0x80, 0xa3, 0x61, 0x93, 0x41, 0x62, 0x22,
	0x31, 0x81, 0x10, 0x29, 0x2c, 0x04, 0x61, 0x10, 0x03, 0x7b, 0x61, 0x6a, 0xc1, 0x20, 0x2a, 0x2d, 0x01, 0x61, 0x08, 0x2d,
	0x1c, 0x02, 0x81, 0x08, 0xc2, 0x18, 0x2d, 0x42, 0x02, 0xc2, 0x18, 0x61, 0x10, 0x2e, 0x1b, 0x04, 0xc1, 0x20, 0x82, 0x5a,
	0xe2, 0x6a, 0xc1, 0x18, 0x2e, 0x41, 0x04, 0xa1, 0x20, 0x02, 0x7b, 0x82, 0x5a, 0xc1, 0x18, 0x2f, 0x1a, 0x06, 0xa1, 0x49,
	0x21, 0x8b, 0x00, 0x8b, 0x00, 0x83, 0xe2, 0x72, 0xc1, 0x18, 0x2f, 0x40, 0x07, 0xa1, 0x18, 0xc1, 0x72, 0xe0, 0x82, 0x00,
	0x7b, 0x21, 0x83, 0xa1, 0x41, 0x20, 0x08, 0x30, 0x18, 0x09, 0xe2, 0x20, 0xc2, 0x72, 0xe0, 0x82, 0xe0, 0x82, 0xe0, 0x82,
	0xe0, 0x82, 0xe0, 0x82, 0xc1, 0x72, 0xa1, 0x20, 0x30, 0x3f, 0x09, 0xc1, 0x20, 0xa1, 0x72, 0x00, 0x83, 0xe0, 0x82, 0xe0,
	0x82, 0xe0, 0x82, 0x20, 0x83, 0xc2, 0x6a, 0xe2, 0x20, 0x31, 0x18, 0x0a, 0x04, 0x4a, 0x20, 0x8b, 0xc0, 0x82, 0xe0, 0x82,
	0xe0, 0x82, 0xe0, 0x82, 0xc0, 0x82, 0xe0, 0x82, 0xc1, 0x7a, 0xc1, 0x20, 0x31, 0x3e, 0x0a, 0xc1, 0x20, 0xc0, 0x7a, 0x00,
	0x83, 0xe0, 0x82, 0xe0, 0x82, 0xe0, 0x82, 0xe0, 0x82, 0xc0, 0x82, 0x41, 0x83, 0x04, 0x4a, 0x32, 0x18, 0x0b, 0x61, 0x10,
	0x22, 0x8b, 0x00, 0x83, 0xe0, 0x82, 0xe0, 0x82, 0xe0, 0x82, 0xc0, 0x82, 0xc0, 0x7a, 0xe0, 0x7a, 0xe1, 0x7a, 0xc1, 0x20,
	0x32, 0x3d, 0x0b, 0xc1, 0x20, 0xe1, 0x7a, 0x00, 0x83, 0xc0, 0x82, 0xe0, 0x82, 0xe0, 0x82, 0xe0, 0x82, 0xc0, 0x82, 0xe0,
	0x82, 0x22, 0x83, 0x61, 0x10, 0x33, 0x19, 0x0b, 0xe2, 0x49, 0xa0, 0x9b, 0xe0, 0x82, 0xe0, 0x82, 0xe0, 0x82, 0xe0, 0x7a,
	0xe0, 0x7a, 0xc0, 0x7a, 0xe0, 0x82, 0xc2, 0x72, 0xc1, 0x18, 0x33, 0x3c, 0x0b, 0xc1, 0x18, 0xe1, 0x7a, 0x00, 0x83, 0xe0,
	0x7a, 0xe0, 0x7a, 0xe0, 0x82, 0xe0, 0x82, 0xe0, 0x82, 0xe0, 0x82, 0x80, 0x9b, 0xe2, 0x51, 0x34, 0x19, 0x0c, 0x81, 0x10,
	0x21, 0x8b, 0x60, 0x93, 0xe0, 0x82, 0xe0, 0x82, 0xe0, 0x82, 0xe0, 0x7a, 0xc0, 0x82, 0xc0, 0x82, 0xe0, 0x82, 0xc2, 0x72,
	0xa1, 0x18, 0x34, 0x3b, 0x0c, 0xa1, 0x10, 0xe1, 0x6a, 0x00, 0x83, 0xe0, 0x82, 0xe0, 0x7a, 0xe0, 0x7a, 0xe0, 0x82, 0xe0,
	0x82, 0x00, 0x83, 0x60, 0x93, 0x01, 0x83, 0x81, 0x10, 0x35, 0x1a, 0x0b, 0xa2, 0x72, 0xa0, 0xa3, 0x40, 0x93, 0x00, 0x8b,
	0xe0, 0x82, 0xe0, 0x82, 0xe0, 0x82, 0xe0, 0x82, 0xe0, 0x82, 0x20, 0x83, 0xc2, 0x49, 0x35, 0x3b, 0x0b, 0xe2, 0x49, 0x20,
	0x83, 0xc0, 0x82, 0xc0, 0x82, 0xe0, 0x82, 0xe0, 0x82, 0xc0, 0x82, 0xe0, 0x8a, 0x40, 0x93, 0xa0, 0xa3, 0xa2, 0x72, 0x36,
	0x1a, 0x0c, 0x62, 0x39, 0xa1, 0xab, 0x80, 0xab, 0x40, 0x9b, 0xe0, 0x8a, 0xe0, 0x82, 0xe0, 0x8a, 0xe0, 0x8a, 0xe0, 0x82,
	0xe0, 0x82, 0x01, 0x83, 0xa1, 0x49, 0x36, 0x3a, 0x0c, 0xa2, 0x41, 0x01, 0x7b, 0xe0, 0x7a, 0xe0, 0x82, 0xe0, 0x82, 0xe0,
	0x82, 0xc0, 0x82, 0x00, 0x93, 0x40, 0x9b, 0x60, 0xa3, 0xc1, 0xab, 0x82, 0x39, 0x37, 0x1a, 0x0d, 0x20, 0x08, 0xe2, 0x82,
	0x80, 0xab, 0x80, 0xa3, 0x40, 0x93, 0x00, 0x8b, 0xe0, 0x8a, 0xe0, 0x8a, 0xe0, 0x82, 0xe0, 0x82, 0xe0, 0x7a, 0x20, 0x83,
	0xa1, 0x49, 0x37, 0x39, 0x0c, 0x81, 0x41, 0x20, 0x83, 0xe0, 0x7a, 0xe0, 0x82, 0xe0, 0x82, 0xe0, 0x82, 0xe0, 0x82, 0xe0,
	0x8a, 0x60, 0x9b, 0x80, 0xa3, 0x80, 0xab, 0xe2, 0x82, 0x38, 0x1b, 0x0d, 0x62, 0x39, 0xa0, 0xab, 0x60, 0xa3, 0x60, 0x9b,
	0x20, 0x8b, 0xe0, 0x8a, 0xe0, 0x8a, 0xe0, 0x82, 0xe0, 0x82, 0xe0, 0x82, 0xe0, 0x82, 0x20, 0x8b, 0x81, 0x39, 0x38, 0x38,
	0x0d, 0x82, 0x41, 0x21, 0x83, 0xe0, 0x7a, 0xe0, 0x7a, 0xe0, 0x82, 0xe0, 0x82, 0xe0, 0x82, 0xe0, 0x82, 0x20, 0x8b, 0x60,
	0x9b, 0x80, 0xa3, 0xa0, 0xab, 0x61, 0x41, 0x39, 0x1b, 0x0e, 0x20, 0x08, 0x01, 0x93, 0xa0, 0xa3, 0x40, 0x93, 0x40, 0x93,
	0x00, 0x8b, 0xe0, 0x8a, 0xe0, 0x82, 0xe0, 0x82, 0xe0, 0x82, 0xe0, 0x82, 0xe0, 0x82, 0x01, 0x83, 0x82, 0x39, 0x39, 0x37,
	0x0d, 0x82, 0x39, 0x21, 0x8b, 0xe0, 0x82, 0xe0, 0x7a, 0xe0, 0x7a, 0xe0, 0x82, 0xe0, 0x82, 0xe0, 0x82, 0x20, 0x8b, 0x60,
	0x93, 0x80, 0x9b, 0xa0, 0xab, 0x01, 0x83, 0x3a, 0x1c, 0x0e, 0x83, 0x62, 0x80, 0xa3, 0x60, 0x9b, 0x60, 0x9b, 0x40, 0x9b,
	0x20, 0x93, 0xe0, 0x8a, 0xc0, 0x82, 0xe0, 0x82, 0xe0, 0x82, 0xc0, 0x82, 0xe0, 0x82, 0x01, 0x7b, 0x82, 0x39, 0x3a, 0x36,
	0x0e, 0x82, 0x39, 0xe1, 0x7a, 0xc0, 0x82, 0xe0, 0x82, 0xe0, 0x82, 0xe0, 0x82, 0xe0, 0x82, 0xe0, 0x8a, 0x00, 0x8b, 0x60,
	0x9b, 0x80, 0x9b, 0x60, 0xa3, 0x80, 0xab, 0x84, 0x6a, 0x3b, 0x1c, 0x0f, 0xc1, 0x20, 0xa1, 0xab, 0x60, 0xa3, 0x60, 0xa3,
	0x60, 0xa3, 0x60, 0xa3, 0x20, 0x9b, 0xc0, 0x8a, 0xc0, 0x82, 0xe0, 0x82, 0xe0, 0x82, 0xe0, 0x82, 0xe0, 0x7a, 0x20, 0x7b,
	0x81, 0x39, 0x3b, 0x35, 0x0f, 0x82, 0x41, 0x00, 0x83, 0xe0, 0x82, 0xe0, 0x82, 0xe0, 0x82, 0xe0, 0x82, 0xe0, 0x82, 0xe0,
	0x8a, 0x20, 0x93, 0x60, 0xa3, 0x80, 0xa3, 0x80, 0xa3, 0x60, 0xa3, 0x61, 0xa3, 0xc1, 0x20, 0x3c, 0x1d, 0x0f, 0x82, 0x6a,
	0xc0, 0xab, 0x80, 0xa3, 0x80, 0xa3, 0x80, 0xa3, 0x60, 0xa3, 0x00, 0x93, 0xe0, 0x82, 0xe0, 0x82, 0xe0, 0x82, 0xe0, 0x82,
	0xe0, 0x82, 0xe0, 0x7a, 0x20, 0x7b, 0x81, 0x39, 0x3c, 0x34, 0x0f, 0x63, 0x39, 0x21, 0x83, 0xe0, 0x82, 0xe0, 0x82, 0xe0,
	0x82, 0xe0, 0x82, 0xe0, 0x82, 0xe0, 0x82, 0x00, 0x8b, 0x60, 0xa3, 0x80, 0xab, 0x80, 0xa3, 0x80, 0xa3, 0xc0, 0xb3, 0x62,
	0x6a, 0x3d, 0x1d, 0x10, 0xe1, 0x20, 0x60, 0x9b, 0x80, 0xab, 0x80, 0xa3, 0x80, 0xa3, 0x60, 0xa3, 0x60, 0x9b, 0x20, 0x8b,
	0xe0, 0x82, 0xe0, 0x82, 0xe0, 0x82, 0xe0, 0x82, 0xc0, 0x7a, 0x00, 0x7b, 0x41, 0x83, 0x82, 0x31, 0x3d, 0x33, 0x10, 0x82,
	0x39, 0x41, 0x83, 0x00, 0x7b, 0xe0, 0x82, 0xe0, 0x82, 0xe0, 0x82, 0xe0, 0x82, 0xe0, 0x82, 0x20, 0x8b, 0x60, 0x9b, 0x80,
	0xab, 0x80, 0xab, 0x80, 0xa3, 0x80, 0xab, 0x61, 0x9b, 0xe1, 0x28, 0x3e, 0x1e, 0x0f, 0x22, 0x8b, 0x80, 0xab, 0x60, 0xa3,
	0x60, 0xa3, 0x60, 0x9b, 0x60, 0x9b, 0x60, 0x9b, 0x20, 0x93, 0xe0, 0x8a, 0xe0, 0x8a, 0xc0, 0x82, 0xe0, 0x82, 0xe0, 0x7a,
	0x21, 0x5a, 0xc1, 0x18, 0x3e, 0x33, 0x0f, 0xa1, 0x18, 0x22, 0x52, 0x00, 0x7b, 0x00, 0x83, 0xe0, 0x82, 0xe0, 0x82, 0xe0,
	0x82, 0x00, 0x8b, 0x60, 0x93, 0x80, 0xa3, 0x80, 0xa3, 0x80, 0xa3, 0x80, 0xa3, 0xa0, 0xab, 0x22, 0x83, 0x3f, 0x1e, 0x0d,
	0xc2, 0x51, 0xa0, 0xab, 0x60, 0xa3, 0x60, 0xa3, 0x60, 0xa3, 0x60, 0x9b, 0x60, 0x9b, 0x60, 0x9b, 0x00, 0x8b, 0xc0, 0x82,
	0xe0, 0x92, 0xc2, 0x7a, 0x41, 0x39, 0x3f, 0x35, 0x0d, 0x41, 0x31, 0xe1, 0x7a, 0x00, 0x8b, 0xe0, 0x82, 0x00, 0x8b, 0x60,
	0x9b, 0x80, 0x9b, 0x60, 0x9b, 0x80, 0xab, 0x80, 0xa3, 0x60, 0xa3, 0xa0, 0xab, 0xc1, 0x49, 0x40, 0x1e, 0x0c, 0x81, 0x18,
	0x41, 0x8b, 0x80, 0xa3, 0x60, 0xa3, 0x80, 0xa3, 0x60, 0xa3, 0x40, 0xa3, 0x40, 0x9b, 0x60, 0x93, 0x41, 0x9b, 0x21, 0x6a,
	0x41, 0x08, 0x40, 0x36, 0x0c, 0x41, 0x08, 0x01, 0x5a, 0x60, 0x93, 0x80, 0x9b, 0x80, 0x9b, 0x60, 0x9b, 0x60, 0xa3, 0x80,
	0xab, 0x60, 0xa3, 0x60, 0xab, 0x21, 0x93, 0x61, 0x10, 0x41, 0x1f, 0x09, 0xe2, 0x51, 0xa0, 0xa3, 0x40, 0xa3, 0x60, 0xa3,
	0x60, 0xa3, 0xc0, 0xab, 0x60, 0x9b, 0xe2, 0x7a, 0x41, 0x31, 0x41, 0x38, 0x09, 0x21, 0x31, 0x02, 0x7b, 0x80, 0x9b, 0xa0,
	0xa3, 0x80, 0xa3, 0x60, 0xa3, 0x40, 0xa3, 0xa1, 0xab, 0xe2, 0x51, 0x42, 0x1f, 0x07, 0x61, 0x08, 0x42, 0x93, 0x80, 0xab,
	0xa0, 0xab, 0x22, 0x8b, 0x01, 0x5a, 0x61, 0x41, 0x42, 0x3a, 0x07, 0x62, 0x39, 0x01, 0x5a, 0x22, 0x8b, 0xa0, 0xab, 0x80,
	0xab, 0x42, 0x93, 0x61, 0x10, 0x43, 0x20, 0x04, 0xe2, 0x72, 0x61, 0x9b, 0xe2, 0x59, 0x81, 0x10, 0x43, 0x3c, 0x04, 0x81,
	0x18, 0xe2, 0x51, 0x62, 0x93, 0x02, 0x7b, 0x44, 0x20, 0x02, 0xa1, 0x18, 0xa1, 0x18, 0x44, 0x3e, 0x02, 0xa1, 0x18, 0xa1,
	0x18, 0x14, 0x26, 0x03, 0xc1, 0x18, 0xc2, 0x49, 0xe1, 0x28, 0x15, 0x25, 0x06, 0x61, 0x08, 0x01, 0x5a, 0x20, 0x62, 0x40,
	0x6a, 0x20, 0x39, 0x40, 0x08, 0x16, 0x25, 0x07, 0x41, 0x31, 0x20, 0x62, 0x00, 0x62, 0x00, 0x62, 0x00, 0x62, 0x01, 0x5a,
	0xc0, 0x20, 0x17, 0x24, 0x0a, 0x41, 0x39, 0x20, 0x62, 0x00, 0x62, 0x00, 0x62, 0x00, 0x6a, 0x00, 0x62, 0x00, 0x62, 0x20,
	0x62, 0xa1, 0x51, 0x20, 0x08, 0x18, 0x24, 0x0c, 0xa4, 0x72, 0xa1, 0x82, 0xc0, 0x59, 0x20, 0x6a, 0x00, 0x6a, 0x00, 0x6a,
	0x00, 0x62, 0x00, 0x62, 0x20, 0x62, 0xe1, 0x51, 0x01, 0x29, 0x20, 0x08, 0x19, 0x24, 0x0d, 0xa3, 0x41, 0x43, 0xc4, 0xe0,
	0x9a, 0x20, 0x72, 0xe0, 0x69, 0x20, 0x6a, 0x00, 0x62, 0x00, 0x62, 0x00, 0x62, 0x20, 0x62, 0x20, 0x62, 0x01, 0x5a, 0x81,
	0x18, 0x1a, 0x25, 0x0d, 0xa3, 0xa3, 0x01, 0xed, 0x42, 0xcc, 0xe1, 0x92, 0xa0, 0x61, 0xe0, 0x61, 0x00, 0x6a, 0x00, 0x6a,
	0x00, 0x62, 0x00, 0x62, 0x20, 0x6a, 0xe1, 0x61, 0x61, 0x41, 0x1b, 0x25, 0x0f, 0x42, 0x39, 0xe2, 0xdc, 0xc0, 0xe4, 0xa1,
	0xd4, 0x41, 0xa3, 0x40, 0x7a, 0xe0, 0x69, 0x00, 0x6a, 0x00, 0x6a, 0x00, 0x62, 0x00, 0x6a, 0x00, 0x6a, 0x20, 0x62, 0xa1,
	0x41, 0xc1, 0x20, 0x1c, 0x26, 0x10, 0x84, 0x9b, 0xe0, 0xec, 0x80, 0xdc, 0xe0, 0xec, 0x60, 0xd4, 0x60, 0xab, 0xe0, 0x71,
	0xe0, 0x69, 0xe0, 0x69, 0x00, 0x6a, 0x00, 0x62, 0x00, 0x62, 0x20, 0x62, 0x20, 0x62, 0xc1, 0x49, 0x81, 0x18, 0x1d, 0x26,
	0x11, 0x42, 0x31, 0x81, 0xd4, 0xa0, 0xe4, 0xa0, 0xdc, 0xc0, 0xe4, 0xc0, 0xdc, 0xe1, 0xbb, 0xc0, 0x82, 0x00, 0x6a, 0x00,
	0x6a, 0x20, 0x6a, 0x00, 0x62, 0x00, 0x62, 0x00, 0x62, 0x20, 0x62, 0xe0, 0x59, 0x00, 0x29, 0x1e, 0x27, 0x12, 0x63, 0x9b,
	0xe0, 0xec, 0xa0, 0xe4, 0xa0, 0xe4, 0xa0, 0xdc, 0xe0, 0xe4, 0xc1, 0xdc, 0x01, 0xbc, 0x00, 0x7a, 0xc0, 0x61, 0x00, 0x62,
	0x00, 0x6a, 0x00, 0x62, 0x00, 0x62, 0x00, 0x62, 0x40, 0x62, 0x60, 0x41, 0x80, 0x10, 0x1f, 0x27, 0x13, 0x62, 0x39, 0xe1,
	0xec, 0xa0, 0xe4, 0xa0, 0xe4, 0xa0, 0xdc, 0xa0, 0xdc, 0xa0, 0xe4, 0xe0, 0xe4, 0x41, 0xcc, 0x00, 0x9b, 0x00, 0x6a, 0xe0,
	0x69, 0x00, 0x6a, 0x00, 0x6a, 0x00, 0x6a, 0x00, 0x62, 0x20, 0x62, 0x41, 0x5a, 0xe1, 0x20, 0x20, 0x28, 0x13, 0x82, 0xab,
	0xe0, 0xec, 0xa0, 0xe4, 0xa0, 0xe4, 0xa0, 0xe4, 0xa0, 0xe4, 0xa0, 0xe4, 0xc0, 0xec, 0xa0, 0xdc, 0x40, 0xcc, 0x80, 0x8a,
	0xc0, 0x69, 0x00, 0x6a, 0x00, 0x6a, 0x00, 0x6a, 0x00, 0x5a, 0x20, 0x5a, 0x41, 0x5a, 0x43, 0x31, 0x21, 0x28, 0x12, 0x43,
	0x39, 0xe2, 0xe4, 0xa0, 0xe4, 0xa0, 0xe4, 0xa0, 0xec, 0xa0, 0xec, 0xa0, 0xec, 0xa0, 0xe4, 0xa0, 0xe4, 0xc0, 0xe4, 0x80,
	0xd4, 0x81, 0xb3, 0x80, 0x8a, 0x00, 0x6a, 0x00, 0x6a, 0x00, 0x62, 0x20, 0x62, 0x40, 0x31, 0x22, 0x29, 0x10, 0x83, 0xa3,
	0xe0, 0xf4, 0xa0, 0xe4, 0xa0, 0xec, 0xa0, 0xec, 0xa0, 0xec, 0xa0, 0xec, 0xa0, 0xe4, 0xa0, 0xe4, 0xa0, 0xe4, 0xc0, 0xec,
	0xc1, 0xdc, 0x21, 0x93, 0xc0, 0x69, 0x20, 0x6a, 0x40, 0x39, 0x23, 0x29, 0x0f, 0x63, 0x39, 0xc2, 0xe4, 0xa0, 0xe4, 0xa0,
	0xe4, 0xa0, 0xe4, 0xa0, 0xe4, 0xa0, 0xe4, 0xa0, 0xe4, 0xa0, 0xe4, 0xa0, 0xe4, 0xa0, 0xe4, 0xc0, 0xe4, 0xa0, 0xdc, 0x42,
	0xcc, 0x81, 0x49, 0x24, 0x2a, 0x0e, 0x84, 0x9b, 0xe0, 0xec, 0xa0, 0xdc, 0xa0, 0xe4, 0xa0, 0xe4, 0xa0, 0xe4, 0xa0, 0xe4,
	0xa0, 0xe4, 0xa0, 0xe4, 0xa0, 0xe4, 0xa0, 0xdc, 0x01, 0xed, 0x64, 0x9b, 0x20, 0x08, 0x25, 0x2a, 0x0c, 0x42, 0x41, 0xe1,
	0xe4, 0xa0, 0xdc, 0xa0, 0xe4, 0xa0, 0xe4, 0xa0, 0xe4, 0xa0, 0xe4, 0xa0, 0xe4, 0xa0, 0xe4, 0xa0, 0xe4, 0x00, 0xed, 0x23,
	0x83, 0x26, 0x2b, 0x0a, 0x63, 0x9b, 0x00, 0xed, 0xa0, 0xdc, 0xa0, 0xe4, 0xa0, 0xe4, 0xa0, 0xe4, 0xa0, 0xe4, 0xa0, 0xe4,
	0xe1, 0xf4, 0x03, 0x8b, 0x27, 0x2b, 0x09, 0x42, 0x39, 0x81, 0xdc, 0xa0, 0xe4, 0xa0, 0xe4, 0xa0, 0xe4, 0xa0, 0xe4, 0xa0,
	0xe4, 0x00, 0xf5, 0x03, 0x8b, 0x28, 0x2c, 0x07, 0x42, 0x9b, 0xe0, 0xec, 0xa0, 0xe4, 0xa0, 0xe4, 0x80, 0xe4, 0x00, 0xf5,
	0x23, 0x8b, 0x29, 0x2c, 0x06, 0x42, 0x39, 0xe1, 0xe4, 0xa0, 0xe4, 0x80, 0xe4, 0x00, 0xf5, 0x22, 0x93, 0x2a, 0x2d, 0x04,
	0x82, 0xab, 0xe0, 0xec, 0xe0, 0xf4, 0x22, 0x93, 0x2b, 0x2d, 0x03, 0x61, 0x39, 0x02, 0xdd, 0x03, 0x83, 0x2c, 0x2e, 0x01,
	0x64, 0x62, 0x2d, 0x1a, 0x01, 0xc1, 0x18, 0x2d, 0x45, 0x01, 0x81, 0x18, 0x2e, 0x19, 0x04, 0x01, 0x29, 0x21, 0x5a, 0xe1,
	0x51, 0xa1, 0x18, 0x2e, 0x43, 0x04, 0xa0, 0x18, 0xe1, 0x51, 0x00, 0x5a, 0x00, 0x29, 0x2f, 0x18, 0x06, 0x40, 0x08, 0x01,
	0x5a, 0x00, 0x62, 0x20, 0x6a, 0xe0, 0x59, 0x21, 0x31, 0x2f, 0x42, 0x06, 0x21, 0x31, 0xe0, 0x59, 0x20, 0x62, 0x00, 0x62,
	0x01, 0x5a, 0x40, 0x08, 0x30, 0x18, 0x08, 0xa1, 0x41, 0x20, 0x62, 0x00, 0x62, 0x00, 0x6a, 0x00, 0x62, 0x40, 0x62, 0xa1,
	0x41, 0xa0, 0x18, 0x30, 0x40, 0x08, 0xa1, 0x18, 0x81, 0x41, 0x40, 0x62, 0x00, 0x5a, 0x00, 0x62, 0x00, 0x62, 0x20, 0x62,
	0x81, 0x41, 0x31, 0x17, 0x0b, 0x82, 0x41, 0x20, 0x62, 0xe0, 0x61, 0x20, 0x6a, 0x00, 0x6a, 0x00, 0x6a, 0x00, 0x62, 0x20,
	0x62, 0x41, 0x62, 0x21, 0x31, 0x20, 0x08, 0x31, 0x3f, 0x0a, 0x01, 0x31, 0x42, 0x62, 0x20, 0x62, 0x00, 0x5a, 0x00, 0x62,
	0x00, 0x62, 0x00, 0x6a, 0xe0, 0x61, 0x20, 0x6a, 0x82, 0x39, 0x32, 0x17, 0x0c, 0xc3, 0x49, 0xc4, 0xa3, 0xc0, 0x61, 0xe0,
	0x69, 0x00, 0x6a, 0x00, 0x6a, 0x00, 0x62, 0x00, 0x62, 0x20, 0x62, 0x40, 0x5a, 0xe0, 0x51, 0x01, 0x29, 0x32, 0x3d, 0x0c,
	0xe1, 0x28, 0xc1, 0x49, 0x20, 0x5a, 0x00, 0x62, 0x00, 0x62, 0x00, 0x62, 0x00, 0x6a, 0xe0, 0x69, 0xc0, 0x69, 0xc0, 0x69,
	0x04, 0xac, 0xc3, 0x41, 0x33, 0x17, 0x0e, 0x40, 0x08, 0xe4, 0xab, 0x82, 0xd4, 0xe1, 0x92, 0x20, 0x72, 0x00, 0x6a, 0x20,
	0x6a, 0x20, 0x62, 0x00, 0x62, 0x00, 0x62, 0x20, 0x62, 0x40, 0x62, 0x81, 0x41, 0x40, 0x10, 0x33, 0x3b, 0x0e, 0x60, 0x10,
	0x81, 0x41, 0x40, 0x6a, 0x20, 0x62, 0x00, 0x62, 0x00, 0x62, 0x20, 0x62, 0x00, 0x62, 0xe0, 0x69, 0x00, 0x72, 0xc1, 0x92,
	0x62, 0xc4, 0xe4, 0xa3, 0x40, 0x08, 0x34, 0x18, 0x0e, 0xc3, 0x51, 0x22, 0xe5, 0xe1, 0xdc, 0x21, 0xc4, 0x20, 0x7a, 0xe0,
	0x69, 0x00, 0x62, 0x00, 0x62, 0x00, 0x62, 0x00, 0x62, 0x00, 0x62, 0x20, 0x6a, 0x20, 0x5a, 0xc0, 0x20, 0x34, 0x3a, 0x0e,
	0xe1, 0x20, 0x21, 0x5a, 0x00, 0x62, 0x00, 0x62, 0x00, 0x62, 0x00, 0x62, 0x00, 0x6a, 0x00, 0x6a, 0xe0, 0x69, 0x20, 0x72,
	0x01, 0xbc, 0xe0, 0xdc, 0x22, 0xdd, 0xa2, 0x49, 0x35, 0x18, 0x10, 0x20, 0x08, 0xe3, 0xab, 0xc0, 0xe4, 0xc0, 0xe4, 0x81,
	0xd4, 0x61, 0xab, 0x60, 0x82, 0xe0, 0x69, 0x00, 0x6a, 0x00, 0x6a, 0x00, 0x6a, 0x00, 0x6a, 0x00, 0x62, 0x00, 0x5a, 0xa1,
	0x49, 0xa0, 0x20, 0x35, 0x38, 0x10, 0xa0, 0x18, 0xa2, 0x41, 0x00, 0x5a, 0x00, 0x62, 0x00, 0x62, 0x00, 0x6a, 0x00, 0x6a,
	0x00, 0x6a, 0xe0, 0x69, 0x40, 0x7a, 0x60, 0xab, 0x81, 0xd4, 0xa0, 0xdc, 0xe0, 0xe4, 0xe4, 0xab, 0x21, 0x00, 0x36, 0x19,
	0x10, 0xc3, 0x51, 0xe1, 0xec, 0x80, 0xe4, 0xc0, 0xec, 0xc0, 0xe4, 0xa1, 0xd4, 0xa1, 0x8a, 0xe0, 0x69, 0xc0, 0x61, 0x00,
	0x6a, 0x00, 0x6a, 0x00, 0x6a, 0x00, 0x62, 0x20, 0x62, 0x40, 0x6a, 0x40, 0x39, 0x36, 0x37, 0x10, 0x41, 0x39, 0x00, 0x5a,
	0x20, 0x62, 0x00, 0x62, 0xe0, 0x61, 0x00, 0x6a, 0x00, 0x6a, 0xe0, 0x61, 0xe0, 0x61, 0xa0, 0x82, 0x80, 0xd4, 0xc0, 0xe4,
	0xa0, 0xe4, 0x80, 0xdc, 0xe1, 0xe4, 0xc3, 0x49, 0x37, 0x1a, 0x11, 0xe3, 0xb3, 0xe0, 0xec, 0xa0, 0xe4, 0xa0, 0xdc, 0xa0,
	0xe4, 0xa1, 0xdc, 0xe2, 0xb3, 0xc1, 0x82, 0x00, 0x6a, 0x00, 0x6a, 0x20, 0x6a, 0x00, 0x62, 0x00, 0x62, 0x00, 0x62, 0x00,
	0x62, 0xe1, 0x59, 0xc1, 0x20, 0x37, 0x35, 0x12, 0xc1, 0x20, 0x01, 0x52, 0x00, 0x5a, 0x00, 0x5a, 0xe0, 0x61, 0x00, 0x62,
	0x00, 0x6a, 0xe0, 0x69, 0x00, 0x6a, 0xa1, 0x8a, 0xc1, 0xb3, 0xa0, 0xd4, 0xa0, 0xe4, 0xa0, 0xe4, 0xa0, 0xdc, 0xe0, 0xec,
	0x03, 0xb4, 0x20, 0x08, 0x38, 0x1a, 0x13, 0xc3, 0x49, 0x02, 0xe5, 0xa0, 0xdc, 0xa0, 0xe4, 0xa0, 0xe4, 0xa0, 0xdc, 0xc0,
	0xdc, 0xe1, 0xe4, 0x21, 0xa3, 0xe0, 0x71, 0xe0, 0x61, 0x00, 0x62, 0x00, 0x62, 0x00, 0x62, 0xe0, 0x61, 0x00, 0x6a, 0x00,
	0x5a, 0x61, 0x39, 0x41, 0x10, 0x38, 0x33, 0x13, 0x40, 0x08, 0x41, 0x39, 0x00, 0x62, 0x20, 0x62, 0x00, 0x62, 0x00, 0x62,
	0x00, 0x62, 0x00, 0x6a, 0xe0, 0x69, 0x00, 0x72, 0x41, 0xa3, 0xe1, 0xe4, 0xc0, 0xe4, 0xa0, 0xe4, 0xa0, 0xe4, 0xa0, 0xe4,
	0xa0, 0xe4, 0xe1, 0xec, 0xc3, 0x51, 0x39, 0x1a, 0x14, 0x41, 0x08, 0xe2, 0xbb, 0xc0, 0xe4, 0xa0, 0xdc, 0xa0, 0xe4, 0xa0,
	0xe4, 0xa0, 0xdc, 0xa0, 0xdc, 0xc0, 0xe4, 0x20, 0xcc, 0xe0, 0x9a, 0x20, 0x6a, 0x00, 0x62, 0x00, 0x62, 0x00, 0x6a, 0xe0,
	0x69, 0x00, 0x62, 0x40, 0x62, 0xc1, 0x49, 0xc1, 0x18, 0x39, 0x32, 0x14, 0xe1, 0x20, 0xc1, 0x51, 0x20, 0x6a, 0x00, 0x62,
	0x00, 0x62, 0x00, 0x62, 0x00, 0x62, 0xc0, 0x61, 0x20, 0x72, 0xe1, 0x92, 0x20, 0xc4, 0xc0, 0xe4, 0xa0, 0xdc, 0xa0, 0xdc,
	0xa0, 0xe4, 0xa0, 0xec, 0xa0, 0xe4, 0xe0, 0xec, 0xc3, 0xb3, 0x41, 0x08, 0x3a, 0x1b, 0x13, 0xc2, 0x59, 0xc1, 0xdc, 0xa0,
	0xdc, 0xa0, 0xe4, 0xa0, 0xe4, 0xa0, 0xe4, 0xa0, 0xe4, 0xa0, 0xe4, 0xa0, 0xe4, 0xe0, 0xe4, 0xc0, 0xb3, 0x40, 0x7a, 0xe0,
	0x71, 0xe0, 0x71, 0x00, 0x6a, 0x00, 0x62, 0x00, 0x62, 0x20, 0x5a, 0x02, 0x21, 0x3a, 0x32, 0x13, 0x22, 0x29, 0x41, 0x5a,
	0x00, 0x5a, 0x00, 0x62, 0x00, 0x62, 0xe0, 0x61, 0xc0, 0x69, 0x20, 0x7a, 0xa0, 0xb3, 0xe1, 0xdc, 0xc0, 0xdc, 0xa0, 0xdc,
	0xa0, 0xdc, 0xa0, 0xe4, 0xa0, 0xe4, 0xa0, 0xec, 0xa0, 0xe4, 0xe1, 0xe4, 0xc3, 0x51, 0x3b, 0x1b, 0x12, 0x01, 0x00, 0xe4,
	0xab, 0xe0, 0xe4, 0xa0, 0xe4, 0xa0, 0xec, 0xa0, 0xec, 0xa0, 0xec, 0xa0, 0xec, 0xa0, 0xe4, 0xa0, 0xdc, 0xc0, 0xe4, 0x80,
	0xe4, 0xa1, 0xc3, 0x61, 0x82, 0xc0, 0x69, 0x00, 0x62, 0x20, 0x62, 0x00, 0x29, 0x3b, 0x33, 0x11, 0xe0, 0x20, 0x20, 0x62,
	0x00, 0x62, 0xc0, 0x59, 0x60, 0x7a, 0x81, 0xab, 0xa1, 0xdc, 0xc0, 0xe4, 0xa0, 0xdc, 0xa0, 0xdc, 0xa0, 0xe4, 0xa0, 0xe4,
	0xa0, 0xe4, 0xa0, 0xe4, 0xa0, 0xe4, 0xc0, 0xec, 0x04, 0xb4, 0x3c, 0x1c, 0x10, 0x82, 0x41, 0xc1, 0xe4, 0xa0, 0xe4, 0xa0,
	0xe4, 0xa0, 0xe4, 0xa0, 0xe4, 0xa0, 0xe4, 0xa0, 0xe4, 0xa0, 0xe4, 0xa0, 0xe4, 0xa0, 0xe4, 0x00, 0xed, 0x42, 0xcc, 0x80,
	0x8a, 0x40, 0x6a, 0xe0, 0x28, 0x3c, 0x34, 0x10, 0xe0, 0x28, 0x40, 0x6a, 0xc1, 0x7a, 0x41, 0xc4, 0xe0, 0xec, 0xa0, 0xec,
	0xa0, 0xe4, 0xa0, 0xe4, 0xa0, 0xe4, 0xa0, 0xe4, 0xa0, 0xe4, 0xa0, 0xe4, 0xa0, 0xe4, 0xa0, 0xe4, 0x01, 0xed, 0xa2, 0x49,
	0x3d, 0x1c, 0x0f, 0x40, 0x08, 0xc3, 0xa3, 0xe0, 0xec, 0xa0, 0xdc, 0xa0, 0xe4, 0xa0, 0xe4, 0xa0, 0xe4, 0xa0, 0xe4, 0xa0,
	0xe4, 0xa0, 0xe4, 0xc0, 0xe4, 0xa0, 0xe4, 0xc0, 0xec, 0x02, 0xdd, 0xa2, 0x41, 0x3d, 0x35, 0x0f, 0xa2, 0x41, 0x02, 0xe5,
	0xa0, 0xdc, 0xa0, 0xdc, 0xa0, 0xe4, 0xa0, 0xe4, 0xa0, 0xec, 0xa0, 0xe4, 0xa0, 0xe4, 0xa0, 0xe4, 0xa0, 0xe4, 0xa0, 0xe4,
	0xe0, 0xf4, 0xa2, 0xab, 0x41, 0x08, 0x3e, 0x1d, 0x0d, 0xc2, 0x51, 0xc0, 0xec, 0xa0, 0xdc, 0xa0, 0xe4, 0xa0, 0xe4, 0xa0,
	0xe4, 0xa0, 0xe4, 0xa0, 0xe4, 0xa0, 0xec, 0xa0, 0xe4, 0xc0, 0xe4, 0x01, 0xe5, 0x63, 0x6a, 0x3e, 0x36, 0x0d, 0x62, 0x6a,
	0x01, 0xe5, 0xa0, 0xe4, 0xa0, 0xe4, 0xa0, 0xec, 0xa0, 0xec, 0xa0, 0xec, 0xa0, 0xe4, 0xa0, 0xe4, 0xa0, 0xe4, 0xa0, 0xe4,
	0xe2, 0xe4, 0xa2, 0x49, 0x3f, 0x1d, 0x0c, 0x00, 0x08, 0x03, 0xbc, 0xc0, 0xe4, 0xa0, 0xe4, 0xa0, 0xe4, 0xa0, 0xe4, 0xa0,
	0xe4, 0xa0, 0xec, 0xa0, 0xe4, 0xa0, 0xec, 0x01, 0xed, 0x42, 0x6a, 0x3f, 0x37, 0x0c, 0x82, 0x7a, 0x01, 0xed, 0xa0, 0xe4,
	0xa0, 0xec, 0xa0, 0xec, 0xa0, 0xec, 0xa0, 0xe4, 0xa0, 0xe4, 0xa0, 0xe4, 0xc0, 0xec, 0x04, 0xac, 0x21, 0x08, 0x40, 0x1e,
	0x0a, 0xc3, 0x49, 0x01, 0xe5, 0x80, 0xe4, 0xa0, 0xec, 0xa0, 0xec, 0xa0, 0xe4, 0xa0, 0xe4, 0xa0, 0xec, 0xe1, 0xec, 0x22,
	0x62, 0x40, 0x38, 0x0a, 0x42, 0x6a, 0xe1, 0xec, 0xa0, 0xe4, 0xa0, 0xe4, 0xa0, 0xe4, 0xa0, 0xe4, 0xa0, 0xe4, 0x80, 0xdc,
	0xe1, 0xec, 0xa2, 0x49, 0x41, 0x1e, 0x09, 0x41, 0x08, 0xc3, 0xab, 0xe0, 0xf4, 0xa0, 0xe4, 0xa0, 0xec, 0xa0, 0xe4, 0xa0,
	0xe4, 0xe1, 0xec, 0x63, 0x6a, 0x41, 0x39, 0x09, 0x63, 0x72, 0xe0, 0xf4, 0xa0, 0xe4, 0xa0, 0xe4, 0xa0, 0xe4, 0xa0, 0xe4,
	0xe0, 0xec, 0xe2, 0xbb, 0x40, 0x08, 0x42, 0x1f, 0x07, 0xc3, 0x49, 0xe1, 0xe4, 0xa0, 0xe4, 0xa0, 0xe4, 0xa0, 0xec, 0x01,
	0xed, 0x42, 0x62, 0x42, 0x3a, 0x07, 0x63, 0x72, 0xe1, 0xf4, 0xa0, 0xe4, 0xa0, 0xe4, 0xa0, 0xe4, 0xc1, 0xe4, 0xe3, 0x51,
	0x43, 0x1f, 0x06, 0x21, 0x00, 0x03, 0xbc, 0xc0, 0xe4, 0xa0, 0xdc, 0xe2, 0xec, 0x63, 0x6a, 0x43, 0x3b, 0x05, 0x82, 0x7a,
	0xe1, 0xe4, 0x80, 0xdc, 0xc0, 0xe4, 0xe4, 0xab, 0x44, 0x20, 0x04, 0xc2, 0x59, 0xe1, 0xe4, 0xe2, 0xdc, 0x43, 0x6a, 0x44,
	0x3c, 0x04, 0x62, 0x6a, 0xe1, 0xdc, 0x02, 0xdd, 0xc3, 0x49, 0x45, 0x21, 0x02, 0x05, 0xac, 0xa4, 0x72, 0x45, 0x3d, 0x02,
	0xa3, 0x72, 0xe4, 0x9b, 0x46, 0x21, 0x01, 0x02, 0x29, 0x46, 0x3e, 0x01, 0x03, 0x21, 0x14, 0x25, 0x01, 0xc2, 0x18, 0x15,
	0x24, 0x06, 0x61, 0x10, 0xa2, 0x6a, 0xa1, 0x6a, 0xc1, 0x49, 0xc1, 0x18, 0x61, 0x08, 0x16, 0x24, 0x09, 0xa2, 0x41, 0x20,
	0x83, 0xe0, 0x82, 0xe0, 0x82, 0x01, 0x83, 0x61, 0x6a, 0xc1, 0x51, 0x01, 0x31, 0x20, 0x08, 0x17, 0x23, 0x0d, 0x60, 0x10,
	0xc1, 0x72, 0xe0, 0x82, 0xc0, 0x82, 0xe0, 0x82, 0xe0, 0x82, 0xe0, 0x82, 0x20, 0x83, 0xe0, 0x7a, 0xa2, 0x72, 0xa1, 0x41,
	0xe1, 0x28, 0x20, 0x08, 0x18, 0x23, 0x0f, 0xc1, 0x49, 0xc0, 0x82, 0xe0, 0x82, 0xe0, 0x82, 0xe0, 0x82, 0xe0, 0x82, 0xe0,
	0x82, 0xc0, 0x7a, 0xe0, 0x7a, 0x00, 0x7b, 0x00, 0x7b, 0x21, 0x83, 0x61, 0x62, 0x41, 0x31, 0x40, 0x08, 0x19, 0x23, 0x12,
	0xe2, 0x49, 0x62, 0xbc, 0xe0, 0x8a, 0xc0, 0x82, 0xe0, 0x82, 0xe0, 0x8a, 0x00, 0x83, 0x00, 0x83, 0xe0, 0x82, 0xe0, 0x82,
	0xe0, 0x7a, 0xe0, 0x82, 0x00, 0x83, 0x00, 0x7b, 0xe2, 0x72, 0xe1, 0x49, 0x41, 0x31, 0x81, 0x10, 0x1a, 0x23, 0x15, 0xc2,
	0x18, 0xc4, 0xed, 0x60, 0xed, 0xe1, 0xdc, 0xa0, 0xb3, 0xc0, 0x92, 0x80, 0x7a, 0xe0, 0x7a, 0xe0, 0x82, 0xe0, 0x82, 0xe0,
	0x82, 0xe0, 0x82, 0xe0, 0x82, 0xe0, 0x7a, 0x00, 0x7b, 0x00, 0x7b, 0x20, 0x83, 0xa0, 0x6a, 0x41, 0x5a, 0x01, 0x31, 0x61,
	0x10, 0x1b, 0x24, 0x17, 0x24, 0x83, 0x60, 0xfe, 0xe0, 0xfd, 0xe0, 0xfd, 0xc1, 0xdc, 0x21, 0xbc, 0x40, 0x9b, 0xc0, 0x8a,
	0xc0, 0x8a, 0xc0, 0x82, 0xe0, 0x82, 0xe0, 0x82, 0xe0, 0x82, 0xe0, 0x82, 0xe0, 0x82, 0xe0, 0x82, 0x00, 0x83, 0x00, 0x83,
	0xe0, 0x7a, 0x02, 0x7b, 0xe2, 0x49, 0x61, 0x39, 0x40, 0x08, 0x1c, 0x24, 0x19, 0xa2, 0x18, 0x64, 0xe5, 0xe0, 0xfd, 0xc0,
	0xfd, 0x00, 0xfe, 0x40, 0xfe, 0x80, 0xf5, 0x41, 0xed, 0xe0, 0xc3, 0x61, 0xa3, 0xc0, 0x8a, 0x80, 0x7a, 0xe0, 0x82, 0xe0,
	0x7a, 0xe0, 0x82, 0xe0, 0x82, 0xe0, 0x82, 0xe0, 0x7a, 0xe0, 0x7a, 0xe0, 0x82, 0x00, 0x8b, 0x40, 0x83, 0xa0, 0x6a, 0x23,
	0x52, 0x40, 0x08, 0x1d, 0x25, 0x17, 0x05, 0x73, 0x01, 0xfe, 0xa0, 0xfd, 0xc0, 0xfd, 0xc0, 0xfd, 0x00, 0xfe, 0x00, 0xfe,
	0x00, 0xfe, 0xe2, 0xfd, 0xe1, 0xd4, 0x81, 0xc4, 0x00, 0x93, 0xc0, 0x82, 0xa0, 0x82, 0xe0, 0x82, 0x00, 0x83, 0xe0, 0x82,
	0xe0, 0x82, 0xe0, 0x82, 0xe0, 0x82, 0xe0, 0x7a, 0x20, 0x7b, 0x81, 0x41, 0x1e, 0x26, 0x16, 0x03, 0xac, 0x20, 0xfe, 0xc0,
	0xfd, 0xe0, 0xfd, 0xe0, 0xfd, 0xe0, 0xfd, 0xe0, 0xfd, 0xe0, 0xfd, 0x20, 0xfe, 0x20, 0xfe, 0xa0, 0xf5, 0x41, 0xed, 0xe1,
	0xb3, 0xe0, 0x8a, 0x80, 0x7a, 0xc0, 0x82, 0xc0, 0x7a, 0xe0, 0x82, 0xe0, 0x82, 0x00, 0x7b, 0xa1, 0x6a, 0x20, 0x08, 0x1f,
	0x26, 0x15, 0x83, 0x39, 0xe2, 0xf5, 0xc0, 0xfd, 0xc0, 0xfd, 0xc0, 0xfd, 0xc0, 0xfd, 0xc0, 0xfd, 0xc0, 0xfd, 0xc0, 0xfd,
	0xc0, 0xfd, 0xe0, 0xfd, 0xe0, 0xfd, 0x00, 0xfe, 0x21, 0xe5, 0xa2, 0xd4, 0x40, 0xa3, 0xe0, 0x92, 0xa0, 0x82, 0x80, 0x72,
	0x20, 0x7b, 0x61, 0x39, 0x20, 0x27, 0x14, 0x24, 0xb4, 0x00, 0xfe, 0xc0, 0xfd, 0xc0, 0xfd, 0xc0, 0xfd, 0xc0, 0xfd, 0xc0,
	0xfd, 0xc0, 0xfd, 0xc0, 0xfd, 0xc0, 0xfd, 0xc0, 0xfd, 0xc0, 0xfd, 0x00, 0xfe, 0x00, 0xfe, 0xc0, 0xfd, 0xa1, 0xf5, 0x20,
	0xc4, 0x01, 0xb4, 0xa2, 0x6a, 0x40, 0x08, 0x21, 0x27, 0x13, 0xa3, 0x41, 0xe2, 0xf5, 0xc0, 0xfd, 0xc0, 0xfd, 0xe0, 0xfd,
	0xe0, 0xfd, 0xc0, 0xfd, 0xc0, 0xfd, 0xc0, 0xfd, 0xc0, 0xfd, 0xc0, 0xfd, 0xc0, 0xfd, 0xc0, 0xfd, 0xc0, 0xfd, 0xe0, 0xfd,
	0xe0, 0xfd, 0x40, 0xfe, 0x84, 0xe5, 0xa2, 0x18, 0x22, 0x28, 0x11, 0x45, 0xac, 0x40, 0xfe, 0xa0, 0xfd, 0xc0, 0xfd, 0xc0,
	0xfd, 0xc0, 0xfd, 0xc0, 0xfd, 0xc0, 0xfd, 0xc0, 0xfd, 0xc0, 0xfd, 0xc0, 0xfd, 0xc0, 0xfd, 0xc0, 0xfd, 0xc0, 0xfd, 0xa0,
	0xfd, 0xa1, 0xfe, 0x24, 0x52, 0x23, 0x28, 0x11, 0x43, 0x29, 0x43, 0xdd, 0xe0, 0xfd, 0xc0, 0xfd, 0xc0, 0xfd, 0xc0, 0xfd,
	0xc0, 0xfd, 0xc0, 0xfd, 0xc0, 0xfd, 0xc0, 0xfd, 0xc0, 0xfd, 0xc0, 0xfd, 0xc0, 0xfd, 0xc0, 0xfd, 0x41, 0xfe, 0x24, 0xa4,
	0x61, 0x08, 0x24, 0x29, 0x0f, 0x64, 0x62, 0x41, 0xfe, 0xc0, 0xfd, 0xe0, 0xfd, 0xc0, 0xfd, 0xc0, 0xfd, 0xc0, 0xfd, 0xc0,
	0xfd, 0xc0, 0xfd, 0xc0, 0xfd, 0xc0, 0xfd, 0xc0, 0xfd, 0x00, 0xfe, 0x04, 0xac, 0x21, 0x08, 0x25, 0x29, 0x0e, 0x61, 0x08,
	0x04, 0xd5, 0x20, 0xfe, 0xc0, 0xfd, 0xc0, 0xfd, 0xc0, 0xfd, 0xc0, 0xfd, 0xc0, 0xfd, 0xe0, 0xfd, 0xe0, 0xfd, 0xc0, 0xfd,
	0x00, 0xfe, 0x04, 0xd5, 0x20, 0x08, 0x26, 0x2a, 0x0c, 0x43, 0x5a, 0x21, 0xfe, 0xc0, 0xfd, 0xc0, 0xfd, 0xc0, 0xfd, 0xc0,
	0xfd, 0xc0, 0xfd, 0xc0, 0xfd, 0xc0, 0xfd, 0xe0, 0xfd, 0x02, 0xfe, 0x44, 0x5a, 0x27, 0x2a, 0x0b, 0x61, 0x08, 0x04, 0xcd,
	0x20, 0xfe, 0xc0, 0xfd, 0xc0, 0xfd, 0xc0, 0xfd, 0xc0, 0xfd, 0xc0, 0xfd, 0xe0, 0xfd, 0x03, 0xf6, 0x44, 0x5a, 0x28, 0x2b,
	0x09, 0xc2, 0x20, 0xc3, 0xed, 0xe0, 0xfd, 0xc0, 0xfd, 0xc0, 0xfd, 0xc0, 0xfd, 0xa0, 0xfd, 0x41, 0xfe, 0x83, 0x72, 0x29,
	0x2c, 0x08, 0x84, 0x93, 0x20, 0xfe, 0xc0, 0xfd, 0xc0, 0xfd, 0xa0, 0xfd, 0x20, 0xfe, 0x25, 0xcd, 0x81, 0x10, 0x2a, 0x2c,
	0x07, 0xc2, 0x20, 0x83, 0xed, 0xe0, 0xfd, 0xa0, 0xfd, 0x00, 0xfe, 0x43, 0xdd, 0xc2, 0x20, 0x2b, 0x2d, 0x05, 0x83, 0x93,
	0x40, 0xfe, 0xe0, 0xfd, 0x42, 0xdd, 0xe2, 0x20, 0x2c, 0x2d, 0x04, 0xc2, 0x20, 0xc3, 0xed, 0x81, 0xfe, 0xe4, 0x72, 0x2d,
	0x2e, 0x02, 0xa5, 0x8b, 0x04, 0xa4, 0x2e, 0x18, 0x03, 0x63, 0x31, 0x01, 0x29, 0xa1, 0x18, 0x2e, 0x2f, 0x01, 0x21, 0x08,
	0x2e, 0x45, 0x03, 0x81, 0x10, 0x22, 0x29, 0x83, 0x39, 0x2f, 0x17, 0x07, 0x61, 0x10, 0xc1, 0x6a, 0x21, 0x83, 0xe1, 0x7a,
	0xe1, 0x59, 0x61, 0x41, 0x40, 0x08, 0x2f, 0x42, 0x07, 0x20, 0x08, 0x62, 0x39, 0xe1, 0x49, 0xc1, 0x72, 0x01, 0x7b, 0xc1,
	0x72, 0x60, 0x10, 0x30, 0x17, 0x0a, 0x81, 0x41, 0x20, 0x83, 0xe0, 0x7a, 0xe0, 0x82, 0x00, 0x83, 0xe0, 0x82, 0xc1, 0x72,
	0x21, 0x5a, 0x20, 0x31, 0xa1, 0x18, 0x30, 0x3f, 0x0a, 0xa1, 0x18, 0x01, 0x29, 0x22, 0x52, 0xe1, 0x72, 0x00, 0x7b, 0x20,
	0x83, 0x00, 0x7b, 0xe0, 0x72, 0x20, 0x83, 0xa1, 0x41, 0x31, 0x16, 0x0e, 0x60, 0x08, 0xa1, 0x6a, 0xe0, 0x7a, 0xe0, 0x82,
	0xe0, 0x7a, 0xc0, 0x82, 0xc0, 0x82, 0xe0, 0x82, 0x00, 0x7b, 0x40, 0x83, 0xc1, 0x6a, 0x41, 0x52, 0x41, 0x31, 0x41, 0x08,
	0x31, 0x3c, 0x0e, 0x40, 0x08, 0x61, 0x39, 0x42, 0x5a, 0xc1, 0x72, 0x20, 0x83, 0x00, 0x7b, 0x00, 0x7b, 0xe0, 0x7a, 0xe0,
	0x7a, 0xe0, 0x82, 0x00, 0x83, 0x00, 0x7b, 0xc1, 0x72, 0x60, 0x08, 0x32, 0x16, 0x10, 0xc2, 0x41, 0x00, 0x83, 0xc0, 0x82,
	0xc0, 0x82, 0xe0, 0x82, 0xe0, 0x82, 0xe0, 0x82, 0xe0, 0x82, 0xe0, 0x82, 0xe0, 0x7a, 0x00, 0x83, 0x20, 0x83, 0x00, 0x7b,
	0x82, 0x62, 0x61, 0x31, 0xc1, 0x20, 0x32, 0x3a, 0x10, 0xe1, 0x20, 0x61, 0x31, 0xa1, 0x62, 0x00, 0x83, 0x20, 0x83, 0x00,
	0x83, 0xe0, 0x7a, 0xe0, 0x82, 0xe0, 0x82, 0xe0, 0x82, 0xe0, 0x82, 0xe0, 0x82, 0xc0, 0x82, 0xc0, 0x7a, 0x00, 0x83, 0xc2,
	0x41, 0x33, 0x16, 0x14, 0xa1, 0x18, 0x45, 0xd5, 0x01, 0xbc, 0x41, 0xa3, 0xc0, 0x8a, 0xa0, 0x82, 0xe0, 0x82, 0xe0, 0x82,
	0xe0, 0x82, 0xe0, 0x82, 0xe0, 0x82, 0xc0, 0x7a, 0xe0, 0x82, 0x00, 0x7b, 0x40, 0x83, 0xe1, 0x7a, 0x61, 0x6a, 0xc1, 0x49,
	0x81, 0x10, 0x40, 0x08, 0x33, 0x37, 0x13, 0x81, 0x18, 0xc1, 0x49, 0x61, 0x6a, 0xe0, 0x7a, 0x20, 0x83, 0x00, 0x83, 0xe0,
	0x82, 0xe0, 0x82, 0xe0, 0x82, 0x00, 0x83, 0x00, 0x83, 0xe0, 0x82, 0xe0, 0x82, 0xc0, 0x7a, 0x00, 0x8b, 0x61, 0x9b, 0x01,
	0xbc, 0x45, 0xdd, 0x81, 0x10, 0x34, 0x17, 0x15, 0xc4, 0x9b, 0x61, 0xfe, 0xe1, 0xfd, 0xe1, 0xdc, 0xa1, 0xb3, 0xe0, 0x92,
	0xe0, 0x8a, 0xa0, 0x82, 0xc0, 0x7a, 0xe0, 0x82, 0xe0, 0x82, 0xe0, 0x82, 0xe0, 0x82, 0xc0, 0x82, 0xe0, 0x82, 0x00, 0x8b,
	0x00, 0x83, 0x01, 0x7b, 0x42, 0x5a, 0xa2, 0x41, 0xc1, 0x20, 0x34, 0x34, 0x15, 0xc1, 0x18, 0xa2, 0x39, 0x61, 0x5a, 0x01,
	0x7b, 0x00, 0x83, 0x00, 0x8b, 0xe0, 0x82, 0xc0, 0x82, 0xe0, 0x82, 0x00, 0x83, 0x00, 0x83, 0xe0, 0x82, 0xc0, 0x82, 0xa0,
	0x7a, 0xc0, 0x82, 0xa0, 0x8a, 0xa0, 0xab, 0x01, 0xdd, 0xe1, 0xfd, 0x41, 0xfe, 0xe5, 0x9b, 0x35, 0x17, 0x32, 0x43, 0x31,
	0xe2, 0xf5, 0xe0, 0xfd, 0x00, 0xfe, 0xc1, 0xfd, 0x81, 0xf5, 0x60, 0xcc, 0xa1, 0xab, 0xe0, 0x8a, 0x60, 0x7a, 0xa0, 0x82,
	0xe0, 0x82, 0xe0, 0x82, 0xe0, 0x82, 0xe0, 0x7a, 0xe0, 0x7a, 0xe0, 0x7a, 0xe0, 0x7a, 0xe0, 0x7a, 0x20, 0x83, 0xc1, 0x72,
	0x82, 0x6a, 0x61, 0x39, 0xc1, 0x20, 0x40, 0x08, 0x40, 0x08, 0xc1, 0x20, 0x61, 0x39, 0x82, 0x6a, 0xc1, 0x72, 0x20, 0x8b,
	0xe0, 0x82, 0xe0, 0x82, 0xe0, 0x82, 0xe0, 0x82, 0xe0, 0x82, 0x00, 0x83, 0xe0, 0x82, 0xe0, 0x82, 0xc0, 0x82, 0x60, 0x7a,
	0x00, 0x93, 0x81, 0xab, 0x42, 0xc4, 0x62, 0xed, 0xc0, 0xfd, 0x00, 0xfe, 0xe0, 0xfd, 0xa2, 0xed, 0x22, 0x29, 0x36, 0x18,
	0x30, 0xc4, 0x9b, 0x61, 0xfe, 0xa0, 0xfd, 0xc0, 0xfd, 0xe0, 0xfd, 0xe0, 0xfd, 0x01, 0xfe, 0x21, 0xe5, 0xa2, 0xcc, 0x80,
	0xab, 0xe0, 0x92, 0xc0, 0x82, 0xc0, 0x7a, 0x00, 0x7b, 0x00, 0x7b, 0x00, 0x83, 0xe0, 0x82, 0xe0, 0x82, 0xc0, 0x82, 0xe0,
	0x82, 0xe0, 0x82, 0x00, 0x8b, 0xa1, 0x72, 0x40, 0x08, 0x41, 0x08, 0xc3, 0x6a, 0x20, 0x83, 0xe0, 0x82, 0xe0, 0x82, 0xe0,
	0x82, 0xe0, 0x82, 0xe0, 0x82, 0xe0, 0x82, 0xe0, 0x82, 0xe0, 0x82, 0xa0, 0x7a, 0xc0, 0x82, 0xc0, 0x8a, 0x61, 0xa3, 0xa1,
	0xcc, 0x22, 0xe5, 0x02, 0xfe, 0x00, 0xfe, 0x00, 0xfe, 0xc0, 0xfd, 0xa0, 0xfd, 0x60, 0xfe, 0xe5, 0xa3, 0x37, 0x18, 0x17,
	0xa2, 0x18, 0xc4, 0xcc, 0x00, 0xfe, 0xc0, 0xfd, 0xc0, 0xfd, 0xc0, 0xfd, 0xc0, 0xfd, 0xe0, 0xfd, 0x20, 0xfe, 0xc0, 0xfd,
	0xa2, 0xf5, 0x21, 0xc4, 0xa1, 0xab, 0xe0, 0x8a, 0xc0, 0x7a, 0xe0, 0x82, 0xe0, 0x82, 0xe0, 0x82, 0xe0, 0x82, 0xe0, 0x82,
	0xc0, 0x82, 0x20, 0x8b, 0x61, 0x41, 0x37, 0x31, 0x17, 0x82, 0x39, 0x00, 0x83, 0xe0, 0x7a, 0xe0, 0x7a, 0xe0, 0x82, 0x00,
	0x83, 0xe0, 0x82, 0xc0, 0x82, 0xc0, 0x82, 0xc0, 0x82, 0xa2, 0xa3, 0x41, 0xc4, 0xa1, 0xf5, 0xa0, 0xfd, 0x20, 0xfe, 0x00,
	0xfe, 0xe0, 0xfd, 0xc0, 0xfd, 0xc0, 0xfd, 0xc0, 0xfd, 0x00, 0xfe, 0xc3, 0xd4, 0xc2, 0x18, 0x38, 0x19, 0x16, 0x23, 0x5a,
	0x01, 0xfe, 0xc0, 0xfd, 0xc0, 0xfd, 0xc0, 0xfd, 0xc0, 0xfd, 0xc0, 0xfd, 0xc0, 0xfd, 0xe0, 0xfd, 0xe0, 0xfd, 0x00, 0xfe,
	0xe1, 0xfd, 0x41, 0xe5, 0xe1, 0xb3, 0x00, 0x9b, 0xc0, 0x8a, 0xa0, 0x82, 0xc0, 0x82, 0xe0, 0x82, 0xe0, 0x82, 0xc1, 0x7a,
	0x40, 0x08, 0x38, 0x31, 0x16, 0x21, 0x08, 0x81, 0x72, 0x00, 0x7b, 0x00, 0x7b, 0xc0, 0x82, 0x80, 0x7a, 0xe0, 0x8a, 0xe0,
	0x92, 0xe0, 0xb3, 0x41, 0xe5, 0x02, 0xfe, 0x01, 0xfe, 0x00, 0xfe, 0xe0, 0xfd, 0xc0, 0xfd, 0xe0, 0xfd, 0xe0, 0xfd, 0xe0,
	0xfd, 0xe0, 0xfd, 0xc0, 0xfd, 0x21, 0xfe, 0x03, 0x5a, 0x39, 0x1a, 0x14, 0xa3, 0xcc, 0x00, 0xfe, 0xc0, 0xfd, 0xc0, 0xfd,
	0xc0, 0xfd, 0xc0, 0xfd, 0xc0, 0xfd, 0xe0, 0xfd, 0xe0, 0xfd, 0xe0, 0xfd, 0xe0, 0xfd, 0x00, 0xfe, 0xe0, 0xfd, 0xc1, 0xfd,
	0xa1, 0xd4, 0x21, 0xc4, 0x20, 0x9b, 0xa0, 0x7a, 0x41, 0x8b, 0x62, 0x39, 0x39, 0x32, 0x14, 0x61, 0x41, 0x20, 0x8b, 0x80,
	0x7a, 0x20, 0x93, 0x01, 0xbc, 0xa0, 0xd4, 0xc1, 0xfd, 0xe0, 0xfd, 0x20, 0xfe, 0xc0, 0xfd, 0xe0, 0xfd, 0xc0, 0xfd, 0xc0,
	0xfd, 0xe0, 0xfd, 0xc0, 0xfd, 0xc0, 0xfd, 0xe0, 0xfd, 0xc0, 0xfd, 0x20, 0xfe, 0xc3, 0xcc, 0x3a, 0x1a, 0x14, 0x03, 0x4a,
	0x42, 0xfe, 0xe0, 0xfd, 0xe0, 0xfd, 0xe0, 0xfd, 0xe0, 0xfd, 0xe0, 0xfd, 0xe0, 0xfd, 0xe0, 0xfd, 0xe0, 0xfd, 0xe0, 0xfd,
	0xe0, 0xfd, 0xe0, 0xfd, 0xe0, 0xfd, 0x00, 0xfe, 0x00, 0xfe, 0x41, 0xed, 0x83, 0xed, 0xc3, 0x72, 0x40, 0x08, 0x3a, 0x32,
	0x14, 0x40, 0x08, 0xc2, 0x7a, 0x63, 0xed, 0x61, 0xed, 0x20, 0xfe, 0x00, 0xfe, 0xe0, 0xfd, 0xe0, 0xfd, 0xc0, 0xfd, 0xe0,
	0xfd, 0xc0, 0xfd, 0xc0, 0xfd, 0xc0, 0xfd, 0xc0, 0xfd, 0xc0, 0xfd, 0xc0, 0xfd, 0xc0, 0xfd, 0xc0, 0xfd, 0x21, 0xfe, 0xe3,
	0x51, 0x3b, 0x1a, 0x13, 0x41, 0x08, 0xa4, 0xc4, 0x20, 0xfe, 0xc0, 0xfd, 0xe0, 0xfd, 0xe0, 0xfd, 0xe0, 0xfd, 0xe0, 0xfd,
	0xe0, 0xfd, 0xe0, 0xfd, 0xe0, 0xfd, 0xe0, 0xfd, 0xe0, 0xfd, 0xe0, 0xfd, 0xc0, 0xfd, 0xa0, 0xfd, 0x20, 0xfe, 0x03, 0xd5,
	0x81, 0x18, 0x3b, 0x33, 0x13, 0x81, 0x10, 0xe3, 0xcc, 0x40, 0xfe, 0xa0, 0xfd, 0xc0, 0xfd, 0xe0, 0xfd, 0xe0, 0xfd, 0xc0,
	0xfd, 0xc0, 0xfd, 0xc0, 0xfd, 0xe0, 0xfd, 0xc0, 0xfd, 0xc0, 0xfd, 0xc0, 0xfd, 0xc0, 0xfd, 0xc0, 0xfd, 0x20, 0xfe, 0xa4,
	0xc4, 0x41, 0x08, 0x3c, 0x1b, 0x11, 0x24, 0x52, 0x61, 0xfe, 0xc0, 0xfd, 0xe0, 0xfd, 0xe0, 0xfd, 0xe0, 0xfd, 0xe0, 0xfd,
	0xe0, 0xfd, 0xe0, 0xfd, 0xe0, 0xfd, 0xe0, 0xfd, 0xe0, 0xfd, 0xe0, 0xfd, 0xe0, 0xfd, 0xc0, 0xfd, 0x42, 0xfe, 0x43, 0x5a,
	0x3c, 0x34, 0x11, 0x24, 0x5a, 0x43, 0xfe, 0xa0, 0xfd, 0xc0, 0xfd, 0xc0, 0xfd, 0xe0, 0xfd, 0xc0, 0xfd, 0xc0, 0xfd, 0xe0,
	0xfd, 0xe0, 0xfd, 0xc0, 0xfd, 0xc0, 0xfd, 0xc0, 0xfd, 0xc0, 0xfd, 0xc0, 0xfd, 0x42, 0xfe, 0x03, 0x52, 0x3d, 0x1c, 0x0f,
	0x24, 0x83, 0x41, 0xfe, 0xc0, 0xfd, 0xe0, 0xfd, 0xe0, 0xfd, 0xe0, 0xfd, 0xe0, 0xfd, 0xe0, 0xfd, 0xe0, 0xfd, 0xe0, 0xfd,
	0xe0, 0xfd, 0xe0, 0xfd, 0xe0, 0xfd, 0x22, 0xfe, 0x04, 0x83, 0x3d, 0x35, 0x0f, 0x04, 0x83, 0x41, 0xfe, 0xe0, 0xfd, 0xc0,
	0xfd, 0xc0, 0xfd, 0xc0, 0xfd, 0xc0, 0xfd, 0xc0, 0xfd, 0xc0, 0xfd, 0xc0, 0xfd, 0xc0, 0xfd, 0xc0, 0xfd, 0xa0, 0xfd, 0x41,
	0xfe, 0x04, 0x83, 0x3e, 0x1c, 0x0e, 0xa2, 0x18, 0x63, 0xe5, 0x00, 0xfe, 0xe0, 0xfd, 0xe0, 0xfd, 0xc0, 0xfd, 0xc0, 0xfd,
	0xc0, 0xfd, 0xc0, 0xfd, 0xc0, 0xfd, 0xc0, 0xfd, 0xc0, 0xfd, 0x00, 0xfe, 0x23, 0x83, 0x3e, 0x36, 0x0e, 0x24, 0x83, 0x01,
	0xfe, 0xc0, 0xfd, 0xc0, 0xfd, 0xc0, 0xfd, 0xc0, 0xfd, 0xc0, 0xfd, 0xc0, 0xfd, 0xc0, 0xfd, 0xc0, 0xfd, 0xc0, 0xfd, 0xe0,
	0xfd, 0x62, 0xe5, 0xa1, 0x20, 0x3f, 0x1d, 0x0c, 0xe3, 0x7a, 0x21, 0xfe, 0xc0, 0xfd, 0xc0, 0xfd, 0xe0, 0xfd, 0xe0, 0xfd,
	0xc0, 0xfd, 0xe0, 0xfd, 0xe0, 0xfd, 0xc0, 0xfd, 0x00, 0xfe, 0x44, 0xe5, 0x3f, 0x36, 0x0d, 0x01, 0x00, 0x45, 0xdd, 0x00,
	0xfe, 0xc0, 0xfd, 0xe0, 0xfd, 0xc0, 0xfd, 0xc0, 0xfd, 0xc0, 0xfd, 0xc0, 0xfd, 0xc0, 0xfd, 0xc0, 0xfd, 0x41, 0xfe, 0x24,
	0x83, 0x40, 0x1d, 0x0c, 0x61, 0x10, 0x65, 0xe5, 0x00, 0xfe, 0xc0, 0xfd, 0xe0, 0xfd, 0xe0, 0xfd, 0xe0, 0xfd, 0xe0, 0xfd,
	0xc0, 0xfd, 0x20, 0xfe, 0x84, 0xed, 0x83, 0x39, 0x40, 0x37, 0x0c, 0x83, 0x39, 0x83, 0xed, 0x00, 0xfe, 0xc0, 0xfd, 0xc0,
	0xfd, 0xc0, 0xfd, 0xc0, 0xfd, 0xe0, 0xfd, 0xc0, 0xfd, 0x20, 0xfe, 0x64, 0xe5, 0x82, 0x10, 0x41, 0x1e, 0x0a, 0x64, 0x62,
	0xc1, 0xf5, 0xc0, 0xfd, 0xe0, 0xfd, 0xe0, 0xfd, 0xe0, 0xfd, 0xe0, 0xfd, 0xe0, 0xfd, 0xa3, 0xed, 0x63, 0x39, 0x41, 0x38,
	0x0a, 0x62, 0x41, 0x82, 0xed, 0xe0, 0xfd, 0xc0, 0xfd, 0xc0, 0xfd, 0xe0, 0xfd, 0xe0, 0xfd, 0xc0, 0xfd, 0xe1, 0xf5, 0x84,
	0x62, 0x42, 0x1f, 0x08, 0x04, 0xac, 0x20, 0xfe, 0xa0, 0xfd, 0xc0, 0xfd, 0xe0, 0xfd, 0xc0, 0xfd, 0x81, 0xfe, 0xa3, 0x72,
	0x42, 0x39, 0x08, 0xa4, 0x72, 0x81, 0xfe, 0xc0, 0xfd, 0xe0, 0xfd, 0xc0, 0xfd, 0xa0, 0xfd, 0x00, 0xfe, 0x04, 0xac, 0x43,
	0x1f, 0x08, 0x42, 0x31, 0xe2, 0xf5, 0xe0, 0xfd, 0xc0, 0xfd, 0xc0, 0xfd, 0x40, 0xfe, 0x43, 0xb4, 0x61, 0x10, 0x43, 0x39,
	0x08, 0x81, 0x10, 0x64, 0xb4, 0x41, 0xfe, 0xa0, 0xfd, 0xc0, 0xfd, 0xe0, 0xfd, 0xe2, 0xf5, 0x43, 0x31, 0x44, 0x20, 0x06,
	0xe4, 0xa3, 0x40, 0xfe, 0xc0, 0xfd, 0x20, 0xfe, 0x64, 0xb4, 0x61, 0x08, 0x44, 0x3a, 0x06, 0x61, 0x08, 0x63, 0xbc, 0x00,
	0xfe, 0xc0, 0xfd, 0x40, 0xfe, 0xe4, 0xa3, 0x45, 0x20, 0x05, 0x62, 0x39, 0xc2, 0xf5, 0x20, 0xfe, 0xa4, 0xe5, 0x42, 0x08,
	0x45, 0x3b, 0x05, 0x41, 0x08, 0x64, 0xd5, 0x20, 0xfe, 0xc3, 0xed, 0x63, 0x39, 0x46, 0x21, 0x03, 0x24, 0xac, 0xa3, 0xfe,
	0xa3, 0x6a, 0x46, 0x3c, 0x03, 0x65, 0x5a, 0xa3, 0xfe, 0x24, 0xa4, 0x47, 0x21, 0x02, 0x22, 0x29, 0xa4, 0x6a, 0x47, 0x3d,
	0x02, 0x85, 0x62, 0x22, 0x29, 0x16, 0x23, 0x02, 0xa1, 0x18, 0x20, 0x08, 0x17, 0x23, 0x11, 0x81, 0x49, 0xc0, 0x59, 0xa0,
	0x59, 0xc0, 0x59, 0xc0, 0x59, 0xe0, 0x59, 0xe0, 0x59, 0xe0, 0x59, 0xe0, 0x59, 0xe0, 0x30, 0xa0, 0x18, 0xa0, 0x18, 0xa0,
	0x18, 0xa0, 0x18, 0xa0, 0x18, 0xc1, 0x20, 0x81, 0x10, 0x18, 0x23, 0x1a, 0x80, 0x49, 0x20, 0x62, 0x00, 0x62, 0x00, 0x62,
	0x00, 0x62, 0x00, 0x62, 0x00, 0x62, 0x20, 0x62, 0x20, 0x62, 0x20, 0x62, 0x20, 0x6a, 0x20, 0x6a, 0x20, 0x6a, 0x20, 0x6a,
	0x20, 0x6a, 0x40, 0x6a, 0x00, 0x5a, 0x60, 0x41, 0x60, 0x41, 0x60, 0x41, 0x60, 0x41, 0x60, 0x41, 0x60, 0x41, 0x60, 0x41,
	0x60, 0x41, 0x20, 0x08, 0x19, 0x23, 0x1a, 0x80, 0x49, 0x20, 0x6a, 0x00, 0x62, 0x00, 0x5a, 0x20, 0x62, 0x20, 0x62, 0x20,
	0x62, 0x20, 0x62, 0x20, 0x62, 0x20, 0x62, 0x20, 0x62, 0x20, 0x6a, 0x00, 0x6a, 0xe0, 0x69, 0xe0, 0x69, 0x00, 0x6a, 0x00,
	0x62, 0x20, 0x6a, 0x20, 0x6a, 0x20, 0x6a, 0x20, 0x6a, 0x20, 0x6a, 0x20, 0x6a, 0x20, 0x62, 0x40, 0x6a, 0x60, 0x10, 0x1a,
	0x23, 0x1a, 0x81, 0x49, 0xa0, 0x61, 0xa0, 0x59, 0xa0, 0x59, 0xa0, 0x59, 0xa0, 0x59, 0xa0, 0x59, 0xa0, 0x59, 0xa0, 0x59,
	0xa0, 0x59, 0xa0, 0x59, 0x80, 0x59, 0xe0, 0x61, 0x00, 0x6a, 0x00, 0x6a, 0x00, 0x62, 0x00, 0x62, 0x00, 0x62, 0x00, 0x62,
	0x00, 0x62, 0x00, 0x62, 0x00, 0x62, 0x00, 0x5a, 0x20, 0x62, 0xe1, 0x59, 0x40, 0x08, 0x1b, 0x23, 0x19, 0x82, 0x41, 0x83,
	0xb4, 0x42, 0xb4, 0x42, 0xb4, 0x42, 0xb4, 0x42, 0xb4, 0x42, 0xb4, 0x42, 0xb4, 0x42, 0xb4, 0x42, 0xb4, 0x42, 0xb4, 0x62,
	0xb4, 0xe1, 0x8a, 0xa0, 0x69, 0xe0, 0x69, 0xe0, 0x69, 0x00, 0x6a, 0x00, 0x6a, 0x00, 0x6a, 0x00, 0x62, 0x00, 0x62, 0x00,
	0x62, 0x00, 0x62, 0x20, 0x6a, 0x41, 0x39, 0x1c, 0x23, 0x19, 0x23, 0x29, 0xc4, 0xf6, 0x40, 0xff, 0x00, 0xff, 0x00, 0xff,
	0x20, 0xff, 0x20, 0xff, 0x20, 0xff, 0x20, 0xff, 0x20, 0xff, 0x20, 0xff, 0x40, 0xff, 0x60, 0xf6, 0xc2, 0xe5, 0xe1, 0xed,
	0xe2, 0xed, 0x02, 0xee, 0x02, 0xee, 0x02, 0xee, 0x02, 0xee, 0x02, 0xee, 0xe2, 0xe5, 0x22, 0xee, 0x83, 0xd5, 0xe1, 0x28,
	0x1d, 0x24, 0x17, 0x64, 0x83, 0x61, 0xff, 0x60, 0xfe, 0xa0, 0xfe, 0xa0, 0xfe, 0xa0, 0xfe, 0xa0, 0xfe, 0xa0, 0xfe, 0xa0,
	0xfe, 0xa0, 0xfe, 0xa0, 0xfe, 0xe0, 0xfe, 0x00, 0xff, 0x00, 0xff, 0x00, 0xff, 0x00, 0xff, 0x00, 0xff, 0x00, 0xff, 0x00,
	0xff, 0x00, 0xff, 0xe0, 0xfe, 0x20, 0xff, 0xe4, 0xdd, 0x1e, 0x24, 0x17, 0x81, 0x10, 0xe5, 0xbc, 0xe0, 0xfe, 0xa0, 0xfe,
	0xc0, 0xfe, 0xc0, 0xfe, 0xc0, 0xfe, 0xc0, 0xfe, 0xc0, 0xfe, 0xc0, 0xfe, 0xc0, 0xfe, 0xc0, 0xfe, 0xc0, 0xfe, 0xc0, 0xfe,
	0xc0, 0xfe, 0xa0, 0xfe, 0xa0, 0xfe, 0xa0, 0xfe, 0xa0, 0xfe, 0xa0, 0xfe, 0xa0, 0xfe, 0x42, 0xff, 0x64, 0x5a, 0x1f, 0x25,
	0x16, 0x63, 0x31, 0xc3, 0xfe, 0xa0, 0xfe, 0xc0, 0xfe, 0xc0, 0xfe, 0xc0, 0xfe, 0xc0, 0xfe, 0xc0, 0xfe, 0xc0, 0xfe, 0xc0,
	0xfe, 0xc0, 0xfe, 0xc0, 0xfe, 0xc0, 0xfe, 0xc0, 0xfe, 0xc0, 0xfe, 0xc0, 0xfe, 0xc0, 0xfe, 0xc0, 0xfe, 0xa0, 0xfe, 0xe0,
	0xfe, 0x04, 0xbd, 0x81, 0x10, 0x20, 0x26, 0x14, 0xa4, 0xb4, 0x60, 0xff, 0xa0, 0xfe, 0xc0, 0xfe, 0xc0, 0xfe, 0xc0, 0xfe,
	0xc0, 0xfe, 0xc0, 0xfe, 0xc0, 0xfe, 0xc0, 0xfe, 0xc0, 0xfe, 0xc0, 0xfe, 0xc0, 0xfe, 0xc0, 0xfe, 0xc0, 0xfe, 0xc0, 0xfe,
	0xa0, 0xfe, 0xe0, 0xfe, 0xa4, 0xf6, 0x81, 0x18, 0x21, 0x26, 0x13, 0x22, 0x29, 0xc3, 0xd5, 0xc0, 0xfe, 0xc0, 0xfe, 0xc0,
	0xfe, 0xc0, 0xfe, 0xc0, 0xfe, 0xc0, 0xfe, 0xc0, 0xfe, 0xc0, 0xfe, 0xc0, 0xfe, 0xc0, 0xfe, 0xc0, 0xfe, 0xc0, 0xfe, 0xc0,
	0xfe, 0xc0, 0xfe, 0xc0, 0xfe, 0xa1, 0xf6, 0xe4, 0x72, 0x22, 0x27, 0x11, 0x44, 0x5a, 0x61, 0xff, 0xa0, 0xfe, 0xc0, 0xfe,
	0xc0, 0xfe, 0xc0, 0xfe, 0xc0, 0xfe, 0xc0, 0xfe, 0xc0, 0xfe, 0xc0, 0xfe, 0xc0, 0xfe, 0xc0, 0xfe, 0xc0, 0xfe, 0xc0, 0xfe,
	0xa0, 0xfe, 0x20, 0xff, 0xa4, 0xb4, 0x23, 0x27, 0x11, 0x81, 0x10, 0x84, 0xac, 0x01, 0xff, 0xa0, 0xfe, 0xc0, 0xfe, 0xc0,
	0xfe, 0xc0, 0xfe, 0xc0, 0xfe, 0xc0, 0xfe, 0xc0, 0xfe, 0xc0, 0xfe, 0xc0, 0xfe, 0xc0, 0xfe, 0xc0, 0xfe, 0xc0, 0xfe, 0x02,
	0xff, 0xa2, 0x39, 0x24, 0x28, 0x0f, 0xa2, 0x18, 0xa3, 0xf6, 0xc0, 0xfe, 0xc0, 0xfe, 0xc0, 0xfe, 0xc0, 0xfe, 0xc0, 0xfe,
	0xc0, 0xfe, 0xc0, 0xfe, 0xc0, 0xfe, 0xc0, 0xfe, 0xc0, 0xfe, 0xc0, 0xfe, 0x00, 0xff, 0xa4, 0xb4, 0x25, 0x29, 0x0e, 0xa4,
	0x93, 0x41, 0xff, 0xa0, 0xfe, 0xc0, 0xfe, 0xc0, 0xfe, 0xc0, 0xfe, 0xc0, 0xfe, 0xc0, 0xfe, 0xc0, 0xfe, 0xc0, 0xfe, 0xa0,
	0xfe, 0x00, 0xff, 0xc4, 0xd5, 0x21, 0x08, 0x26, 0x29, 0x0d, 0x03, 0x21, 0xc5, 0xd5, 0xc0, 0xfe, 0xa0, 0xfe, 0xc0, 0xfe,
	0xc0, 0xfe, 0xc0, 0xfe, 0xc0, 0xfe, 0xc0, 0xfe, 0xc0, 0xfe, 0xc0, 0xfe, 0x21, 0xff, 0xc5, 0x6a, 0x27, 0x2a, 0x0c, 0x42,
	0x39, 0xe3, 0xfe, 0xa0, 0xfe, 0xc0, 0xfe, 0xc0, 0xfe, 0xc0, 0xfe, 0xc0, 0xfe, 0xc0, 0xfe, 0xa0, 0xfe, 0x00, 0xff, 0xe5,
	0xdd, 0x61, 0x10, 0x28, 0x2a, 0x0b, 0x40, 0x08, 0xc4, 0xb4, 0x20, 0xff, 0xa0, 0xfe, 0xc0, 0xfe, 0xc0, 0xfe, 0xc0, 0xfe,
	0xc0, 0xfe, 0xe0, 0xfe, 0x83, 0xee, 0xe2, 0x28, 0x29, 0x2b, 0x09, 0xc3, 0x49, 0xa2, 0xf6, 0xe0, 0xfe, 0xc0, 0xfe, 0xc0,
	0xfe, 0xc0, 0xfe, 0xc0, 0xfe, 0x00, 0xff, 0xe4, 0x93, 0x2a, 0x2c, 0x07, 0xa3, 0x6a, 0x61, 0xff, 0xa0, 0xfe, 0xc0, 0xfe,
	0xa0, 0xfe, 0x40, 0xff, 0x04, 0xbd, 0x2b, 0x2c, 0x07, 0x82, 0x10, 0xa4, 0xd5, 0x00, 0xff, 0xa0, 0xfe, 0xc0, 0xfe, 0xe1,
	0xfe, 0x04, 0x4a, 0x2c, 0x2d, 0x05, 0xe4, 0x6a, 0x42, 0xff, 0x80, 0xfe, 0x40, 0xff, 0x24, 0xc5, 0x2d, 0x2e, 0x04, 0xc4,
	0x93, 0x60, 0xff, 0xa3, 0xd5, 0xc1, 0x20, 0x2e, 0x2e, 0x03, 0x02, 0x21, 0xe7, 0xee, 0x65, 0x7b, 0x2f, 0x2f, 0x02, 0x63,
	0x39, 0x40, 0x08, 0x30, 0x16, 0x0a, 0x02, 0x29, 0x00, 0x29, 0xc0, 0x20, 0xc0, 0x28, 0xc0, 0x28, 0xc0, 0x28, 0xc0, 0x28,
	0xc0, 0x20, 0xc1, 0x20, 0x40, 0x08, 0x30, 0x41, 0x09, 0xc1, 0x18, 0xa0, 0x18, 0xc0, 0x18, 0xa0, 0x18, 0xa0, 0x18, 0xc0,
	0x20, 0xa0, 0x20, 0xe1, 0x28, 0x02, 0x21, 0x31, 0x16, 0x19, 0x20, 0x39, 0x40, 0x62, 0x20, 0x62, 0x20, 0x6a, 0x20, 0x6a,
	0x20, 0x6a, 0x20, 0x6a, 0x40, 0x6a, 0x40, 0x6a, 0xc0, 0x51, 0x60, 0x41, 0x80, 0x49, 0x81, 0x49, 0x81, 0x41, 0x81, 0x41,
	0x80, 0x41, 0x60, 0x41, 0x60, 0x10, 0x40, 0x08, 0x40, 0x08, 0x40, 0x08, 0x40, 0x08, 0x40, 0x08, 0x40, 0x08, 0x40, 0x08,
	0x31, 0x31, 0x19, 0x40, 0x08, 0x40, 0x08, 0x40, 0x08, 0x40, 0x08, 0x40, 0x08, 0x40, 0x08, 0x40, 0x08, 0x60, 0x10, 0x61,
	0x39, 0x81, 0x41, 0x81, 0x41, 0x81, 0x41, 0x81, 0x41, 0x81, 0x41, 0x81, 0x41, 0xc1, 0x49, 0x20, 0x62, 0x20, 0x62, 0x20,
	0x62, 0x20, 0x62, 0x20, 0x62, 0x20, 0x62, 0x20, 0x6a, 0x60, 0x6a, 0x41, 0x31, 0x32, 0x16, 0x34, 0x20, 0x31, 0x20, 0x62,
	0x00, 0x5a, 0x00, 0x62, 0x00, 0x62, 0x00, 0x62, 0x00, 0x62, 0x00, 0x62, 0x00, 0x62, 0x20, 0x62, 0x20, 0x6a, 0x20, 0x6a,
	0x20, 0x6a, 0x20, 0x6a, 0x20, 0x6a, 0x20, 0x6a, 0x20, 0x6a, 0x00, 0x62, 0xe0, 0x61, 0x00, 0x5a, 0x00, 0x5a, 0x00, 0x5a,
	0x00, 0x5a, 0xe0, 0x59, 0x21, 0x62, 0x80, 0x18, 0x80, 0x18, 0x21, 0x62, 0xe0, 0x59, 0x00, 0x5a, 0x00, 0x5a, 0x00, 0x5a,
	0x00, 0x5a, 0x00, 0x62, 0x00, 0x62, 0x20, 0x6a, 0x20, 0x6a, 0x20, 0x6a, 0x20, 0x6a, 0x20, 0x6a, 0x20, 0x6a, 0x20, 0x6a,
	0x00, 0x6a, 0x00, 0x62, 0x00, 0x62, 0x00, 0x62, 0x00, 0x62, 0x00, 0x62, 0x00, 0x62, 0x00, 0x62, 0x20, 0x62, 0x21, 0x31,
	0x33, 0x16, 0x34, 0x20, 0x39, 0x40, 0x62, 0x00, 0x5a, 0x00, 0x62, 0x00, 0x62, 0x00, 0x62, 0x00, 0x62, 0x00, 0x62, 0x00,
	0x62, 0x00, 0x62, 0x00, 0x62, 0xe0, 0x61, 0x00, 0x6a, 0x00, 0x6a, 0x00, 0x6a, 0x00, 0x6a, 0x00, 0x62, 0x20, 0x6a, 0x00,
	0x62, 0x20, 0x6a, 0x20, 0x6a, 0x20, 0x6a, 0x20, 0x6a, 0x00, 0x62, 0x40, 0x6a, 0xa0, 0x18, 0xa0, 0x18, 0x40, 0x6a, 0x00,
	0x62, 0x20, 0x6a, 0x20, 0x6a, 0x20, 0x6a, 0x20, 0x6a, 0x20, 0x6a, 0x20, 0x6a, 0x00, 0x6a, 0x00, 0x6a, 0x00, 0x6a, 0x00,
	0x6a, 0x00, 0x6a, 0xe0, 0x69, 0xe0, 0x69, 0xe0, 0x69, 0x00, 0x6a, 0x00, 0x62, 0x00, 0x62, 0x00, 0x62, 0x00, 0x62, 0x00,
	0x62, 0x00, 0x62, 0x20, 0x6a, 0x41, 0x31, 0x34, 0x16, 0x34, 0x21, 0x31, 0x20, 0x62, 0x00, 0x62, 0x00, 0x6a, 0x00, 0x6a,
	0x00, 0x6a, 0x00, 0x6a, 0xe0, 0x69, 0xe0, 0x71, 0xe0, 0x71, 0xe0, 0x69, 0xe0, 0x69, 0xc0, 0x69, 0xc0, 0x61, 0xc0, 0x59,
	0xc0, 0x59, 0xc0, 0x59, 0xc0, 0x59, 0xc0, 0x59, 0xc0, 0x59, 0xc0, 0x59, 0xc0, 0x59, 0xc0, 0x59, 0xc0, 0x61, 0xc1, 0x51,
	0x40, 0x08, 0x40, 0x08, 0xa0, 0x51, 0xc0, 0x61, 0xc0, 0x59, 0xc0, 0x59, 0xc0, 0x59, 0xc0, 0x59, 0xc0, 0x59, 0xc0, 0x59,
	0xc0, 0x59, 0xc0, 0x59, 0xc0, 0x61, 0xa0, 0x61, 0xc0, 0x69, 0x00, 0x6a, 0x00, 0x6a, 0x00, 0x6a, 0xe0, 0x69, 0xe0, 0x69,
	0xe0, 0x69, 0xe0, 0x69, 0xe0, 0x69, 0xe0, 0x69, 0xe0, 0x61, 0x20, 0x6a, 0x41, 0x31, 0x35, 0x16, 0x19, 0x81, 0x10, 0xe6,
	0xd5, 0x22, 0xee, 0x03, 0xee, 0x02, 0xee, 0x02, 0xee, 0x02, 0xee, 0x02, 0xee, 0x03, 0xee, 0x03, 0xee, 0x03, 0xee, 0x43,
	0xee, 0xe2, 0xcc, 0x01, 0x93, 0x41, 0x93, 0x21, 0x93, 0x21, 0x93, 0x21, 0x93, 0x21, 0x93, 0x21, 0x93, 0x21, 0x93, 0x21,
	0x93, 0x21, 0x93, 0x42, 0x93, 0xa2, 0x49, 0x35, 0x31, 0x19, 0x81, 0x49, 0x42, 0x93, 0x21, 0x9b, 0x21, 0x9b, 0x41, 0x93,
	0x21, 0x93, 0x21, 0x93, 0x21, 0x93, 0x21, 0x93, 0x21, 0x93, 0x21, 0x93, 0x01, 0x93, 0xc3, 0xc4, 0x43, 0xee, 0x22, 0xee,
	0x22, 0xee, 0x22, 0xee, 0x03, 0xee, 0x03, 0xee, 0x03, 0xee, 0x03, 0xee, 0x03, 0xee, 0x23, 0xee, 0xe5, 0xdd, 0x81, 0x10,
	0x36, 0x17, 0x18, 0x24, 0x9c, 0x40, 0xff, 0xc0, 0xfe, 0xe0, 0xfe, 0xe0, 0xfe, 0xe0, 0xfe, 0xe0, 0xfe, 0xe0, 0xfe, 0xe0,
	0xfe, 0xe0, 0xfe, 0xe0, 0xfe, 0x00, 0xff, 0x01, 0xff, 0x01, 0xff, 0x01, 0xff, 0x01, 0xff, 0x01, 0xff, 0x01, 0xff, 0x01,
	0xff, 0x01, 0xff, 0x01, 0xff, 0x21, 0xff, 0xe2, 0xfe, 0x21, 0x31, 0x36, 0x31, 0x18, 0x63, 0x39, 0x04, 0xff, 0xe1, 0xfe,
	0xe1, 0xfe, 0xe1, 0xfe, 0x01, 0xff, 0x01, 0xff, 0x01, 0xff, 0x01, 0xff, 0x01, 0xff, 0x01, 0xff, 0x01, 0xff, 0x00, 0xff,
	0x00, 0xff, 0x00, 0xff, 0x00, 0xff, 0x00, 0xff, 0xe0, 0xfe, 0xe0, 0xfe, 0xe0, 0xfe, 0xe0, 0xfe, 0xc0, 0xfe, 0x60, 0xff,
	0x25, 0x9c, 0x37, 0x17, 0x18, 0xe1, 0x20, 0x63, 0xee, 0xc0, 0xfe, 0xa0, 0xfe, 0xa0, 0xfe, 0xa0, 0xfe, 0xa0, 0xfe, 0xa0,
	0xfe, 0xa0, 0xfe, 0xa0, 0xfe, 0xa0, 0xfe, 0xc0, 0xfe, 0xa0, 0xfe, 0xa0, 0xfe, 0xa0, 0xfe, 0xa0, 0xfe, 0xa0, 0xfe, 0xa0,
	0xfe, 0xa0, 0xfe, 0xc0, 0xfe, 0xa0, 0xfe, 0x00, 0xff, 0x43, 0xcd, 0x40, 0x10, 0x37, 0x31, 0x18, 0x82, 0x10, 0xa3, 0xd5,
	0xe0, 0xfe, 0xa0, 0xfe, 0xa0, 0xfe, 0xa0, 0xfe, 0xa0, 0xfe, 0xa0, 0xfe, 0xa0, 0xfe, 0xa0, 0xfe, 0xa0, 0xfe, 0xc0, 0xfe,
	0xc0, 0xfe, 0xc0, 0xfe, 0xa0, 0xfe, 0xa0, 0xfe, 0xa0, 0xfe, 0xc0, 0xfe, 0xc0, 0xfe, 0xc0, 0xfe, 0xc0, 0xfe, 0xe0, 0xfe,
	0x63, 0xee, 0x22, 0x29, 0x38, 0x18, 0x16, 0xe3, 0x51, 0xe2, 0xfe, 0xc0, 0xfe, 0xc0, 0xfe, 0xc0, 0xfe, 0xc0, 0xfe, 0xc0,
	0xfe, 0xc0, 0xfe, 0xc0, 0xfe, 0xc0, 0xfe, 0xc0, 0xfe, 0xc0, 0xfe, 0xc0, 0xfe, 0xc0, 0xfe, 0xc0, 0xfe, 0xc0, 0xfe, 0xc0,
	0xfe, 0xc0, 0xfe, 0xc0, 0xfe, 0xc0, 0xfe, 0x82, 0xff, 0xa4, 0x5a, 0x38, 0x32, 0x16, 0xa4, 0x6a, 0x82, 0xff, 0xa0, 0xfe,
	0xc0, 0xfe, 0xc0, 0xfe, 0xc0, 0xfe, 0xc0, 0xfe, 0xc0, 0xfe, 0xc0, 0xfe, 0xc0, 0xfe, 0xc0, 0xfe, 0xc0, 0xfe, 0xc0, 0xfe,
	0xc0, 0xfe, 0xc0, 0xfe, 0xc0, 0xfe, 0xc0, 0xfe, 0xc0, 0xfe, 0xc0, 0xfe, 0xc0, 0xfe, 0x02, 0xff, 0xa2, 0x49, 0x39, 0x18,
	0x15, 0x21, 0x08, 0x44, 0xcd, 0x00, 0xff, 0xa0, 0xfe, 0xc0, 0xfe, 0xc0, 0xfe, 0xc0, 0xfe, 0xc0, 0xfe, 0xc0, 0xfe, 0xc0,
	0xfe, 0xc0, 0xfe, 0xc0, 0xfe, 0xc0, 0xfe, 0xc0, 0xfe, 0xc0, 0xfe, 0xc0, 0xfe, 0xc0, 0xfe, 0xc0, 0xfe, 0xa0, 0xfe, 0x00,
	0xff, 0x24, 0xa4, 0x39, 0x32, 0x16, 0x20, 0x08, 0x03, 0x9c, 0x00, 0xff, 0xa0, 0xfe, 0xc0, 0xfe, 0xc0, 0xfe, 0xc0, 0xfe,
	0xc0, 0xfe, 0xc0, 0xfe, 0xc0, 0xfe, 0xc0, 0xfe, 0xc0, 0xfe, 0xc0, 0xfe, 0xc0, 0xfe, 0xc0, 0xfe, 0xc0, 0xfe, 0xc0, 0xfe,
	0xc0, 0xfe, 0xa0, 0xfe, 0x20, 0xff, 0x23, 0xc5, 0x21, 0x08, 0x3a, 0x19, 0x14, 0x63, 0x5a, 0x43, 0xff, 0xc0, 0xfe, 0xc0,
	0xfe, 0xc0, 0xfe, 0xc0, 0xfe, 0xc0, 0xfe, 0xc0, 0xfe, 0xc0, 0xfe, 0xc0, 0xfe, 0xc0, 0xfe, 0xc0, 0xfe, 0xc0, 0xfe, 0xc0,
	0xfe, 0xc0, 0xfe, 0xc0, 0xfe, 0xc0, 0xfe, 0xe0, 0xfe, 0xa5, 0xf6, 0x02, 0x29, 0x3a, 0x33, 0x14, 0xc2, 0x18, 0x85, 0xf6,
	0xc0, 0xfe, 0xc0, 0xfe, 0xc0, 0xfe, 0xc0, 0xfe, 0xc0, 0xfe, 0xc0, 0xfe, 0xc0, 0xfe, 0xc0, 0xfe, 0xc0, 0xfe, 0xc0, 0xfe,
	0xc0, 0xfe, 0xc0, 0xfe, 0xc0, 0xfe, 0xc0, 0xfe, 0xa0, 0xfe, 0xa0, 0xfe, 0x63, 0xff, 0x43, 0x5a, 0x3b, 0x1a, 0x12, 0x03,
	0x73, 0x01, 0xff, 0xa0, 0xfe, 0xc0, 0xfe, 0xc0, 0xfe, 0xc0, 0xfe, 0xc0, 0xfe, 0xc0, 0xfe, 0xc0, 0xfe, 0xc0, 0xfe, 0xc0,
	0xfe, 0xc0, 0xfe, 0xc0, 0xfe, 0xc0, 0xfe, 0xc0, 0xfe, 0xe0, 0xfe, 0xc3, 0xf6, 0xc3, 0x49, 0x3b, 0x34, 0x12, 0xe3, 0x49,
	0xa2, 0xf6, 0xc0, 0xfe, 0xc0, 0xfe, 0xc0, 0xfe, 0xc0, 0xfe, 0xc0, 0xfe, 0xc0, 0xfe, 0xc0, 0xfe, 0xc0, 0xfe, 0xc0, 0xfe,
	0xc0, 0xfe, 0xc0, 0xfe, 0xc0, 0xfe, 0xc0, 0xfe, 0xa0, 0xfe, 0x01, 0xff, 0x85, 0x8b, 0x3c, 0x1a, 0x11, 0x82, 0x10, 0x44,
	0xee, 0x00, 0xff, 0xc0, 0xfe, 0xc0, 0xfe, 0xc0, 0xfe, 0xc0, 0xfe, 0xc0, 0xfe, 0xc0, 0xfe, 0xc0, 0xfe, 0xc0, 0xfe, 0xc0,
	0xfe, 0xc0, 0xfe, 0xc0, 0xfe, 0xa0, 0xfe, 0x00, 0xff, 0x04, 0xbd, 0x3c, 0x35, 0x11, 0xe5, 0xbc, 0x00, 0xff, 0xc0, 0xfe,
	0xc0, 0xfe, 0xc0, 0xfe, 0xc0, 0xfe, 0xc0, 0xfe, 0xc0, 0xfe, 0xc0, 0xfe, 0xc0, 0xfe, 0xc0, 0xfe, 0xc0, 0xfe, 0xc0, 0xfe,
	0xc0, 0xfe, 0x00, 0xff, 0x44, 0xee, 0x82, 0x10, 0x3d, 0x1b, 0x10, 0x63, 0x31, 0xc3, 0xf6, 0xe0, 0xfe, 0xc0, 0xfe, 0xc0,
	0xfe, 0xc0, 0xfe, 0xc0, 0xfe, 0xc0, 0xfe, 0xc0, 0xfe, 0xc0, 0xfe, 0xc0, 0xfe, 0xc0, 0xfe, 0xc0, 0xfe, 0xc0, 0xfe, 0x43,
	0xff, 0xc3, 0x41, 0x3d, 0x35, 0x10, 0xa3, 0x41, 0x43, 0xff, 0xc0, 0xfe, 0xc0, 0xfe, 0xc0, 0xfe, 0xc0, 0xfe, 0xc0, 0xfe,
	0xc0, 0xfe, 0xc0, 0xfe, 0xc0, 0xfe, 0xc0, 0xfe, 0xc0, 0xfe, 0xc0, 0xfe, 0xe0, 0xfe, 0xa3, 0xf6, 0x43, 0x31, 0x3e, 0x1c,
	0x0f, 0x44, 0xa4, 0x00, 0xff, 0xc0, 0xfe, 0xc0, 0xfe, 0xc0, 0xfe, 0xc0, 0xfe, 0xc0, 0xfe, 0xc0, 0xfe, 0xc0, 0xfe, 0xc0,
	0xfe, 0xc0, 0xfe, 0xc0, 0xfe, 0xe0, 0xfe, 0x63, 0x83, 0x40, 0x08, 0x3e, 0x35, 0x0f, 0x20, 0x08, 0x43, 0x83, 0x21, 0xff,
	0xc0, 0xfe, 0xc0, 0xfe, 0xc0, 0xfe, 0xc0, 0xfe, 0xc0, 0xfe, 0xc0, 0xfe, 0xc0, 0xfe, 0xc0, 0xfe, 0xc0, 0xfe, 0xa0, 0xfe,
	0x00, 0xff, 0x84, 0xb4, 0x3f, 0x1c, 0x0d, 0xc1, 0x20, 0xc3, 0xfe, 0xe0, 0xfe, 0xa0, 0xfe, 0xc0, 0xfe, 0xc0, 0xfe, 0xc0,
	0xfe, 0xc0, 0xfe, 0xc0, 0xfe, 0xc0, 0xfe, 0xc0, 0xfe, 0x00, 0xff, 0xa4, 0xd5, 0x3f, 0x36, 0x0e, 0x01, 0x00, 0x04, 0xde,
	0xe0, 0xfe, 0xc0, 0xfe, 0xc0, 0xfe, 0xc0, 0xfe, 0xc0, 0xfe, 0xc0, 0xfe, 0xc0, 0xfe, 0xc0, 0xfe, 0xc0, 0xfe, 0xe0, 0xfe,
	0x04, 0xff, 0x42, 0x31, 0x40, 0x1d, 0x0c, 0xa4, 0x62, 0xa1, 0xfe, 0xc0, 0xfe, 0xc0, 0xfe, 0xc0, 0xfe, 0xc0, 0xfe, 0xc0,
	0xfe, 0xc0, 0xfe, 0xc0, 0xfe, 0xc0, 0xfe, 0x82, 0xff, 0xa4, 0x62, 0x40, 0x37, 0x0c, 0xa3, 0x62, 0x81, 0xff, 0xa0, 0xfe,
	0xc0, 0xfe, 0xc0, 0xfe, 0xc0, 0xfe, 0xc0, 0xfe, 0xc0, 0xfe, 0xc0, 0xfe, 0xc0, 0xfe, 0xc1, 0xfe, 0x83, 0x5a, 0x41, 0x1e,
	0x0b, 0x85, 0xd5, 0xe0, 0xfe, 0xa0, 0xfe, 0xc0, 0xfe, 0xc0, 0xfe, 0xc0, 0xfe, 0xc0, 0xfe, 0xa0, 0xfe, 0xe0, 0xfe, 0x04,
	0xbd, 0x81, 0x10, 0x41, 0x37, 0x0b, 0x81, 0x10, 0x24, 0xc5, 0x00, 0xff, 0xc0, 0xfe, 0xc0, 0xfe, 0xc0, 0xfe, 0xc0, 0xfe,
	0xc0, 0xfe, 0xc0, 0xfe, 0x00, 0xff, 0x84, 0xd5, 0x42, 0x1e, 0x0a, 0x83, 0x62, 0x62, 0xff, 0xc0, 0xfe, 0xc0, 0xfe, 0xc0,
	0xfe, 0xc0, 0xfe, 0xc0, 0xfe, 0xe0, 0xfe, 0xe3, 0xfe, 0xe2, 0x28, 0x42, 0x38, 0x0a, 0xa2, 0x20, 0xc4, 0xfe, 0x00, 0xff,
	0xe0, 0xfe, 0xe0, 0xfe, 0xc0, 0xfe, 0xe0, 0xfe, 0xc0, 0xfe, 0x62, 0xff, 0x43, 0x5a, 0x43, 0x1e, 0x09, 0x61, 0x10, 0x84,
	0xac, 0x20, 0xff, 0xc0, 0xfe, 0xc0, 0xfe, 0xc0, 0xfe, 0xc0, 0xfe, 0xc1, 0xf6, 0x24, 0x7b, 0x43, 0x39, 0x09, 0x24, 0x7b,
	0xe1, 0xfe, 0xc0, 0xfe, 0xc0, 0xfe, 0xc0, 0xfe, 0xc0, 0xfe, 0x00, 0xff, 0x64, 0xac, 0x61, 0x10, 0x44, 0x1f, 0x07, 0x62,
	0x10, 0x64, 0xee, 0xc0, 0xfe, 0xc0, 0xfe, 0xa0, 0xfe, 0x20, 0xff, 0x25, 0xbd, 0x44, 0x3a, 0x07, 0x24, 0xc5, 0x00, 0xff,
	0xa0, 0xfe, 0xc0, 0xfe, 0xc0, 0xfe, 0x65, 0xee, 0x62, 0x10, 0x45, 0x20, 0x06, 0x44, 0x7b, 0x61, 0xff, 0xa0, 0xfe, 0xc0,
	0xfe, 0x21, 0xff, 0xc3, 0x41, 0x45, 0x3a, 0x06, 0xc4, 0x41, 0x43, 0xff, 0xc0, 0xfe, 0xa0, 0xfe, 0x61, 0xff, 0x65, 0x7b,
	0x46, 0x20, 0x06, 0xe2, 0x20, 0xa4, 0xd5, 0xe0, 0xfe, 0x00, 0xff, 0x84, 0xb4, 0x40, 0x08, 0x46, 0x3b, 0x05, 0x84, 0xa4,
	0x00, 0xff, 0xe0, 0xfe, 0xc4, 0xd5, 0xc2, 0x18, 0x47, 0x21, 0x04, 0xc1, 0x28, 0xe2, 0xfe, 0xc2, 0xdd, 0x00, 0x08, 0x47,
	0x3b, 0x04, 0x01, 0x00, 0x24, 0xde, 0x63, 0xff, 0x23, 0x31, 0x48, 0x22, 0x02, 0x05, 0x9c, 0xe4, 0x6a, 0x48, 0x3c, 0x02,
	0x04, 0x73, 0x46, 0x9c, 0x15, 0x33, 0x09, 0x81, 0x10, 0x80, 0x10, 0x81, 0x10, 0x80, 0x10, 0x80, 0x10, 0x80, 0x10, 0x80,
	0x10, 0xe1, 0x20, 0xc2, 0x18, 0x16, 0x2a, 0x12, 0x40, 0x08, 0x21, 0x31, 0x41, 0x31, 0x41, 0x31, 0x21, 0x31, 0x21, 0x31,
	0x21, 0x39, 0x21, 0x39, 0xa2, 0x49, 0x41, 0x62, 0x20, 0x62, 0x20, 0x62, 0x40, 0x62, 0x20, 0x5a, 0x41, 0x5a, 0x40, 0x5a,
	0x40, 0x62, 0xc1, 0x49, 0x17, 0x22, 0x1b, 0x82, 0x10, 0xc3, 0x49, 0xc1, 0x51, 0xc0, 0x51, 0xe0, 0x51, 0xe0, 0x59, 0xe0,
	0x59, 0xe0, 0x59, 0xe0, 0x59, 0x20, 0x6a, 0x20, 0x6a, 0x40, 0x6a, 0x40, 0x6a, 0x40, 0x6a, 0x40, 0x72, 0x40, 0x72, 0x20,
	0x6a, 0x00, 0x62, 0x00, 0x62, 0xe0, 0x61, 0xe0, 0x59, 0xe0, 0x59, 0x00, 0x5a, 0xe0, 0x61, 0xe0, 0x61, 0x00, 0x62, 0xc0,
	0x20, 0x18, 0x23, 0x1a, 0xa0, 0x18, 0x20, 0x62, 0x20, 0x6a, 0x00, 0x6a, 0x20, 0x6a, 0x20, 0x62, 0x20, 0x62, 0x20, 0x62,
	0x00, 0x62, 0x00, 0x62, 0xc0, 0x61, 0x80, 0x59, 0x80, 0x59, 0xa0, 0x59, 0xa0, 0x61, 0x80, 0x59, 0x80, 0x61, 0xa0, 0x61,
	0x61, 0x72, 0x81, 0x7a, 0x61, 0x7a, 0x61, 0x82, 0x61, 0x82, 0x61, 0x82, 0x81, 0x82, 0xa1, 0x41, 0x19, 0x24, 0x19, 0xa1,
	0x49, 0x00, 0x6a, 0xc0, 0x69, 0xe0, 0x69, 0xc0, 0x61, 0xc0, 0x61, 0xc0, 0x61, 0xc0, 0x61, 0xa0, 0x61, 0x01, 0x93, 0x02,
	0xac, 0xe2, 0xab, 0xe2, 0xab, 0xe2, 0xa3, 0xe2, 0xab, 0xc2, 0xab, 0xe1, 0xb3, 0x42, 0xf6, 0xa2, 0xfe, 0xa2, 0xfe, 0xa2,
	0xfe, 0xa2, 0xfe, 0x81, 0xfe, 0xc5, 0xfe, 0x63, 0x39, 0x1a, 0x24, 0x19, 0x20, 0x08, 0x82, 0x72, 0xe4, 0xdd, 0xa2, 0xdd,
	0x82, 0xdd, 0xa2, 0xdd, 0xa2, 0xdd, 0xa2, 0xdd, 0x82, 0xdd, 0x81, 0xfe, 0x41, 0xff, 0x20, 0xff, 0x20, 0xff, 0x20, 0xff,
	0x00, 0xff, 0x20, 0xff, 0x20, 0xff, 0xe0, 0xfe, 0xe0, 0xfe, 0xc0, 0xfe, 0xe0, 0xfe, 0xc0, 0xfe, 0x60, 0xff, 0xc5, 0xb4,
	0x41, 0x08, 0x1b, 0x25, 0x17, 0xe3, 0x49, 0x42, 0xff, 0xe0, 0xfe, 0x00, 0xff, 0x00, 0xff, 0x00, 0xff, 0x00, 0xff, 0x00,
	0xff, 0xc0, 0xfe, 0xa0, 0xfe, 0xa0, 0xfe, 0xa0, 0xfe, 0xc0, 0xfe, 0xa0, 0xfe, 0xa0, 0xfe, 0xa0, 0xfe, 0xc0, 0xfe, 0xc0,
	0xfe, 0xc0, 0xfe, 0xc0, 0xfe, 0xc0, 0xfe, 0xc2, 0xf6, 0xc3, 0x41, 0x1c, 0x25, 0x16, 0x40, 0x08, 0xc3, 0xbc, 0x20, 0xff,
	0xa0, 0xfe, 0xa0, 0xfe, 0xa0, 0xfe, 0xa0, 0xfe, 0xa0, 0xfe, 0xc0, 0xfe, 0xc0, 0xfe, 0xc0, 0xfe, 0xc0, 0xfe, 0xc0, 0xfe,
	0xc0, 0xfe, 0xc0, 0xfe, 0xc0, 0xfe, 0xc0, 0xfe, 0xc0, 0xfe, 0xc0, 0xfe, 0xa0, 0xfe, 0x20, 0xff, 0xe6, 0xbc, 0x1d, 0x26,
	0x15, 0xe3, 0x49, 0xc2, 0xfe, 0xc0, 0xfe, 0xc0, 0xfe, 0xc0, 0xfe, 0xc0, 0xfe, 0xc0, 0xfe, 0xc0, 0xfe, 0xc0, 0xfe, 0xc0,
	0xfe, 0xc0, 0xfe, 0xc0, 0xfe, 0xc0, 0xfe, 0xc0, 0xfe, 0xc0, 0xfe, 0xc0, 0xfe, 0xc0, 0xfe, 0xc0, 0xfe, 0xc0, 0xfe, 0x02,
	0xff, 0xc3, 0x49, 0x1e, 0x27, 0x13, 0x05, 0xc5, 0x00, 0xff, 0xc0, 0xfe, 0xc0, 0xfe, 0xc0, 0xfe, 0xc0, 0xfe, 0xc0, 0xfe,
	0xc0, 0xfe, 0xc0, 0xfe, 0xc0, 0xfe, 0xc0, 0xfe, 0xc0, 0xfe, 0xc0, 0xfe, 0xc0, 0xfe, 0xc0, 0xfe, 0xc0, 0xfe, 0xa0, 0xfe,
	0x40, 0xff, 0xa4, 0xb4, 0x1f, 0x27, 0x13, 0x03, 0x4a, 0x02, 0xff, 0xa0, 0xfe, 0xc0, 0xfe, 0xc0, 0xfe, 0xc0, 0xfe, 0xc0,
	0xfe, 0xc0, 0xfe, 0xc0, 0xfe, 0xc0, 0xfe, 0xc0, 0xfe, 0xc0, 0xfe, 0xc0, 0xfe, 0xc0, 0xfe, 0xc0, 0xfe, 0xc0, 0xfe, 0xc0,
	0xfe, 0xe2, 0xfe, 0xa3, 0x41, 0x20, 0x28, 0x11, 0xe4, 0xbc, 0x20, 0xff, 0xa0, 0xfe, 0xc0, 0xfe, 0xc0, 0xfe, 0xc0, 0xfe,
	0xc0, 0xfe, 0xc0, 0xfe, 0xc0, 0xfe, 0xc0, 0xfe, 0xc0, 0xfe, 0xc0, 0xfe, 0xc0, 0xfe, 0xc0, 0xfe, 0xa0, 0xfe, 0x20, 0xff,
	0xe4, 0xb4, 0x21, 0x28, 0x11, 0xe2, 0x51, 0xe1, 0xfe, 0xa0, 0xfe, 0xc0, 0xfe, 0xc0, 0xfe, 0xc0, 0xfe, 0xc0, 0xfe, 0xc0,
	0xfe, 0xc0, 0xfe, 0xc0, 0xfe, 0xc0, 0xfe, 0xc0, 0xfe, 0xc0, 0xfe, 0xc0, 0xfe, 0xc0, 0xfe, 0xe3, 0xf6, 0xc4, 0x41, 0x22,
	0x29, 0x0f, 0x04, 0xbd, 0x20, 0xff, 0xa0, 0xfe, 0xc0, 0xfe, 0xc0, 0xfe, 0xc0, 0xfe, 0xc0, 0xfe, 0xc0, 0xfe, 0xc0, 0xfe,
	0xc0, 0xfe, 0xc0, 0xfe, 0xc0, 0xfe, 0xa0, 0xfe, 0x20, 0xff, 0xc4, 0xb4, 0x23, 0x29, 0x0f, 0x24, 0x4a, 0xe2, 0xf6, 0xa0,
	0xfe, 0xc0, 0xfe, 0xc0, 0xfe, 0xc0, 0xfe, 0xc0, 0xfe, 0xc0, 0xfe, 0xc0, 0xfe, 0xc0, 0xfe, 0xc0, 0xfe, 0xc0, 0xfe, 0xc0,
	0xfe, 0x01, 0xff, 0xa2, 0x41, 0x24, 0x2a, 0x0e, 0x24, 0xc5, 0x20, 0xff, 0xa0, 0xfe, 0xc0, 0xfe, 0xc0, 0xfe, 0xc0, 0xfe,
	0xc0, 0xfe, 0xc0, 0xfe, 0xc0, 0xfe, 0xc0, 0xfe, 0xc0, 0xfe, 0x00, 0xff, 0xa4, 0xb4, 0x21, 0x00, 0x25, 0x2a, 0x0d, 0xc3,
	0x41, 0x02, 0xff, 0xa0, 0xfe, 0xa0, 0xfe, 0xc0, 0xfe, 0xc0, 0xfe, 0xc0, 0xfe, 0xc0, 0xfe, 0xc0, 0xfe, 0xa0, 0xfe, 0x00,
	0xff, 0xc4, 0xd5, 0x21, 0x08, 0x26, 0x2a, 0x0c, 0x41, 0x08, 0xe4, 0xbc, 0x20, 0xff, 0xa0, 0xfe, 0xc0, 0xfe, 0xc0, 0xfe,
	0xc0, 0xfe, 0xc0, 0xfe, 0xc0, 0xfe, 0xa0, 0xfe, 0x22, 0xff, 0xc4, 0x6a, 0x27, 0x2b, 0x0b, 0x24, 0x52, 0xe2, 0xf6, 0xc0,
	0xfe, 0xc0, 0xfe, 0xc0, 0xfe, 0xc0, 0xfe, 0xc0, 0xfe, 0xa0, 0xfe, 0x00, 0xff, 0xc3, 0xdd, 0x81, 0x10, 0x28, 0x2c, 0x09,
	0x45, 0xc5, 0x00, 0xff, 0xa0, 0xfe, 0xc0, 0xfe, 0xc0, 0xfe, 0xa0, 0xfe, 0xa0, 0xfe, 0x41, 0xff, 0xe4, 0x72, 0x29, 0x2c,
	0x09, 0xc4, 0x41, 0x02, 0xff, 0xa0, 0xfe, 0xc0, 0xfe, 0xc0, 0xfe, 0xa0, 0xfe, 0xe0, 0xfe, 0xc5, 0xdd, 0x41, 0x08, 0x2a,
	0x2c, 0x08, 0x41, 0x08, 0xe2, 0xbc, 0x20, 0xff, 0xa0, 0xfe, 0xc0, 0xfe, 0xa0, 0xfe, 0x42, 0xff, 0x84, 0x62, 0x2b, 0x2d,
	0x07, 0x03, 0x52, 0xe2, 0xfe, 0xc0, 0xfe, 0xa0, 0xfe, 0x00, 0xff, 0xc4, 0xd5, 0x82, 0x10, 0x2c, 0x2e, 0x05, 0x24, 0xc5,
	0x00, 0xff, 0xa0, 0xfe, 0x00, 0xff, 0xe3, 0x6a, 0x2d, 0x2e, 0x05, 0xe3, 0x49, 0x02, 0xff, 0xe0, 0xfe, 0xc4, 0xdd, 0x41,
	0x08, 0x2e, 0x2e, 0x04, 0x41, 0x08, 0x05, 0xbd, 0xe1, 0xff, 0xe4, 0x6a, 0x2f, 0x24, 0x19, 0x20, 0x08, 0x60, 0x10, 0x61,
	0x39, 0x41, 0x39, 0x41, 0x39, 0x41, 0x39, 0x40, 0x39, 0x40, 0x39, 0x61, 0x39, 0x81, 0x41, 0x21, 0x31, 0x03, 0x52, 0x26,
	0xb5, 0xc2, 0x51, 0x61, 0x39, 0x41, 0x39, 0x41, 0x39, 0x61, 0x39, 0x41, 0x39, 0x41, 0x39, 0x41, 0x39, 0x61, 0x39, 0x60,
	0x18, 0x20, 0x08, 0x20, 0x08, 0x30, 0x16, 0x34, 0xe1, 0x20, 0xc0, 0x20, 0xa0, 0x18, 0xa1, 0x18, 0xc1, 0x20, 0xc1, 0x20,
	0xc0, 0x20, 0xc0, 0x20, 0xc1, 0x49, 0xe1, 0x51, 0xe1, 0x51, 0xe1, 0x59, 0xe1, 0x59, 0xe1, 0x59, 0xe1, 0x59, 0xe0, 0x61,
	0x20, 0x6a, 0x20, 0x6a, 0x20, 0x6a, 0x40, 0x72, 0x40, 0x72, 0x40, 0x72, 0x40, 0x72, 0x20, 0x62, 0x40, 0x62, 0x61, 0x10,
	0x81, 0x20, 0x20, 0x6a, 0x40, 0x6a, 0x40, 0x6a, 0x40, 0x6a, 0x40, 0x6a, 0x40, 0x6a, 0x40, 0x6a, 0x20, 0x6a, 0x20, 0x6a,
	0xe0, 0x61, 0xc0, 0x59, 0xe0, 0x59, 0xc1, 0x59, 0xc1, 0x59, 0xe1, 0x59, 0xe1, 0x59, 0xc1, 0x51, 0xc0, 0x28, 0xc0, 0x20,
	0xc0, 0x20, 0xc1, 0x20, 0xc0, 0x20, 0xa0, 0x18, 0xa0, 0x18, 0xe1, 0x20, 0x31, 0x16, 0x34, 0x61, 0x39, 0x60, 0x6a, 0x00,
	0x62, 0x20, 0x62, 0x40, 0x62, 0x20, 0x62, 0x40, 0x62, 0x40, 0x6a, 0x20, 0x62, 0x20, 0x6a, 0x20, 0x6a, 0x20, 0x6a, 0x20,
	0x6a, 0x20, 0x6a, 0x20, 0x62, 0x20, 0x62, 0x00, 0x62, 0x00, 0x62, 0xc0, 0x61, 0x80, 0x59, 0x80, 0x59, 0x80, 0x59, 0x80,
	0x61, 0x80, 0x61, 0xa0, 0x59, 0xc1, 0x49, 0xa0, 0x59, 0xc0, 0x69, 0xa0, 0x61, 0xa0, 0x59, 0x80, 0x59, 0x80, 0x59, 0x80,
	0x59, 0xc0, 0x61, 0x00, 0x62, 0x00, 0x62, 0x00, 0x62, 0x20, 0x62, 0x20, 0x62, 0x20, 0x62, 0x00, 0x62, 0x20, 0x6a, 0x20,
	0x6a, 0x20, 0x6a, 0x40, 0x6a, 0x40, 0x6a, 0x40, 0x6a, 0x40, 0x6a, 0x40, 0x6a, 0x40, 0x62, 0x60, 0x62, 0x62, 0x39, 0x32,
	0x17, 0x32, 0xe1, 0x51, 0x00, 0x62, 0xc0, 0x59, 0xc0, 0x59, 0xc0, 0x59, 0xc0, 0x61, 0xc0, 0x61, 0xc0, 0x61, 0xc0, 0x61,
	0xc0, 0x61, 0xc0, 0x61, 0xc0, 0x61, 0xc0, 0x69, 0xc0, 0x69, 0xc0, 0x69, 0xc0, 0x69, 0xa0, 0x69, 0x61, 0x9b, 0x22, 0xb4,
	0x22, 0xb4, 0x22, 0xb4, 0x42, 0xb4, 0x02, 0xac, 0x62, 0xb4, 0x61, 0x6a, 0x41, 0x6a, 0x62, 0xbc, 0x02, 0xb4, 0x02, 0xb4,
	0x02, 0xb4, 0x02, 0xb4, 0x42, 0xb4, 0x22, 0x93, 0xa0, 0x69, 0xe0, 0x69, 0xc0, 0x69, 0xc0, 0x69, 0xc0, 0x69, 0xc0, 0x69,
	0xc0, 0x69, 0xc0, 0x69, 0xc0, 0x69, 0xc0, 0x61, 0xc0, 0x61, 0xc0, 0x59, 0xc0, 0x59, 0xc0, 0x59, 0xc0, 0x59, 0x00, 0x5a,
	0xe1, 0x49, 0x33, 0x17, 0x32, 0xc1, 0x20, 0x21, 0x6a, 0xc1, 0x82, 0xe1, 0x8a, 0xe1, 0x82, 0xe1, 0x8a, 0xe1, 0x8a, 0xc2,
	0x8a, 0xa2, 0x82, 0xe2, 0xab, 0xe4, 0xe5, 0xc2, 0xdd, 0xe2, 0xe5, 0xc2, 0xe5, 0xc2, 0xe5, 0xc2, 0xe5, 0xc2, 0xe5, 0xc0,
	0xfe, 0x40, 0xff, 0x20, 0xff, 0x40, 0xff, 0x20, 0xff, 0x20, 0xff, 0x63, 0xff, 0xa3, 0x41, 0xa3, 0x39, 0x63, 0xff, 0x20,
	0xff, 0x00, 0xff, 0x00, 0xff, 0x20, 0xff, 0x40, 0xff, 0xa2, 0xfe, 0xc2, 0xe5, 0xc2, 0xe5, 0xc2, 0xe5, 0xc2, 0xe5, 0xc2,
	0xe5, 0xc1, 0xe5, 0x02, 0xe6, 0xe2, 0xb3, 0xc1, 0x92, 0xe1, 0x92, 0xc1, 0x8a, 0xc1, 0x8a, 0xc1, 0x8a, 0xc1, 0x8a, 0xc1,
	0x82, 0x40, 0x62, 0xc1, 0x20, 0x34, 0x18, 0x17, 0x62, 0x41, 0xe3, 0xfe, 0xe1, 0xfe, 0xc1, 0xfe, 0xe1, 0xfe, 0xe1, 0xfe,
	0xc1, 0xfe, 0xc2, 0xfe, 0xe0, 0xfe, 0xe0, 0xfe, 0x00, 0xff, 0x00, 0xff, 0x00, 0xff, 0x00, 0xff, 0x00, 0xff, 0x00, 0xff,
	0xc0, 0xfe, 0xa0, 0xfe, 0xa0, 0xfe, 0xa0, 0xfe, 0xa0, 0xfe, 0x00, 0xff, 0xe4, 0xb4, 0x34, 0x31, 0x17, 0xc4, 0xb4, 0x20,
	0xff, 0xa0, 0xfe, 0xa0, 0xfe, 0xa0, 0xfe, 0xa0, 0xfe, 0xc0, 0xfe, 0x00, 0xff, 0xe0, 0xfe, 0xe0, 0xfe, 0x00, 0xff, 0x00,
	0xff, 0x00, 0xff, 0x20, 0xff, 0x01, 0xff, 0xe1, 0xfe, 0xe1, 0xfe, 0xe1, 0xfe, 0xe1, 0xfe, 0xc1, 0xfe, 0xe1, 0xfe, 0xe4,
	0xfe, 0x42, 0x31, 0x35, 0x18, 0x17, 0x61, 0x10, 0x83, 0xd5, 0xe0, 0xfe, 0xa0, 0xfe, 0xa0, 0xfe, 0xa0, 0xfe, 0xa0, 0xfe,
	0xa0, 0xfe, 0xa0, 0xfe, 0xa0, 0xfe, 0xa0, 0xfe, 0xa0, 0xfe, 0xa0, 0xfe, 0xa0, 0xfe, 0xa0, 0xfe, 0xa0, 0xfe, 0xc0, 0xfe,
	0xc0, 0xfe, 0xc0, 0xfe, 0xc0, 0xfe, 0xc0, 0xfe, 0xe3, 0xfe, 0x83, 0x39, 0x35, 0x31, 0x17, 0x83, 0x39, 0x02, 0xff, 0xc0,
	0xfe, 0xc0, 0xfe, 0xc0, 0xfe, 0xc0, 0xfe, 0xc0, 0xfe, 0xc0, 0xfe, 0xc0, 0xfe, 0xa0, 0xfe, 0xa0, 0xfe, 0xc0, 0xfe, 0xc0,
	0xfe, 0xc0, 0xfe, 0xc0, 0xfe, 0xc0, 0xfe, 0xc0, 0xfe, 0xc0, 0xfe, 0xa0, 0xfe, 0xa0, 0xfe, 0x00, 0xff, 0xa3, 0xd5, 0x61,
	0x08, 0x36, 0x19, 0x15, 0x84, 0x62, 0x22, 0xff, 0xa0, 0xfe, 0xa0, 0xfe, 0xa0, 0xfe, 0xa0, 0xfe, 0xa0, 0xfe, 0xa0, 0xfe,
	0xa0, 0xfe, 0xc0, 0xfe, 0xc0, 0xfe, 0xc0, 0xfe, 0xc0, 0xfe, 0xc0, 0xfe, 0xc0, 0xfe, 0xc0, 0xfe, 0xc0, 0xfe, 0xc0, 0xfe,
	0xa0, 0xfe, 0x40, 0xff, 0xa4, 0xb4, 0x36, 0x31, 0x16, 0x21, 0x00, 0xc3, 0xb4, 0x40, 0xff, 0xa0, 0xfe, 0xc0, 0xfe, 0xc0,
	0xfe, 0xc0, 0xfe, 0xc0, 0xfe, 0xc0, 0xfe, 0xc0, 0xfe, 0xc0, 0xfe, 0xc0, 0xfe, 0xc0, 0xfe, 0xc0, 0xfe, 0xc0, 0xfe, 0xc0,
	0xfe, 0xc0, 0xfe, 0xc0, 0xfe, 0xc0, 0xfe, 0xc0, 0xfe, 0x41, 0xff, 0x82, 0x62, 0x37, 0x19, 0x15, 0x41, 0x08, 0x84, 0xd5,
	0x00, 0xff, 0xa0, 0xfe, 0xc0, 0xfe, 0xc0, 0xfe, 0xc0, 0xfe, 0xc0, 0xfe, 0xc0, 0xfe, 0xc0, 0xfe, 0xc0, 0xfe, 0xc0, 0xfe,
	0xc0, 0xfe, 0xc0, 0xfe, 0xc0, 0xfe, 0xc0, 0xfe, 0xc0, 0xfe, 0xc0, 0xfe, 0xc0, 0xfe, 0xe2, 0xf6, 0xe3, 0x41, 0x37, 0x32,
	0x15, 0xc3, 0x41, 0xc2, 0xf6, 0xc0, 0xfe, 0xc0, 0xfe, 0xa0, 0xfe, 0xa0, 0xfe, 0xc0, 0xfe, 0xc0, 0xfe, 0xc0, 0xfe, 0xc0,
	0xfe, 0xc0, 0xfe, 0xc0, 0xfe, 0xc0, 0xfe, 0xc0, 0xfe, 0xc0, 0xfe, 0xc0, 0xfe, 0xa0, 0xfe, 0xa0, 0xfe, 0x20, 0xff, 0xa4,
	0xd5, 0x41, 0x08, 0x38, 0x1a, 0x13, 0x84, 0x62, 0x21, 0xff, 0xc0, 0xfe, 0xc0, 0xfe, 0xc0, 0xfe, 0xc0, 0xfe, 0xc0, 0xfe,
	0xc0, 0xfe, 0xc0, 0xfe, 0xc0, 0xfe, 0xc0, 0xfe, 0xc0, 0xfe, 0xc0, 0xfe, 0xc0, 0xfe, 0xc0, 0xfe, 0xc0, 0xfe, 0xc0, 0xfe,
	0x00, 0xff, 0x04, 0xbd, 0x38, 0x33, 0x13, 0x04, 0xbd, 0x20, 0xff, 0xc0, 0xfe, 0xc0, 0xfe, 0xc0, 0xfe, 0xc0, 0xfe, 0xc0,
	0xfe, 0xc0, 0xfe, 0xc0, 0xfe, 0xc0, 0xfe, 0xc0, 0xfe, 0xc0, 0xfe, 0xc0, 0xfe, 0xc0, 0xfe, 0xc0, 0xfe, 0xa0, 0xfe, 0xa0,
	0xfe, 0x21, 0xff, 0x64, 0x62, 0x39, 0x1a, 0x13, 0x61, 0x10, 0xa4, 0xcd, 0x20, 0xff, 0xa0, 0xfe, 0xc0, 0xfe, 0xc0, 0xfe,
	0xc0, 0xfe, 0xc0, 0xfe, 0xc0, 0xfe, 0xc0, 0xfe, 0xc0, 0xfe, 0xc0, 0xfe, 0xc0, 0xfe, 0xc0, 0xfe, 0xc0, 0xfe, 0xc0, 0xfe,
	0xa0, 0xfe, 0x02, 0xff, 0xa3, 0x41, 0x39, 0x33, 0x13, 0x83, 0x39, 0x03, 0xff, 0xc0, 0xfe, 0xc0, 0xfe, 0xc0, 0xfe, 0xc0,
	0xfe, 0xc0, 0xfe, 0xc0, 0xfe, 0xc0, 0xfe, 0xc0, 0xfe, 0xc0, 0xfe, 0xc0, 0xfe, 0xc0, 0xfe, 0xc0, 0xfe, 0xc0, 0xfe, 0xa0,
	0xfe, 0x00, 0xff, 0xa4, 0xcd, 0x61, 0x10, 0x3a, 0x1b, 0x12, 0x84, 0x62, 0x01, 0xff, 0xa0, 0xfe, 0xc0, 0xfe, 0xc0, 0xfe,
	0xc0, 0xfe, 0xc0, 0xfe, 0xc0, 0xfe, 0xc0, 0xfe, 0xc0, 0xfe, 0xc0, 0xfe, 0xc0, 0xfe, 0xc0, 0xfe, 0xc0, 0xfe, 0xa0, 0xfe,
	0x20, 0xff, 0xc5, 0xb4, 0x41, 0x08, 0x3a, 0x33, 0x12, 0x41, 0x08, 0xa5, 0xac, 0x20, 0xff, 0xa0, 0xfe, 0xc0, 0xfe, 0xc0,
	0xfe, 0xc0, 0xfe, 0xc0, 0xfe, 0xc0, 0xfe, 0xc0, 0xfe, 0xc0, 0xfe, 0xc0, 0xfe, 0xc0, 0xfe, 0xc0, 0xfe, 0xa0, 0xfe, 0xc0,
	0xfe, 0x02, 0xff, 0x84, 0x62, 0x3b, 0x1c, 0x10, 0xa4, 0xd5, 0x00, 0xff, 0xc0, 0xfe, 0xc0, 0xfe, 0xc0, 0xfe, 0xc0, 0xfe,
	0xc0, 0xfe, 0xc0, 0xfe, 0xc0, 0xfe, 0xc0, 0xfe, 0xc0, 0xfe, 0xc0, 0xfe, 0xc0, 0xfe, 0xe0, 0xfe, 0xe3, 0xf6, 0xc4, 0x41,
	0x3b, 0x34, 0x11, 0xa3, 0x41, 0xc3, 0xf6, 0xc0, 0xfe, 0xc0, 0xfe, 0xc0, 0xfe, 0xc0, 0xfe, 0xc0, 0xfe, 0xc0, 0xfe, 0xc0,
	0xfe, 0xc0, 0xfe, 0xc0, 0xfe, 0xc0, 0xfe, 0xc0, 0xfe, 0xa0, 0xfe, 0xe0, 0xfe, 0xc3, 0xdd, 0x21, 0x10, 0x3c, 0x1c, 0x0f,
	0x63, 0x5a, 0x21, 0xff, 0xa0, 0xfe, 0xc0, 0xfe, 0xc0, 0xfe, 0xc0, 0xfe, 0xc0, 0xfe, 0xc0, 0xfe, 0xc0, 0xfe, 0xc0, 0xfe,
	0xc0, 0xfe, 0xc0, 0xfe, 0xa0, 0xfe, 0x00, 0xff, 0x04, 0xbd, 0x3c, 0x35, 0x0f, 0xe4, 0xbc, 0x00, 0xff, 0xa0, 0xfe, 0xc0,
	0xfe, 0xc0, 0xfe, 0xc0, 0xfe, 0xc0, 0xfe, 0xc0, 0xfe, 0xc0, 0xfe, 0xc0, 0xfe, 0xc0, 0xfe, 0xc0, 0xfe, 0xa0, 0xfe, 0x21,
	0xff, 0x43, 0x5a, 0x3d, 0x1c, 0x0f, 0x62, 0x08, 0x85, 0xc5, 0x00, 0xff, 0xa0, 0xfe, 0xc0, 0xfe, 0xc0, 0xfe, 0xc0, 0xfe,
	0xc0, 0xfe, 0xc0, 0xfe, 0xc0, 0xfe, 0xc0, 0xfe, 0xc0, 0xfe, 0xc0, 0xfe, 0x43, 0xff, 0xa3, 0x41, 0x3d, 0x35, 0x0f, 0xa3,
	0x41, 0x43, 0xff, 0xc0, 0xfe, 0xc0, 0xfe, 0xc0, 0xfe, 0xc0, 0xfe, 0xc0, 0xfe, 0xc0, 0xfe, 0xc0, 0xfe, 0xc0, 0xfe, 0xc0,
	0xfe, 0xa0, 0xfe, 0x20, 0xff, 0x83, 0xcd, 0x61, 0x10, 0x3e, 0x1d, 0x0e, 0x85, 0x5a, 0x02, 0xff, 0xc0, 0xfe, 0xc0, 0xfe,
	0xc0, 0xfe, 0xc0, 0xfe, 0xc0, 0xfe, 0xc0, 0xfe, 0xc0, 0xfe, 0xc0, 0xfe, 0xc0, 0xfe, 0x00, 0xff, 0x83, 0x83, 0x40, 0x08,
	0x3e, 0x36, 0x0d, 0x64, 0x83, 0x00, 0xff, 0xc0, 0xfe, 0xc0, 0xfe, 0xc0, 0xfe, 0xc0, 0xfe, 0xc0, 0xfe, 0xc0, 0xfe, 0xc0,
	0xfe, 0xc0, 0xfe, 0xc0, 0xfe, 0x01, 0xff, 0xa4, 0x62, 0x3f, 0x1e, 0x0b, 0xc3, 0xdd, 0x00, 0xff, 0xc0, 0xfe, 0xc0, 0xfe,
	0xc0, 0xfe, 0xc0, 0xfe, 0xc0, 0xfe, 0xc0, 0xfe, 0xc0, 0xfe, 0xe0, 0xfe, 0xe4, 0xdd, 0x3f, 0x36, 0x0d, 0x01, 0x00, 0x04,
	0xde, 0xe0, 0xfe, 0xc0, 0xfe, 0xc0, 0xfe, 0xc0, 0xfe, 0xc0, 0xfe, 0xc0, 0xfe, 0xc0, 0xfe, 0xc0, 0xfe, 0x00, 0xff, 0xc4,
	0xd5, 0x01, 0x00, 0x40, 0x1e, 0x0b, 0x63, 0x62, 0x41, 0xff, 0xa0, 0xfe, 0xc0, 0xfe, 0xc0, 0xfe, 0xc0, 0xfe, 0xc0, 0xfe,
	0xc0, 0xfe, 0xa0, 0xfe, 0x41, 0xff, 0xa5, 0x62, 0x40, 0x37, 0x0b, 0xa4, 0x62, 0x42, 0xff, 0xa0, 0xfe, 0xc0, 0xfe, 0xc0,
	0xfe, 0xc0, 0xfe, 0xc0, 0xfe, 0xc0, 0xfe, 0xa0, 0xfe, 0x21, 0xff, 0x63, 0x5a, 0x41, 0x1e, 0x0b, 0x61, 0x10, 0x84, 0xcd,
	0x00, 0xff, 0xa0, 0xfe, 0xc0, 0xfe, 0xc0, 0xfe, 0xc0, 0xfe, 0xa0, 0xfe, 0x20, 0xff, 0xc3, 0xd5, 0x81, 0x10, 0x41, 0x37,
	0x0b, 0x81, 0x10, 0xa5, 0xd5, 0x00, 0xff, 0xa0, 0xfe, 0xa0, 0xfe, 0xc0, 0xfe, 0xc0, 0xfe, 0xc0, 0xfe, 0x00, 0xff, 0x63,
	0xcd, 0x61, 0x10, 0x42, 0x1f, 0x09, 0x84, 0x5a, 0x01, 0xff, 0xa0, 0xfe, 0xc0, 0xfe, 0xc0, 0xfe, 0xc0, 0xfe, 0xc0, 0xfe,
	0x22, 0xff, 0xe4, 0x6a, 0x42, 0x38, 0x09, 0xe4, 0x6a, 0x01, 0xff, 0xc0, 0xfe, 0xa0, 0xfe, 0xc0, 0xfe, 0xc0, 0xfe, 0xe0,
	0xfe, 0x22, 0xff, 0xa4, 0x6a, 0x43, 0x1f, 0x09, 0x21, 0x08, 0xa4, 0xd5, 0x00, 0xff, 0xc0, 0xfe, 0xc0, 0xfe, 0xc0, 0xfe,
	0x00, 0xff, 0xe4, 0xdd, 0x41, 0x08, 0x43, 0x38, 0x09, 0x41, 0x08, 0xe4, 0xe5, 0xe0, 0xfe, 0xa0, 0xfe, 0xc0, 0xfe, 0xc0,
	0xfe, 0x00, 0xff, 0xc5, 0xd5, 0x41, 0x08, 0x44, 0x20, 0x07, 0x64, 0x62, 0x03, 0xff, 0xa0, 0xfe, 0xc0, 0xfe, 0xa0, 0xfe,
	0x41, 0xff, 0xc4, 0x62, 0x44, 0x39, 0x07, 0xc4, 0x6a, 0x21, 0xff, 0xa0, 0xfe, 0xc0, 0xfe, 0xc0, 0xfe, 0x22, 0xff, 0x64,
	0x62, 0x45, 0x20, 0x07, 0x41, 0x10, 0x84, 0xd5, 0x20, 0xff, 0xa0, 0xfe, 0x20, 0xff, 0xc4, 0xd5, 0x61, 0x10, 0x45, 0x39,
	0x07, 0x61, 0x08, 0xa4, 0xd5, 0x00, 0xff, 0xa0, 0xfe, 0x20, 0xff, 0x84, 0xd5, 0x41, 0x10, 0x46, 0x21, 0x05, 0x83, 0x62,
	0x01, 0xff, 0xa0, 0xfe, 0x21, 0xff, 0xa4, 0x6a, 0x46, 0x3a, 0x05, 0xc3, 0x6a, 0x21, 0xff, 0xa0, 0xfe, 0x21, 0xff, 0x84,
	0x62, 0x47, 0x21, 0x05, 0x41, 0x08, 0x84, 0xcd, 0x20, 0xff, 0xc4, 0xdd, 0x61, 0x10, 0x47, 0x3a, 0x05, 0x61, 0x10, 0xa4,
	0xd5, 0x40, 0xff, 0x83, 0xd5, 0x41, 0x10, 0x48, 0x22, 0x03, 0x64, 0x5a, 0xc4, 0xff, 0xc4, 0x62, 0x48, 0x3b, 0x03, 0xc5,
	0x6a, 0xc5, 0xff, 0xa4, 0x62, 0x49, 0x22, 0x03, 0x40, 0x08, 0xc6, 0x62, 0x41, 0x08, 0x49, 0x3b, 0x03, 0x41, 0x08, 0xc6,
	0x62, 0x40, 0x08, 0x14, 0x36, 0x05, 0x80, 0x10, 0x21, 0x29, 0x01, 0x29, 0x81, 0x39, 0x21, 0x31, 0x15, 0x30, 0x0c, 0x60,
	0x10, 0x60, 0x10, 0x60, 0x10, 0x41, 0x41, 0xe1, 0x51, 0xc1, 0x49, 0x20, 0x5a, 0x60, 0x62, 0x60, 0x62, 0x20, 0x62, 0x00,
	0x62, 0x00, 0x31, 0x16, 0x2c, 0x11, 0x40, 0x08, 0x22, 0x31, 0x41, 0x31, 0x41, 0x39, 0x21, 0x5a, 0x00, 0x5a, 0x20, 0x62,
	0x00, 0x6a, 0x20, 0x6a, 0xc0, 0x61, 0xc0, 0x59, 0xa0, 0x61, 0xa0, 0x69, 0x21, 0x72, 0x20, 0x7a, 0x40, 0x7a, 0x82, 0x41,
	0x17, 0x26, 0x17, 0x40, 0x08, 0xc1, 0x20, 0xa1, 0x18, 0x20, 0x31, 0xe1, 0x51, 0x00, 0x52, 0x00, 0x5a, 0x40, 0x6a, 0x20,
	0x6a, 0x00, 0x6a, 0xe0, 0x61, 0xe0, 0x61, 0xa0, 0x61, 0x80, 0x61, 0xa0, 0x69, 0x62, 0x9b, 0xc2, 0xa3, 0xc1, 0xab, 0x01,
	0xbc, 0x42, 0xee, 0x42, 0xf6, 0xc3, 0xf6, 0xe6, 0x8b, 0x18, 0x23, 0x1a, 0xe2, 0x28, 0x60, 0x39, 0x60, 0x41, 0xe1, 0x59,
	0x40, 0x6a, 0x20, 0x6a, 0x40, 0x6a, 0xe0, 0x61, 0xa0, 0x61, 0xc0, 0x61, 0xa0, 0x59, 0x41, 0x72, 0x81, 0x72, 0x61, 0x72,
	0xc2, 0x82, 0x24, 0xd5, 0x22, 0xd5, 0x42, 0xd5, 0xc1, 0xfe, 0x01, 0xff, 0x21, 0xff, 0x00, 0xff, 0xe0, 0xfe, 0xe0, 0xfe,
	0xa3, 0xfe, 0x02, 0x29, 0x19, 0x23, 0x19, 0xa1, 0x18, 0x61, 0x62, 0x40, 0x6a, 0xc0, 0x61, 0xa0, 0x61, 0xc0, 0x61, 0xa0,
	0x61, 0x42, 0x93, 0x02, 0xac, 0xe2, 0xab, 0x01, 0xb4, 0x22, 0xee, 0xc2, 0xf6, 0xa1, 0xf6, 0xa2, 0xfe, 0x00, 0xff, 0x00,
	0xff, 0x00, 0xff, 0xc0, 0xfe, 0xc0, 0xfe, 0xa0, 0xfe, 0xa0, 0xfe, 0xa0, 0xfe, 0x40, 0xff, 0xe5, 0x93, 0x1a, 0x24, 0x18,
	0x61, 0x41, 0xc0, 0x61, 0x63, 0xb4, 0xe2, 0xdd, 0x82, 0xdd, 0x82, 0xdd, 0xa2, 0xfe, 0x21, 0xff, 0x00, 0xff, 0x20, 0xff,
	0xe0, 0xfe, 0xc0, 0xfe, 0xe0, 0xfe, 0xc0, 0xfe, 0xa0, 0xfe, 0xa0, 0xfe, 0xa0, 0xfe, 0xa0, 0xfe, 0xa0, 0xfe, 0xc0, 0xfe,
	0xc0, 0xfe, 0xe0, 0xfe, 0x64, 0xee, 0xe2, 0x20, 0x1b, 0x24, 0x17, 0x80, 0x18, 0xc0, 0x59, 0xe2, 0xab, 0x01, 0xff, 0x00,
	0xff, 0x00, 0xff, 0xc0, 0xfe, 0xa0, 0xfe, 0xa0, 0xfe, 0xa0, 0xfe, 0xc0, 0xfe, 0xa0, 0xfe, 0xa0, 0xfe, 0xc0, 0xfe, 0xa0,
	0xfe, 0xa0, 0xfe, 0xa0, 0xfe, 0xa0, 0xfe, 0xa0, 0xfe, 0xc0, 0xfe, 0xa0, 0xfe, 0x41, 0xff, 0x06, 0x9c, 0x1c, 0x25, 0x16,
	0x81, 0x41, 0xe0, 0x71, 0x62, 0xe5, 0xe0, 0xfe, 0xa0, 0xfe, 0xc0, 0xfe, 0xc0, 0xfe, 0xc0, 0xfe, 0xc0, 0xfe, 0xc0, 0xfe,
	0xc0, 0xfe, 0xc0, 0xfe, 0xc0, 0xfe, 0xc0, 0xfe, 0xc0, 0xfe, 0xc0, 0xfe, 0xc0, 0xfe, 0xc0, 0xfe, 0xc0, 0xfe, 0xe0, 0xfe,
	0x83, 0xee, 0x22, 0x31, 0x1d, 0x25, 0x15, 0x80, 0x18, 0xc0, 0x61, 0x62, 0xa3, 0x01, 0xff, 0xa0, 0xfe, 0xc0, 0xfe, 0xc0,
	0xfe, 0xc0, 0xfe, 0xc0, 0xfe, 0xc0, 0xfe, 0xc0, 0xfe, 0xc0, 0xfe, 0xc0, 0xfe, 0xc0, 0xfe, 0xc0, 0xfe, 0xc0, 0xfe, 0xc0,
	0xfe, 0xc0, 0xfe, 0xa0, 0xfe, 0x40, 0xff, 0xe4, 0x93, 0x1e, 0x26, 0x14, 0x81, 0x41, 0x40, 0x72, 0xa2, 0xdd, 0xe0, 0xfe,
	0xa0, 0xfe, 0xc0, 0xfe, 0xc0, 0xfe, 0xc0, 0xfe, 0xc0, 0xfe, 0xc0, 0xfe, 0xc0, 0xfe, 0xc0, 0xfe, 0xc0, 0xfe, 0xc0, 0xfe,
	0xc0, 0xfe, 0xc0, 0xfe, 0xc0, 0xfe, 0xc0, 0xfe, 0xa3, 0xf6, 0xe2, 0x20, 0x1f, 0x26, 0x13, 0x80, 0x18, 0x80, 0x51, 0xa2,
	0xa3, 0xe1, 0xfe, 0xa0, 0xfe, 0xc0, 0xfe, 0xc0, 0xfe, 0xc0, 0xfe, 0xc0, 0xfe, 0xc0, 0xfe, 0xc0, 0xfe, 0xc0, 0xfe, 0xc0,
	0xfe, 0xc0, 0xfe, 0xc0, 0xfe, 0xc0, 0xfe, 0xa0, 0xfe, 0x41, 0xff, 0xc4, 0x93, 0x20, 0x27, 0x12, 0xa0, 0x20, 0x41, 0x72,
	0xe1, 0xe5, 0xe0, 0xfe, 0xa0, 0xfe, 0xc0, 0xfe, 0xc0, 0xfe, 0xc0, 0xfe, 0xc0, 0xfe, 0xc0, 0xfe, 0xc0, 0xfe, 0xc0, 0xfe,
	0xc0, 0xfe, 0xc0, 0xfe, 0xa0, 0xfe, 0xe0, 0xfe, 0x64, 0xee, 0x03, 0x21, 0x21, 0x28, 0x10, 0x40, 0x49, 0x82, 0xa3, 0xe2,
	0xfe, 0xa0, 0xfe, 0xc0, 0xfe, 0xc0, 0xfe, 0xc0, 0xfe, 0xc0, 0xfe, 0xc0, 0xfe, 0xc0, 0xfe, 0xc0, 0xfe, 0xc0, 0xfe, 0xc0,
	0xfe, 0xc0, 0xfe, 0x20, 0xff, 0xe4, 0x93, 0x22, 0x28, 0x10, 0xc0, 0x20, 0xe1, 0x69, 0xc2, 0xe5, 0x00, 0xff, 0xa0, 0xfe,
	0xc0, 0xfe, 0xc0, 0xfe, 0xc0, 0xfe, 0xc0, 0xfe, 0xc0, 0xfe, 0xc0, 0xfe, 0xc0, 0xfe, 0xc0, 0xfe, 0xc0, 0xfe, 0xa2, 0xfe,
	0xe1, 0x28, 0x23, 0x29, 0x0e, 0x81, 0x49, 0x81, 0x9b, 0xe1, 0xfe, 0xa0, 0xfe, 0xc0, 0xfe, 0xc0, 0xfe, 0xc0, 0xfe, 0xc0,
	0xfe, 0xc0, 0xfe, 0xc0, 0xfe, 0xc0, 0xfe, 0xa0, 0xfe, 0x40, 0xff, 0xe3, 0x93, 0x24, 0x29, 0x0e, 0xc0, 0x20, 0x41, 0x6a,
	0xa3, 0xdd, 0xe0, 0xfe, 0xa0, 0xfe, 0xc0, 0xfe, 0xc0, 0xfe, 0xc0, 0xfe, 0xc0, 0xfe, 0xc0, 0xfe, 0xa0, 0xfe, 0xe0, 0xfe,
	0x63, 0xee, 0x23, 0x29, 0x25, 0x2a, 0x0c, 0x60, 0x49, 0xc2, 0xa3, 0xe1, 0xfe, 0xc0, 0xfe, 0xc0, 0xfe, 0xc0, 0xfe, 0xc0,
	0xfe, 0xc0, 0xfe, 0xc0, 0xfe, 0xa0, 0xfe, 0x21, 0xff, 0x05, 0x9c, 0x26, 0x2a, 0x0c, 0xe1, 0x20, 0x00, 0x6a, 0x82, 0xdd,
	0x00, 0xff, 0xa0, 0xfe, 0xc0, 0xfe, 0xc0, 0xfe, 0xc0, 0xfe, 0xc0, 0xfe, 0xc0, 0xfe, 0xa3, 0xfe, 0xe2, 0x20, 0x27, 0x2b,
	0x0a, 0x81, 0x49, 0x62, 0x9b, 0x01, 0xff, 0xa0, 0xfe, 0xc0, 0xfe, 0xc0, 0xfe, 0xc0, 0xfe, 0xa0, 0xfe, 0x40, 0xff, 0x03,
	0x9c, 0x28, 0x2b, 0x0a, 0x40, 0x08, 0x22, 0x62, 0xa1, 0xdd, 0x00, 0xff, 0xa0, 0xfe, 0xc0, 0xfe, 0xa0, 0xfe, 0xe0, 0xfe,
	0x84, 0xee, 0x03, 0x29, 0x29, 0x2c, 0x08, 0x01, 0x29, 0xc2, 0xa3, 0xe1, 0xfe, 0xc0, 0xfe, 0xc0, 0xfe, 0xa0, 0xfe, 0x01,
	0xff, 0xc5, 0x93, 0x2a, 0x2c, 0x08, 0x40, 0x08, 0xe2, 0x69, 0xc2, 0xe5, 0xe0, 0xfe, 0xa0, 0xfe, 0xa0, 0xfe, 0x22, 0xff,
	0x22, 0x31, 0x2b, 0x2d, 0x07, 0xe1, 0x28, 0xa2, 0x9b, 0xe1, 0xfe, 0xa0, 0xfe, 0x20, 0xff, 0xa4, 0xd5, 0x81, 0x18, 0x2c,
	0x2e, 0x05, 0xe2, 0x59, 0xc2, 0xe5, 0x00, 0xff, 0x01, 0xff, 0xe4, 0x6a, 0x2d, 0x2c, 0x09, 0x41, 0x08, 0x61, 0x10, 0xa1,
	0x20, 0x62, 0x93, 0x20, 0xff, 0xa3, 0xdd, 0xc2, 0x28, 0x60, 0x10, 0x00, 0x08, 0x2e, 0x26, 0x14, 0x40, 0x08, 0xa1, 0x18,
	0x80, 0x18, 0x01, 0x29, 0xe1, 0x49, 0xc1, 0x49, 0x02, 0x52, 0x02, 0x52, 0x60, 0x10, 0x41, 0x39, 0x44, 0xee, 0x63, 0x8b,
	0xa1, 0x59, 0x00, 0x6a, 0xc0, 0x59, 0x01, 0x5a, 0x21, 0x31, 0x80, 0x18, 0xa1, 0x18, 0x60, 0x10, 0x2f, 0x23, 0x1a, 0xe1,
	0x28, 0x20, 0x39, 0x20, 0x39, 0xc0, 0x49, 0x40, 0x62, 0x20, 0x6a, 0x20, 0x6a, 0x20, 0x6a, 0x20, 0x6a, 0xc0, 0x61, 0xa0,
	0x59, 0xa0, 0x51, 0x80, 0x20, 0x01, 0x62, 0x41, 0x7a, 0x80, 0x59, 0xc0, 0x61, 0x20, 0x6a, 0x20, 0x6a, 0x20, 0x6a, 0x20,
	0x6a, 0x40, 0x6a, 0xe0, 0x59, 0x20, 0x41, 0x40, 0x41, 0xe1, 0x28, 0x30, 0x1d, 0x26, 0xa1, 0x18, 0xc0, 0x20, 0xc0, 0x20,
	0xc1, 0x49, 0x01, 0x52, 0x01, 0x52, 0x20, 0x6a, 0x40, 0x6a, 0x00, 0x62, 0x00, 0x5a, 0xe0, 0x59, 0xe0, 0x69, 0xc0, 0x69,
	0xc0, 0x69, 0xc0, 0x69, 0x42, 0x93, 0xc3, 0xa3, 0xa1, 0xa3, 0xe3, 0x9b, 0xc3, 0x9b, 0x81, 0xa3, 0xe2, 0xa3, 0x62, 0x9b,
	0xe0, 0x71, 0xe0, 0x71, 0xe0, 0x71, 0xe0, 0x69, 0xe0, 0x61, 0xe0, 0x61, 0x00, 0x62, 0x40, 0x6a, 0x40, 0x62, 0x01, 0x52,
	0x01, 0x52, 0xe2, 0x51, 0xe0, 0x28, 0xc0, 0x20, 0xc1, 0x20, 0x31, 0x16, 0x34, 0x20, 0x08, 0x40, 0x08, 0x20, 0x08, 0xa1,
	0x20, 0xa1, 0x49, 0x81, 0x41, 0xa1, 0x49, 0x20, 0x62, 0x20, 0x6a, 0x40, 0x6a, 0x20, 0x6a, 0xe0, 0x61, 0xa0, 0x61, 0xa0,
	0x61, 0xa0, 0x61, 0x61, 0x7a, 0xc1, 0x7a, 0x81, 0x7a, 0xc1, 0xc4, 0xc2, 0xe5, 0xa2, 0xdd, 0xa2, 0xdd, 0xc2, 0xfe, 0x01,
	0xff, 0xa2, 0xff, 0x04, 0x94, 0x04, 0x94, 0xc2, 0xff, 0x21, 0xff, 0xe2, 0xfe, 0xc2, 0xe5, 0xa2, 0xe5, 0xe2, 0xe5, 0xa3,
	0xc4, 0x61, 0x7a, 0xa1, 0x82, 0x61, 0x7a, 0xa0, 0x69, 0xa0, 0x61, 0xc0, 0x61, 0xc0, 0x61, 0x00, 0x6a, 0x20, 0x6a, 0x20,
	0x6a, 0x40, 0x6a, 0xc1, 0x51, 0x80, 0x49, 0xa1, 0x49, 0xc0, 0x20, 0x40, 0x08, 0x40, 0x08, 0x40, 0x08, 0x32, 0x16, 0x34,
	0xa1, 0x18, 0x01, 0x52, 0x00, 0x5a, 0x00, 0x62, 0xe0, 0x61, 0x00, 0x62, 0xe0, 0x61, 0xe0, 0x61, 0xc0, 0x71, 0xc0, 0x71,
	0xc0, 0x69, 0x42, 0x9b, 0x23, 0xac, 0x02, 0xb4, 0xe2, 0xb3, 0x23, 0xf6, 0xc2, 0xfe, 0xa2, 0xfe, 0xe0, 0xfe, 0x00, 0xff,
	0xe0, 0xfe, 0x00, 0xff, 0xa0, 0xfe, 0xc0, 0xfe, 0x83, 0xee, 0xc2, 0x20, 0xc2, 0x20, 0x42, 0xe6, 0xe0, 0xfe, 0xa0, 0xfe,
	0x00, 0xff, 0x00, 0xff, 0x00, 0xff, 0xe1, 0xfe, 0xa1, 0xfe, 0xa1, 0xfe, 0x42, 0xf6, 0x01, 0xbc, 0x02, 0xb4, 0x22, 0xb4,
	0x82, 0xa3, 0xc0, 0x71, 0xc0, 0x71, 0xc0, 0x71, 0xe0, 0x69, 0xe0, 0x69, 0x00, 0x6a, 0x00, 0x62, 0x00, 0x62, 0x00, 0x5a,
	0x01, 0x5a, 0xa1, 0x18, 0x33, 0x17, 0x18, 0xc2, 0x49, 0x20, 0x62, 0x40, 0x72, 0xc1, 0x82, 0xe1, 0x8a, 0xa1, 0x7a, 0x63,
	0xb4, 0x02, 0xe6, 0xc2, 0xe5, 0xc2, 0xe5, 0xc2, 0xfe, 0x41, 0xff, 0x20, 0xff, 0x20, 0xff, 0xc0, 0xfe, 0xc0, 0xfe, 0xc0,
	0xfe, 0xc0, 0xfe, 0xc0, 0xfe, 0xa0, 0xfe, 0xa0, 0xfe, 0xa0, 0xfe, 0x20, 0xff, 0x25, 0x9c, 0x33, 0x31, 0x18, 0x83, 0x8b,
	0x21, 0xff, 0xa0, 0xfe, 0xc0, 0xfe, 0xc0, 0xfe, 0xc0, 0xfe, 0xc0, 0xfe, 0xc0, 0xfe, 0xc0, 0xfe, 0xc0, 0xfe, 0x20, 0xff,
	0x20, 0xff, 0x40, 0xff, 0xe0, 0xfe, 0xc2, 0xe5, 0xc2, 0xe5, 0xe3, 0xe5, 0x62, 0xbc, 0xa1, 0x8a, 0xe1, 0x8a, 0xe1, 0x8a,
	0x60, 0x72, 0x20, 0x62, 0xa1, 0x41, 0x34, 0x17, 0x18, 0xa1, 0x20, 0xa1, 0x59, 0x22, 0xac, 0x22, 0xff, 0xc1, 0xfe, 0xe1,
	0xfe, 0xe1, 0xfe, 0xe0, 0xfe, 0xe0, 0xfe, 0x00, 0xff, 0xe0, 0xfe, 0xa0, 0xfe, 0xa0, 0xfe, 0xa0, 0xfe, 0xc0, 0xfe, 0xc0,
	0xfe, 0xc0, 0xfe, 0xc0, 0xfe, 0xc0, 0xfe, 0xc0, 0xfe, 0xa0, 0xfe, 0xe0, 0xfe, 0x43, 0xf6, 0xa1, 0x18, 0x34, 0x31, 0x18,
	0xe2, 0x20, 0xa3, 0xfe, 0xe0, 0xfe, 0xc0, 0xfe, 0xc0, 0xfe, 0xc0, 0xfe, 0xc0, 0xfe, 0xc0, 0xfe, 0xc0, 0xfe, 0xc0, 0xfe,
	0xa0, 0xfe, 0xa0, 0xfe, 0xa0, 0xfe, 0xc0, 0xfe, 0x00, 0xff, 0x00, 0xff, 0x00, 0xff, 0xe0, 0xfe, 0xe1, 0xfe, 0xe1, 0xfe,
	0x22, 0xff, 0xc2, 0xab, 0xe0, 0x51, 0xa1, 0x18, 0x35, 0x18, 0x16, 0x81, 0x49, 0x60, 0x72, 0x03, 0xe6, 0xe0, 0xfe, 0xa0,
	0xfe, 0xa0, 0xfe, 0xc0, 0xfe, 0xc0, 0xfe, 0xc0, 0xfe, 0xc0, 0xfe, 0xc0, 0xfe, 0xc0, 0xfe, 0xc0, 0xfe, 0xc0, 0xfe, 0xc0,
	0xfe, 0xc0, 0xfe, 0xc0, 0xfe, 0xc0, 0xfe, 0xc0, 0xfe, 0xa0, 0xfe, 0x40, 0xff, 0xc4, 0x93, 0x35, 0x32, 0x16, 0xc3, 0x93,
	0x40, 0xff, 0xa0, 0xfe, 0xc0, 0xfe, 0xc0, 0xfe, 0xc0, 0xfe, 0xc0, 0xfe, 0xc0, 0xfe, 0xc0, 0xfe, 0xc0, 0xfe, 0xc0, 0xfe,
	0xc0, 0xfe, 0xc0, 0xfe, 0xa0, 0xfe, 0xa0, 0xfe, 0xa0, 0xfe, 0xc0, 0xfe, 0xc0, 0xfe, 0xe0, 0xfe, 0x22, 0xee, 0x40, 0x7a,
	0x60, 0x39, 0x36, 0x18, 0x16, 0xa0, 0x18, 0xc0, 0x59, 0xe3, 0xab, 0x01, 0xff, 0xa0, 0xfe, 0xc0, 0xfe, 0xc0, 0xfe, 0xc0,
	0xfe, 0xc0, 0xfe, 0xc0, 0xfe, 0xc0, 0xfe, 0xc0, 0xfe, 0xc0, 0xfe, 0xc0, 0xfe, 0xc0, 0xfe, 0xc0, 0xfe, 0xc0, 0xfe, 0xc0,
	0xfe, 0xc0, 0xfe, 0x00, 0xff, 0x43, 0xee, 0x02, 0x29, 0x36, 0x32, 0x16, 0x02, 0x29, 0x62, 0xee, 0x00, 0xff, 0xc0, 0xfe,
	0xc0, 0xfe, 0xc0, 0xfe, 0xc0, 0xfe, 0xc0, 0xfe, 0xc0, 0xfe, 0xc0, 0xfe, 0xc0, 0xfe, 0xc0, 0xfe, 0xc0, 0xfe, 0xc0, 0xfe,
	0xc0, 0xfe, 0xc0, 0xfe, 0xc0, 0xfe, 0xa0, 0xfe, 0xe1, 0xfe, 0xe2, 0xab, 0xc0, 0x59, 0xa0, 0x18, 0x37, 0x19, 0x14, 0x80,
	0x49, 0x41, 0x72, 0x23, 0xee, 0xe0, 0xfe, 0xa0, 0xfe, 0xc0, 0xfe, 0xc0, 0xfe, 0xc0, 0xfe, 0xc0, 0xfe, 0xc0, 0xfe, 0xc0,
	0xfe, 0xc0, 0xfe, 0xc0, 0xfe, 0xc0, 0xfe, 0xc0, 0xfe, 0xc0, 0xfe, 0xc0, 0xfe, 0xa0, 0xfe, 0x20, 0xff, 0x24, 0x9c, 0x37,
	0x33, 0x14, 0x04, 0x9c, 0x20, 0xff, 0xc0, 0xfe, 0xc0, 0xfe, 0xc0, 0xfe, 0xc0, 0xfe, 0xc0, 0xfe, 0xc0, 0xfe, 0xc0, 0xfe,
	0xc0, 0xfe, 0xc0, 0xfe, 0xc0, 0xfe, 0xc0, 0xfe, 0xc0, 0xfe, 0xc0, 0xfe, 0xc0, 0xfe, 0xe0, 0xfe, 0x03, 0xee, 0x41, 0x72,
	0x81, 0x49, 0x38, 0x19, 0x14, 0xe1, 0x20, 0x00, 0x62, 0x02, 0xa4, 0x01, 0xff, 0xa0, 0xfe, 0xc0, 0xfe, 0xc0, 0xfe, 0xc0,
	0xfe, 0xc0, 0xfe, 0xc0, 0xfe, 0xc0, 0xfe, 0xc0, 0xfe, 0xc0, 0xfe, 0xc0, 0xfe, 0xc0, 0xfe, 0xc0, 0xfe, 0xc0, 0xfe, 0xc0,
	0xfe, 0x83, 0xf6, 0x02, 0x29, 0x38, 0x33, 0x14, 0x02, 0x21, 0x84, 0xf6, 0xc0, 0xfe, 0xc0, 0xfe, 0xc0, 0xfe, 0xc0, 0xfe,
	0xc0, 0xfe, 0xc0, 0xfe, 0xc0, 0xfe, 0xc0, 0xfe, 0xc0, 0xfe, 0xc0, 0xfe, 0xc0, 0xfe, 0xc0, 0xfe, 0xc0, 0xfe, 0xa0, 0xfe,
	0x00, 0xff, 0x02, 0xac, 0xc0, 0x61, 0xc0, 0x20, 0x39, 0x1a, 0x12, 0x20, 0x31, 0x40, 0x72, 0x23, 0xee, 0xe0, 0xfe, 0xc0,
	0xfe, 0xc0, 0xfe, 0xc0, 0xfe, 0xc0, 0xfe, 0xc0, 0xfe, 0xc0, 0xfe, 0xc0, 0xfe, 0xc0, 0xfe, 0xc0, 0xfe, 0xc0, 0xfe, 0xc0,
	0xfe, 0xa0, 0xfe, 0x41, 0xff, 0xe5, 0x8b, 0x39, 0x34, 0x12, 0xc5, 0x8b, 0x41, 0xff, 0xa0, 0xfe, 0xc0, 0xfe, 0xc0, 0xfe,
	0xc0, 0xfe, 0xc0, 0xfe, 0xc0, 0xfe, 0xc0, 0xfe, 0xc0, 0xfe, 0xc0, 0xfe, 0xc0, 0xfe, 0xc0, 0xfe, 0xc0, 0xfe, 0xe0, 0xfe,
	0x02, 0xee, 0x60, 0x7a, 0x00, 0x39, 0x3a, 0x1b, 0x11, 0x80, 0x49, 0xe2, 0xab, 0x02, 0xff, 0xc0, 0xfe, 0xc0, 0xfe, 0xc0,
	0xfe, 0xc0, 0xfe, 0xc0, 0xfe, 0xc0, 0xfe, 0xc0, 0xfe, 0xc0, 0xfe, 0xc0, 0xfe, 0xc0, 0xfe, 0xc0, 0xfe, 0xe0, 0xfe, 0x84,
	0xee, 0xe3, 0x20, 0x3a, 0x34, 0x12, 0xe2, 0x20, 0x64, 0xf6, 0xc0, 0xfe, 0xc0, 0xfe, 0xc0, 0xfe, 0xc0, 0xfe, 0xc0, 0xfe,
	0xc0, 0xfe, 0xc0, 0xfe, 0xc0, 0xfe, 0xc0, 0xfe, 0xc0, 0xfe, 0xc0, 0xfe, 0xc0, 0xfe, 0x01, 0xff, 0x02, 0xb4, 0xa0, 0x51,
	0x20, 0x08, 0x3b, 0x1b, 0x10, 0xe0, 0x20, 0x20, 0x6a, 0xe2, 0xe5, 0x00, 0xff, 0xc0, 0xfe, 0xc0, 0xfe, 0xc0, 0xfe, 0xc0,
	0xfe, 0xc0, 0xfe, 0xc0, 0xfe, 0xc0, 0xfe, 0xc0, 0xfe, 0xc0, 0xfe, 0xa0, 0xfe, 0x20, 0xff, 0x04, 0x9c, 0x3b, 0x35, 0x10,
	0x04, 0x9c, 0x20, 0xff, 0xa0, 0xfe, 0xc0, 0xfe, 0xc0, 0xfe, 0xc0, 0xfe, 0xc0, 0xfe, 0xc0, 0xfe, 0xc0, 0xfe, 0xc0, 0xfe,
	0xc0, 0xfe, 0xa0, 0xfe, 0xe0, 0xfe, 0xe2, 0xe5, 0x61, 0x72, 0x01, 0x29, 0x3c, 0x1c, 0x0f, 0xa1, 0x49, 0x62, 0xac, 0x20,
	0xff, 0xc0, 0xfe, 0xc0, 0xfe, 0xc0, 0xfe, 0xc0, 0xfe, 0xc0, 0xfe, 0xc0, 0xfe, 0xc0, 0xfe, 0xc0, 0xfe, 0xc0, 0xfe, 0xc0,
	0xfe, 0x83, 0xee, 0x23, 0x29, 0x3c, 0x35, 0x10, 0x22, 0x29, 0x83, 0xee, 0xe0, 0xfe, 0xc0, 0xfe, 0xc0, 0xfe, 0xc0, 0xfe,
	0xc0, 0xfe, 0xc0, 0xfe, 0xc0, 0xfe, 0xc0, 0xfe, 0xc0, 0xfe, 0xa0, 0xfe, 0x01, 0xff, 0xe2, 0xab, 0x80, 0x49, 0x40, 0x08,
	0x3d, 0x1c, 0x0e, 0xe1, 0x28, 0x61, 0x6a, 0x43, 0xee, 0x00, 0xff, 0xc0, 0xfe, 0xc0, 0xfe, 0xc0, 0xfe, 0xc0, 0xfe, 0xc0,
	0xfe, 0xc0, 0xfe, 0xc0, 0xfe, 0xa0, 0xfe, 0x20, 0xff, 0xe5, 0x93, 0x3d, 0x36, 0x0e, 0xe5, 0x93, 0x40, 0xff, 0xa0, 0xfe,
	0xc0, 0xfe, 0xc0, 0xfe, 0xc0, 0xfe, 0xc0, 0xfe, 0xc0, 0xfe, 0xc0, 0xfe, 0xc0, 0xfe, 0xe0, 0xfe, 0x23, 0xee, 0x21, 0x72,
	0x01, 0x31, 0x3e, 0x1c, 0x0e, 0x40, 0x08, 0x81, 0x49, 0x03, 0xa4, 0x41, 0xff, 0xa0, 0xfe, 0xc0, 0xfe, 0xc0, 0xfe, 0xc0,
	0xfe, 0xc0, 0xfe, 0xc0, 0xfe, 0xc0, 0xfe, 0xe0, 0xfe, 0x43, 0xee, 0xa2, 0x18, 0x3e, 0x36, 0x0e, 0xc3, 0x18, 0xa4, 0xf6,
	0xe0, 0xfe, 0xc0, 0xfe, 0xc0, 0xfe, 0xc0, 0xfe, 0xc0, 0xfe, 0xc0, 0xfe, 0xc0, 0xfe, 0xc0, 0xfe, 0x00, 0xff, 0xe1, 0xb3,
	0xa0, 0x59, 0x40, 0x08, 0x3f, 0x1d, 0x0c, 0xe1, 0x28, 0x41, 0x6a, 0xe3, 0xe5, 0x00, 0xff, 0xc0, 0xfe, 0xc0, 0xfe, 0xc0,
	0xfe, 0xc0, 0xfe, 0xc0, 0xfe, 0xa0, 0xfe, 0x41, 0xff, 0xa4, 0x8b, 0x3f, 0x37, 0x0c, 0xe4, 0x93, 0x41, 0xff, 0xa0, 0xfe,
	0xc0, 0xfe, 0xc0, 0xfe, 0xc0, 0xfe, 0xc0, 0xfe, 0xc0, 0xfe, 0x00, 0xff, 0xe2, 0xed, 0x41, 0x7a, 0xe0, 0x28, 0x40, 0x1e,
	0x0b, 0x80, 0x49, 0xe2, 0xab, 0x01, 0xff, 0xc0, 0xfe, 0xc0, 0xfe, 0xc0, 0xfe, 0xc0, 0xfe, 0xc0, 0xfe, 0x00, 0xff, 0x62,
	0xee, 0x22, 0x29, 0x40, 0x37, 0x0b, 0x02, 0x29, 0x43, 0xe6, 0xe0, 0xfe, 0xc0, 0xfe, 0xc0, 0xfe, 0xc0, 0xfe, 0xc0, 0xfe,
	0xc0, 0xfe, 0xe0, 0xfe, 0xe2, 0xb3, 0x81, 0x51, 0x41, 0x1e, 0x0a, 0xe1, 0x20, 0x41, 0x6a, 0x22, 0xee, 0xe0, 0xfe, 0xc0,
	0xfe, 0xc0, 0xfe, 0xc0, 0xfe, 0xc0, 0xfe, 0x20, 0xff, 0x25, 0x9c, 0x41, 0x38, 0x0a, 0x45, 0xa4, 0x20, 0xff, 0xa0, 0xfe,
	0xc0, 0xfe, 0xc0, 0xfe, 0xc0, 0xfe, 0xe0, 0xfe, 0x22, 0xee, 0x21, 0x72, 0xc0, 0x28, 0x42, 0x1f, 0x09, 0x21, 0x31, 0x22,
	0xac, 0x21, 0xff, 0xc0, 0xfe, 0xc0, 0xfe, 0xc0, 0xfe, 0xe0, 0xfe, 0xc4, 0xfe, 0xe2, 0x20, 0x42, 0x38, 0x09, 0xe2, 0x20,
	0xa4, 0xfe, 0xc0, 0xfe, 0xa0, 0xfe, 0xc0, 0xfe, 0xa0, 0xfe, 0x00, 0xff, 0xe2, 0xab, 0x01, 0x41, 0x43, 0x1f, 0x08, 0x60,
	0x08, 0x21, 0x6a, 0x02, 0xe6, 0x00, 0xff, 0xc0, 0xfe, 0xa0, 0xfe, 0x40, 0xff, 0xa4, 0x8b, 0x43, 0x39, 0x08, 0xa4, 0x8b,
	0x20, 0xff, 0xa0, 0xfe, 0xc0, 0xfe, 0xe0, 0xfe, 0x01, 0xee, 0x21, 0x72, 0x60, 0x10, 0x44, 0x20, 0x07, 0x00, 0x39, 0x22,
	0xb4, 0xe1, 0xfe, 0xc0, 0xfe, 0xa0, 0xfe, 0x62, 0xff, 0xa4, 0x62, 0x44, 0x39, 0x07, 0x84, 0x5a, 0x41, 0xff, 0xa0, 0xfe,
	0xc0, 0xfe, 0x01, 0xff, 0x22, 0xbc, 0x00, 0x39, 0x45, 0x20, 0x07, 0x60, 0x08, 0xe1, 0x59, 0xe3, 0xe5, 0x00, 0xff, 0x20,
	0xff, 0xe5, 0xd5, 0x61, 0x10, 0x45, 0x39, 0x07, 0x61, 0x08, 0xa4, 0xd5, 0x00, 0xff, 0xe0, 0xfe, 0xc2, 0xed, 0x01, 0x62,
	0x60, 0x10, 0x46, 0x21, 0x05, 0x21, 0x31, 0x23, 0xb4, 0x01, 0xff, 0x21, 0xff, 0xa3, 0x6a, 0x46, 0x3a, 0x05, 0xc3, 0x6a,
	0x21, 0xff, 0xe0, 0xfe, 0xe1, 0xab, 0x21, 0x31, 0x47, 0x21, 0x05, 0x40, 0x08, 0xe2, 0x51, 0x42, 0xf6, 0x04, 0xde, 0x61,
	0x10, 0x47, 0x3a, 0x05, 0x61, 0x10, 0xe4, 0xdd, 0x62, 0xf6, 0xc1, 0x59, 0x40, 0x08, 0x48, 0x22, 0x03, 0x80, 0x10, 0x64,
	0xb4, 0x05, 0x6b, 0x48, 0x3b, 0x03, 0xe4, 0x6a, 0x84, 0xb4, 0x60, 0x18, 0x49, 0x23, 0x02, 0xc1, 0x20, 0x40, 0x08, 0x49,
	0x3b, 0x02, 0x40, 0x08, 0xc1, 0x18, 0x14, 0x35, 0x06, 0xe1, 0x28, 0x21, 0x31, 0x01, 0x29, 0x41, 0x31, 0xc1, 0x49, 0x60,
	0x08, 0x15, 0x2e, 0x0e, 0x61, 0x08, 0x81, 0x10, 0x81, 0x10, 0xc0, 0x20, 0xc1, 0x49, 0xc1, 0x49, 0xc1, 0x51, 0x00, 0x62,
	0x20, 0x6a, 0x20, 0x6a, 0x00, 0x6a, 0xc0, 0x61, 0x80, 0x51, 0xe0, 0x28, 0x16, 0x2a, 0x13, 0xe1, 0x20, 0x41, 0x31, 0x41,
	0x39, 0x41, 0x39, 0xe1, 0x59, 0x20, 0x6a, 0x20, 0x6a, 0x20, 0x6a, 0xc0, 0x61, 0xc0, 0x59, 0xc0, 0x61, 0x21, 0x6a, 0x21,
	0x72, 0x00, 0x72, 0x81, 0x82, 0xa3, 0xc4, 0xe2, 0xc4, 0xc5, 0xc4, 0xe2, 0x28, 0x17, 0x23, 0x1a, 0x80, 0x18, 0xa1, 0x20,
	0xa1, 0x20, 0xc0, 0x20, 0xa0, 0x49, 0x01, 0x5a, 0xe1, 0x59, 0x40, 0x62, 0x20, 0x62, 0x20, 0x6a, 0x20, 0x62, 0xe0, 0x61,
	0xc0, 0x61, 0xc0, 0x59, 0xe0, 0x61, 0x62, 0x9b, 0x62, 0xa3, 0x82, 0xa3, 0xe2, 0xe5, 0x63, 0xf6, 0x42, 0xf6, 0x81, 0xf6,
	0xe0, 0xfe, 0xa0, 0xff, 0xc5, 0xb4, 0x20, 0x08, 0x18, 0x23, 0x19, 0xa2, 0x49, 0x41, 0x62, 0x20, 0x62, 0x20, 0x62, 0x00,
	0x62, 0xa0, 0x61, 0xa0, 0x61, 0xc0, 0x61, 0x61, 0x7a, 0x61, 0x7a, 0x41, 0x7a, 0x22, 0x93, 0x63, 0xcd, 0x42, 0xcd, 0x83,
	0xd5, 0x02, 0xff, 0x01, 0xff, 0x01, 0xff, 0xe0, 0xfe, 0xe0, 0xfe, 0xe0, 0xfe, 0xc0, 0xfe, 0xc0, 0xfe, 0x63, 0xf6, 0x42,
	0x31, 0x19, 0x23, 0x18, 0x81, 0x10, 0x20, 0x5a, 0x00, 0x62, 0xc0, 0x59, 0xa1, 0x7a, 0x02, 0xac, 0xc2, 0xa3, 0x23, 0xb4,
	0x83, 0xf6, 0xa2, 0xfe, 0x82, 0xfe, 0xa1, 0xfe, 0x20, 0xff, 0x20, 0xff, 0x00, 0xff, 0xc0, 0xfe, 0xa0, 0xfe, 0xa0, 0xfe,
	0xc0, 0xfe, 0xc0, 0xfe, 0xc0, 0xfe, 0xa0, 0xfe, 0x20, 0xff, 0x26, 0x9c, 0x1a, 0x24, 0x17, 0x60, 0x41, 0x20, 0x6a, 0xa0,
	0x59, 0x43, 0x93, 0x22, 0xff, 0x20, 0xff, 0x00, 0xff, 0xc0, 0xfe, 0xc0, 0xfe, 0xc0, 0xfe, 0xc0, 0xfe, 0xa0, 0xfe, 0xa0,
	0xfe, 0xa0, 0xfe, 0xc0, 0xfe, 0xa0, 0xfe, 0xa0, 0xfe, 0xa0, 0xfe, 0xa0, 0xfe, 0xc0, 0xfe, 0xa0, 0xfe, 0x63, 0xff, 0xa3,
	0x41, 0x1b, 0x24, 0x17, 0x80, 0x18, 0x00, 0x62, 0x00, 0x62, 0xc0, 0x61, 0x41, 0xd5, 0xe0, 0xfe, 0xa0, 0xfe, 0xa0, 0xfe,
	0xc0, 0xfe, 0xa0, 0xfe, 0xc0, 0xfe, 0xc0, 0xfe, 0xa0, 0xfe, 0xa0, 0xfe, 0xa0, 0xfe, 0xc0, 0xfe, 0xc0, 0xfe, 0xc0, 0xfe,
	0xa0, 0xfe, 0xa0, 0xfe, 0x00, 0xff, 0xe5, 0xd5, 0xe2, 0x18, 0x1c, 0x25, 0x15, 0x62, 0x41, 0x20, 0x62, 0xc0, 0x61, 0x02,
	0x93, 0xe2, 0xfe, 0xa0, 0xfe, 0xc0, 0xfe, 0xc0, 0xfe, 0xc0, 0xfe, 0xc0, 0xfe, 0xc0, 0xfe, 0xc0, 0xfe, 0xc0, 0xfe, 0xc0,
	0xfe, 0xc0, 0xfe, 0xc0, 0xfe, 0xc0, 0xfe, 0xc0, 0xfe, 0xc0, 0xfe, 0xe1, 0xfe, 0x24, 0x7b, 0x1d, 0x25, 0x15, 0x60, 0x18,
	0x00, 0x62, 0x00, 0x62, 0xe0, 0x69, 0x23, 0xd5, 0x00, 0xff, 0xa0, 0xfe, 0xc0, 0xfe, 0xc0, 0xfe, 0xc0, 0xfe, 0xc0, 0xfe,
	0xc0, 0xfe, 0xc0, 0xfe, 0xc0, 0xfe, 0xc0, 0xfe, 0xc0, 0xfe, 0xc0, 0xfe, 0xa0, 0xfe, 0xe0, 0xfe, 0x63, 0xf6, 0x61, 0x10,
	0x1e, 0x26, 0x14, 0x81, 0x41, 0x40, 0x6a, 0xa0, 0x59, 0x02, 0x93, 0xc2, 0xf6, 0xc0, 0xfe, 0xc0, 0xfe, 0xc0, 0xfe, 0xc0,
	0xfe, 0xc0, 0xfe, 0xc0, 0xfe, 0xc0, 0xfe, 0xc0, 0xfe, 0xc0, 0xfe, 0xc0, 0xfe, 0xc0, 0xfe, 0xa0, 0xfe, 0x20, 0xff, 0x26,
	0xc5, 0x41, 0x08, 0x1f, 0x26, 0x13, 0x80, 0x10, 0x00, 0x5a, 0x00, 0x62, 0xc0, 0x69, 0xc3, 0xe5, 0x20, 0xff, 0xc0, 0xfe,
	0xc0, 0xfe, 0xc0, 0xfe, 0xc0, 0xfe, 0xc0, 0xfe, 0xc0, 0xfe, 0xc0, 0xfe, 0xc0, 0xfe, 0xc0, 0xfe, 0xc0, 0xfe, 0xa0, 0xfe,
	0x03, 0xff, 0xe4, 0x41, 0x20, 0x27, 0x11, 0x60, 0x41, 0x40, 0x6a, 0xc0, 0x61, 0xc2, 0xc4, 0x20, 0xff, 0xc0, 0xfe, 0xc0,
	0xfe, 0xc0, 0xfe, 0xc0, 0xfe, 0xc0, 0xfe, 0xc0, 0xfe, 0xc0, 0xfe, 0xc0, 0xfe, 0xc0, 0xfe, 0xa0, 0xfe, 0x40, 0xff, 0x05,
	0xbd, 0x21, 0x27, 0x11, 0x81, 0x10, 0x00, 0x5a, 0xe0, 0x61, 0x61, 0x7a, 0x63, 0xf6, 0xc0, 0xfe, 0xc0, 0xfe, 0xc0, 0xfe,
	0xc0, 0xfe, 0xc0, 0xfe, 0xc0, 0xfe, 0xc0, 0xfe, 0xc0, 0xfe, 0xc0, 0xfe, 0xe0, 0xfe, 0xe1, 0xfe, 0xc2, 0x49, 0x22, 0x28,
	0x10, 0x40, 0x39, 0x20, 0x62, 0xc0, 0x59, 0x83, 0xbc, 0x21, 0xff, 0xa0, 0xfe, 0xc0, 0xfe, 0xc0, 0xfe, 0xc0, 0xfe, 0xc0,
	0xfe, 0xc0, 0xfe, 0xc0, 0xfe, 0xc0, 0xfe, 0xc0, 0xfe, 0x83, 0xf6, 0x81, 0x18, 0x23, 0x28, 0x0f, 0x60, 0x10, 0x40, 0x62,
	0x00, 0x62, 0x81, 0x7a, 0x00, 0xee, 0xe0, 0xfe, 0xc0, 0xfe, 0xc0, 0xfe, 0xc0, 0xfe, 0xc0, 0xfe, 0xc0, 0xfe, 0xc0, 0xfe,
	0xa0, 0xfe, 0x40, 0xff, 0xe3, 0x93, 0x24, 0x29, 0x0e, 0x81, 0x41, 0x20, 0x62, 0xc0, 0x61, 0xa2, 0xe5, 0x00, 0xff, 0xc0,
	0xfe, 0xc0, 0xfe, 0xc0, 0xfe, 0xc0, 0xfe, 0xc0, 0xfe, 0xc0, 0xfe, 0x00, 0xff, 0x83, 0xee, 0x23, 0x29, 0x25, 0x29, 0x0d,
	0x80, 0x18, 0x20, 0x5a, 0xc0, 0x61, 0x82, 0xa3, 0x21, 0xff, 0xa0, 0xfe, 0xc0, 0xfe, 0xc0, 0xfe, 0xc0, 0xfe, 0xc0, 0xfe,
	0xa0, 0xfe, 0x00, 0xff, 0x05, 0x94, 0x26, 0x2a, 0x0c, 0x82, 0x41, 0x00, 0x6a, 0x00, 0x6a, 0xc2, 0xdd, 0x00, 0xff, 0xa0,
	0xfe, 0xc0, 0xfe, 0xc0, 0xfe, 0xc0, 0xfe, 0xc0, 0xfe, 0x02, 0xff, 0x02, 0x31, 0x27, 0x2a, 0x0c, 0x60, 0x18, 0x00, 0x6a,
	0xa0, 0x59, 0xc2, 0xab, 0x01, 0xff, 0xc0, 0xfe, 0xc0, 0xfe, 0xc0, 0xfe, 0xa0, 0xfe, 0x00, 0xff, 0xe4, 0xdd, 0xa2, 0x18,
	0x28, 0x2b, 0x0a, 0x80, 0x41, 0x20, 0x6a, 0x00, 0x7a, 0x03, 0xee, 0xe0, 0xfe, 0xc0, 0xfe, 0xc0, 0xfe, 0xc0, 0xfe, 0x21,
	0xff, 0xe5, 0x6a, 0x29, 0x2b, 0x0a, 0xa1, 0x18, 0x20, 0x62, 0xc0, 0x69, 0x82, 0xa3, 0x01, 0xff, 0xa0, 0xfe, 0xc0, 0xfe,
	0x20, 0xff, 0xe3, 0xdd, 0x21, 0x08, 0x2a, 0x2c, 0x08, 0x61, 0x41, 0xe0, 0x69, 0x01, 0x93, 0xc1, 0xfe, 0xc0, 0xfe, 0xc0,
	0xfe, 0x20, 0xff, 0xe5, 0xbc, 0x2b, 0x2c, 0x08, 0x81, 0x10, 0x41, 0x62, 0xa0, 0x61, 0x23, 0xcd, 0x20, 0xff, 0xc0, 0xfe,
	0xa1, 0xfe, 0x22, 0x31, 0x2c, 0x2d, 0x06, 0x40, 0x39, 0x00, 0x62, 0xe1, 0x8a, 0xa1, 0xfe, 0x60, 0xff, 0xa4, 0xb4, 0x2d,
	0x2c, 0x08, 0x81, 0x10, 0x01, 0x31, 0x40, 0x62, 0xc0, 0x69, 0xe1, 0xcc, 0x02, 0xff, 0xc3, 0x49, 0x81, 0x10, 0x2e, 0x25,
	0x16, 0x61, 0x10, 0xa1, 0x18, 0x80, 0x18, 0x61, 0x41, 0xe0, 0x51, 0xe1, 0x51, 0xe1, 0x51, 0x00, 0x5a, 0x40, 0x39, 0x80,
	0x49, 0x60, 0x51, 0x02, 0xb4, 0x84, 0xd5, 0xa0, 0x30, 0x00, 0x62, 0xe0, 0x59, 0xc0, 0x59, 0x01, 0x5a, 0x81, 0x41, 0x80,
	0x18, 0xa1, 0x18, 0x81, 0x18, 0x2f, 0x21, 0x1e, 0xe1, 0x28, 0x61, 0x39, 0x20, 0x31, 0x41, 0x39, 0xe0, 0x51, 0x40, 0x62,
	0x20, 0x62, 0xe0, 0x61, 0xc0, 0x61, 0xc0, 0x61, 0xc0, 0x61, 0x01, 0x6a, 0x61, 0x72, 0x41, 0x6a, 0xe1, 0x28, 0x22, 0x62,
	0x22, 0x9b, 0x41, 0x7a, 0x41, 0x7a, 0xc0, 0x61, 0xa0, 0x59, 0xa0, 0x59, 0xe0, 0x61, 0x40, 0x6a, 0x40, 0x6a, 0x20, 0x62,
	0x40, 0x41, 0x20, 0x41, 0x40, 0x41, 0xe1, 0x28, 0x30, 0x1a, 0x2c, 0x80, 0x18, 0xc1, 0x20, 0xa1, 0x20, 0x41, 0x39, 0x01,
	0x5a, 0x00, 0x5a, 0x00, 0x5a, 0x40, 0x62, 0x20, 0x62, 0x00, 0x6a, 0x00, 0x6a, 0xe0, 0x69, 0xe0, 0x69, 0xc0, 0x69, 0x21,
	0x8b, 0xc2, 0xa3, 0xc2, 0xa3, 0xc2, 0xa3, 0xe3, 0xe5, 0x82, 0xf6, 0x65, 0xe6, 0x43, 0x31, 0x02, 0x21, 0x05, 0xde, 0xc2,
	0xf6, 0x03, 0xe6, 0x81, 0xa3, 0x81, 0xa3, 0xc1, 0xa3, 0x02, 0x93, 0xa0, 0x61, 0xc0, 0x61, 0xc0, 0x61, 0x00, 0x6a, 0x00,
	0x6a, 0x00, 0x6a, 0x21, 0x62, 0x01, 0x5a, 0x01, 0x5a, 0x22, 0x5a, 0x61, 0x39, 0xc0, 0x20, 0xe1, 0x20, 0x81, 0x18, 0x31,
	0x16, 0x19, 0xe1, 0x20, 0x80, 0x41, 0x60, 0x41, 0x60, 0x41, 0x00, 0x62, 0x40, 0x6a, 0x40, 0x62, 0x20, 0x62, 0xc0, 0x59,
	0xa0, 0x61, 0xa0, 0x61, 0xc0, 0x61, 0x81, 0x7a, 0x81, 0x82, 0x61, 0x82, 0x23, 0xd5, 0xe2, 0xe5, 0x82, 0xdd, 0xa1, 0xfe,
	0x21, 0xff, 0x21, 0xff, 0x21, 0xff, 0xe0, 0xfe, 0x40, 0xff, 0x84, 0xa4, 0x31, 0x31, 0x19, 0x03, 0x9c, 0x40, 0xff, 0xc0,
	0xfe, 0x21, 0xff, 0x20, 0xff, 0x40, 0xff, 0x82, 0xfe, 0x42, 0xd5, 0x82, 0xdd, 0x03, 0xcd, 0x81, 0x92, 0x81, 0x82, 0x81,
	0x82, 0xc0, 0x69, 0x80, 0x69, 0xa0, 0x69, 0xa0, 0x61, 0x20, 0x62, 0x40, 0x62, 0x40, 0x62, 0x21, 0x5a, 0x81, 0x41, 0x81,
	0x41, 0xc1, 0x41, 0x02, 0x21, 0x32, 0x16, 0x19, 0xc1, 0x18, 0x61, 0x62, 0x40, 0x6a, 0x20, 0x6a, 0x00, 0x62, 0xc0, 0x61,
	0xc0, 0x61, 0xe0, 0x61, 0xc2, 0xa3, 0x22, 0xb4, 0x02, 0xb4, 0x62, 0xbc, 0xa2, 0xfe, 0xc1, 0xfe, 0xa1, 0xfe, 0xe0, 0xfe,
	0x00, 0xff, 0x00, 0xff, 0xc0, 0xfe, 0xa0, 0xfe, 0xa0, 0xfe, 0xa0, 0xfe, 0xc0, 0xfe, 0xc3, 0xfe, 0x02, 0x29, 0x32, 0x31,
	0x19, 0x23, 0x29, 0xc3, 0xfe, 0xc0, 0xfe, 0xa0, 0xfe, 0xc0, 0xfe, 0xa0, 0xfe, 0xe0, 0xfe, 0x00, 0xff, 0x00, 0xff, 0xe0,
	0xfe, 0xa1, 0xfe, 0xa2, 0xfe, 0xc2, 0xfe, 0x81, 0xc4, 0x02, 0xb4, 0x22, 0xb4, 0xc3, 0xab, 0xe0, 0x71, 0xe0, 0x69, 0xc0,
	0x61, 0x00, 0x62, 0x20, 0x62, 0x20, 0x62, 0x40, 0x6a, 0xe2, 0x20, 0x33, 0x17, 0x17, 0x81, 0x41, 0x00, 0x62, 0xc0, 0x61,
	0xa1, 0x7a, 0xe3, 0xe5, 0xa1, 0xe5, 0xc2, 0xe5, 0xe2, 0xfe, 0x20, 0xff, 0x20, 0xff, 0x20, 0xff, 0xc0, 0xfe, 0xc0, 0xfe,
	0xc0, 0xfe, 0xa0, 0xfe, 0xa0, 0xfe, 0xa0, 0xfe, 0xc0, 0xfe, 0xc0, 0xfe, 0xc0, 0xfe, 0xa0, 0xfe, 0x20, 0xff, 0xe4, 0x93,
	0x33, 0x32, 0x17, 0xe3, 0x93, 0x40, 0xff, 0xa0, 0xfe, 0xc0, 0xfe, 0xc0, 0xfe, 0xc0, 0xfe, 0xc0, 0xfe, 0xc0, 0xfe, 0xc0,
	0xfe, 0xc0, 0xfe, 0xc0, 0xfe, 0xe0, 0xfe, 0x20, 0xff, 0x20, 0xff, 0x20, 0xff, 0x02, 0xff, 0xe2, 0xe5, 0xe2, 0xe5, 0xe3,
	0xe5, 0xa1, 0x7a, 0xe0, 0x59, 0x20, 0x62, 0xa1, 0x41, 0x34, 0x17, 0x17, 0xa1, 0x18, 0x01, 0x62, 0xe0, 0x61, 0x41, 0x72,
	0x02, 0xe6, 0x20, 0xff, 0xe0, 0xfe, 0xa0, 0xfe, 0x80, 0xfe, 0xa0, 0xfe, 0xa0, 0xfe, 0xc0, 0xfe, 0xa0, 0xfe, 0xc0, 0xfe,
	0xc0, 0xfe, 0xc0, 0xfe, 0xc0, 0xfe, 0xc0, 0xfe, 0xc0, 0xfe, 0xc0, 0xfe, 0xa0, 0xfe, 0x41, 0xff, 0xc4, 0x62, 0x34, 0x32,
	0x17, 0xe3, 0x72, 0x41, 0xff, 0xa0, 0xfe, 0xc0, 0xfe, 0xc0, 0xfe, 0xc0, 0xfe, 0xc0, 0xfe, 0xc0, 0xfe, 0xc0, 0xfe, 0xc0,
	0xfe, 0xc0, 0xfe, 0xc0, 0xfe, 0xc0, 0xfe, 0xa0, 0xfe, 0xa0, 0xfe, 0xc0, 0xfe, 0xe0, 0xfe, 0x40, 0xff, 0xe2, 0xe5, 0x21,
	0x72, 0xe0, 0x61, 0x40, 0x62, 0xa1, 0x18, 0x35, 0x18, 0x16, 0x81, 0x41, 0x20, 0x62, 0x80, 0x59, 0x63, 0x9b, 0xc2, 0xfe,
	0xa0, 0xfe, 0xc0, 0xfe, 0xc0, 0xfe, 0xc0, 0xfe, 0xc0, 0xfe, 0xc0, 0xfe, 0xc0, 0xfe, 0xc0, 0xfe, 0xc0, 0xfe, 0xc0, 0xfe,
	0xc0, 0xfe, 0xc0, 0xfe, 0xc0, 0xfe, 0xc0, 0xfe, 0x00, 0xff, 0x02, 0xe6, 0x61, 0x10, 0x35, 0x32, 0x16, 0x81, 0x18, 0x03,
	0xe6, 0x00, 0xff, 0xa0, 0xfe, 0xc0, 0xfe, 0xc0, 0xfe, 0xc0, 0xfe, 0xc0, 0xfe, 0xc0, 0xfe, 0xc0, 0xfe, 0xc0, 0xfe, 0xc0,
	0xfe, 0xc0, 0xfe, 0xc0, 0xfe, 0xa0, 0xfe, 0xc0, 0xfe, 0xc0, 0xfe, 0xe1, 0xfe, 0x82, 0xa3, 0xa0, 0x61, 0x40, 0x6a, 0x60,
	0x41, 0x36, 0x18, 0x15, 0x80, 0x18, 0x20, 0x5a, 0xe0, 0x61, 0xc0, 0x69, 0xc3, 0xe5, 0xe0, 0xfe, 0xc0, 0xfe, 0xc0, 0xfe,
	0xc0, 0xfe, 0xc0, 0xfe, 0xc0, 0xfe, 0xc0, 0xfe, 0xc0, 0xfe, 0xc0, 0xfe, 0xc0, 0xfe, 0xc0, 0xfe, 0xc0, 0xfe, 0xc0, 0xfe,
	0xc0, 0xfe, 0xe1, 0xfe, 0xe3, 0x72, 0x36, 0x33, 0x15, 0xc3, 0x7a, 0x01, 0xff, 0xc0, 0xfe, 0xa0, 0xfe, 0xa0, 0xfe, 0xc0,
	0xfe, 0xc0, 0xfe, 0xc0, 0xfe, 0xc0, 0xfe, 0xc0, 0xfe, 0xc0, 0xfe, 0xc0, 0xfe, 0xc0, 0xfe, 0xc0, 0xfe, 0xc0, 0xfe, 0x00,
	0xff, 0xc3, 0xe5, 0xe0, 0x71, 0x00, 0x6a, 0x20, 0x62, 0x80, 0x18, 0x37, 0x19, 0x14, 0xa1, 0x49, 0x00, 0x62, 0xc0, 0x61,
	0x21, 0x9b, 0xe1, 0xfe, 0xc0, 0xfe, 0xc0, 0xfe, 0xc0, 0xfe, 0xc0, 0xfe, 0xc0, 0xfe, 0xc0, 0xfe, 0xc0, 0xfe, 0xc0, 0xfe,
	0xc0, 0xfe, 0xc0, 0xfe, 0xc0, 0xfe, 0xc0, 0xfe, 0xa0, 0xfe, 0x02, 0xff, 0x22, 0x31, 0x37, 0x33, 0x14, 0x22, 0x29, 0x23,
	0xff, 0xa0, 0xfe, 0xc0, 0xfe, 0xc0, 0xfe, 0xc0, 0xfe, 0xc0, 0xfe, 0xc0, 0xfe, 0xc0, 0xfe, 0xc0, 0xfe, 0xc0, 0xfe, 0xc0,
	0xfe, 0xc0, 0xfe, 0xc0, 0xfe, 0xc0, 0xfe, 0x21, 0xff, 0x62, 0xa3, 0xc0, 0x69, 0x20, 0x6a, 0xa1, 0x49, 0x38, 0x19, 0x14,
	0xa0, 0x20, 0x20, 0x62, 0xe0, 0x61, 0xc0, 0x71, 0x62, 0xdd, 0x00, 0xff, 0xc0, 0xfe, 0xc0, 0xfe, 0xc0, 0xfe, 0xc0, 0xfe,
	0xc0, 0xfe, 0xc0, 0xfe, 0xc0, 0xfe, 0xc0, 0xfe, 0xc0, 0xfe, 0xc0, 0xfe, 0xa0, 0xfe, 0x20, 0xff, 0xe4, 0xbc, 0x81, 0x10,
	0x38, 0x33, 0x14, 0x61, 0x08, 0xe5, 0xb4, 0x20, 0xff, 0xa0, 0xfe, 0xc0, 0xfe, 0xc0, 0xfe, 0xc0, 0xfe, 0xc0, 0xfe, 0xc0,
	0xfe, 0xc0, 0xfe, 0xc0, 0xfe, 0xc0, 0xfe, 0xc0, 0xfe, 0xa0, 0xfe, 0x00, 0xff, 0x42, 0xdd, 0x00, 0x7a, 0x00, 0x6a, 0x20,
	0x62, 0xa0, 0x20, 0x39, 0x1a, 0x12, 0xa1, 0x49, 0x20, 0x6a, 0x80, 0x61, 0xa2, 0xc4, 0x20, 0xff, 0xa0, 0xfe, 0xc0, 0xfe,
	0xc0, 0xfe, 0xc0, 0xfe, 0xc0, 0xfe, 0xc0, 0xfe, 0xc0, 0xfe, 0xc0, 0xfe, 0xc0, 0xfe, 0xc0, 0xfe, 0xc0, 0xfe, 0xe2, 0xfe,
	0xe4, 0x49, 0x39, 0x34, 0x12, 0xe4, 0x49, 0xe3, 0xf6, 0xc0, 0xfe, 0xc0, 0xfe, 0xc0, 0xfe, 0xc0, 0xfe, 0xc0, 0xfe, 0xc0,
	0xfe, 0xc0, 0xfe, 0xc0, 0xfe, 0xc0, 0xfe, 0xc0, 0xfe, 0xa0, 0xfe, 0x20, 0xff, 0x82, 0xc4, 0x80, 0x61, 0x40, 0x6a, 0xa0,
	0x49, 0x3a, 0x1a, 0x11, 0xa1, 0x18, 0x20, 0x62, 0xc0, 0x61, 0xe1, 0x8a, 0xa2, 0xfe, 0xc0, 0xfe, 0xc0, 0xfe, 0xc0, 0xfe,
	0xc0, 0xfe, 0xc0, 0xfe, 0xc0, 0xfe, 0xc0, 0xfe, 0xc0, 0xfe, 0xc0, 0xfe, 0xc0, 0xfe, 0x00, 0xff, 0x05, 0xc5, 0x3a, 0x35,
	0x11, 0x05, 0xc5, 0x00, 0xff, 0xc0, 0xfe, 0xc0, 0xfe, 0xc0, 0xfe, 0xc0, 0xfe, 0xc0, 0xfe, 0xc0, 0xfe, 0xc0, 0xfe, 0xc0,
	0xfe, 0xc0, 0xfe, 0xc0, 0xfe, 0xa1, 0xfe, 0x01, 0x8b, 0xe0, 0x69, 0x20, 0x62, 0xa0, 0x18, 0x3b, 0x1b, 0x10, 0x81, 0x41,
	0x20, 0x6a, 0xa0, 0x59, 0xe3, 0xc4, 0x00, 0xff, 0xa0, 0xfe, 0xa0, 0xfe, 0xc0, 0xfe, 0xc0, 0xfe, 0xc0, 0xfe, 0xc0, 0xfe,
	0xc0, 0xfe, 0xc0, 0xfe, 0xa0, 0xfe, 0x21, 0xff, 0xe2, 0x51, 0x3b, 0x35, 0x10, 0xe2, 0x51, 0x21, 0xff, 0xa0, 0xfe, 0xc0,
	0xfe, 0xc0, 0xfe, 0xc0, 0xfe, 0xc0, 0xfe, 0xc0, 0xfe, 0xc0, 0xfe, 0xc0, 0xfe, 0xc0, 0xfe, 0x00, 0xff, 0xc2, 0xcc, 0xc0,
	0x61, 0x20, 0x6a, 0x81, 0x49, 0x3c, 0x1b, 0x10, 0xa0, 0x20, 0x41, 0x62, 0xc0, 0x61, 0x21, 0x93, 0xa1, 0xf6, 0xc0, 0xfe,
	0xc0, 0xfe, 0xc0, 0xfe, 0xc0, 0xfe, 0xc0, 0xfe, 0xc0, 0xfe, 0xc0, 0xfe, 0xc0, 0xfe, 0xc0, 0xfe, 0x83, 0xee, 0x62, 0x31,
	0x3c, 0x35, 0x10, 0x63, 0x31, 0x83, 0xee, 0xe0, 0xfe, 0xc0, 0xfe, 0xc0, 0xfe, 0xc0, 0xfe, 0xc0, 0xfe, 0xc0, 0xfe, 0xc0,
	0xfe, 0xc0, 0xfe, 0xc0, 0xfe, 0x81, 0xf6, 0xc1, 0x92, 0xc0, 0x61, 0x20, 0x6a, 0xc1, 0x20, 0x3d, 0x1c, 0x0e, 0xa1, 0x41,
	0x20, 0x6a, 0xa0, 0x61, 0x41, 0xd5, 0x20, 0xff, 0xa0, 0xfe, 0xc0, 0xfe, 0xc0, 0xfe, 0xc0, 0xfe, 0xc0, 0xfe, 0xc0, 0xfe,
	0xa0, 0xfe, 0x20, 0xff, 0x05, 0x94, 0x3d, 0x36, 0x0e, 0xe5, 0x93, 0x40, 0xff, 0xa0, 0xfe, 0xc0, 0xfe, 0xc0, 0xfe, 0xc0,
	0xfe, 0xc0, 0xfe, 0xc0, 0xfe, 0xa0, 0xfe, 0x00, 0xff, 0x62, 0xdd, 0xc0, 0x69, 0x20, 0x6a, 0xa0, 0x49, 0x3e, 0x1c, 0x0e,
	0x60, 0x18, 0x00, 0x62, 0xa0, 0x61, 0x62, 0xbc, 0x01, 0xff, 0xa0, 0xfe, 0xc0, 0xfe, 0xc0, 0xfe, 0xc0, 0xfe, 0xc0, 0xfe,
	0xc0, 0xfe, 0xe0, 0xfe, 0x84, 0xf6, 0xc2, 0x20, 0x3e, 0x36, 0x0e, 0xe2, 0x18, 0xa4, 0xf6, 0xe0, 0xfe, 0xc0, 0xfe, 0xc0,
	0xfe, 0xc0, 0xfe, 0xc0, 0xfe, 0xc0, 0xfe, 0xa0, 0xfe, 0xe0, 0xfe, 0x82, 0xc4, 0xc0, 0x69, 0x20, 0x62, 0xa0, 0x18, 0x3f,
	0x1d, 0x0c, 0x81, 0x49, 0x00, 0x6a, 0x21, 0x7a, 0x42, 0xf6, 0xc0, 0xfe, 0xc0, 0xfe, 0xc0, 0xfe, 0xc0, 0xfe, 0xc0, 0xfe,
	0xa0, 0xfe, 0x00, 0xff, 0xa3, 0x93, 0x3f, 0x37, 0x0c, 0xa3, 0x8b, 0x20, 0xff, 0xc0, 0xfe, 0xc0, 0xfe, 0xc0, 0xfe, 0xc0,
	0xfe, 0xa0, 0xfe, 0xe0, 0xfe, 0x42, 0xf6, 0x20, 0x7a, 0x00, 0x6a, 0x60, 0x41, 0x40, 0x1d, 0x0c, 0xa1, 0x20, 0x20, 0x62,
	0xc0, 0x61, 0x22, 0xb4, 0x21, 0xff, 0xa0, 0xfe, 0xc0, 0xfe, 0xc0, 0xfe, 0xc0, 0xfe, 0xa0, 0xfe, 0x42, 0xff, 0x23, 0x52,
	0x40, 0x37, 0x0c, 0x23, 0x52, 0x42, 0xff, 0xa0, 0xfe, 0xc0, 0xfe, 0xc0, 0xfe, 0xc0, 0xfe, 0xa0, 0xfe, 0x21, 0xff, 0x03,
	0xac, 0xa0, 0x59, 0x20, 0x62, 0x80, 0x18, 0x41, 0x1e, 0x0b, 0x80, 0x41, 0x00, 0x62, 0x41, 0x72, 0x43, 0xee, 0x00, 0xff,
	0xa0, 0xfe, 0xc0, 0xfe, 0xa0, 0xfe, 0x20, 0xff, 0xc4, 0xd5, 0xa2, 0x10, 0x41, 0x37, 0x0b, 0xa2, 0x18, 0xa4, 0xd5, 0x20,
	0xff, 0xa0, 0xfe, 0xc0, 0xfe, 0xc0, 0xfe, 0x00, 0xff, 0x22, 0xee, 0x40, 0x7a, 0x20, 0x6a, 0xc1, 0x49, 0x42, 0x1e, 0x0a,
	0xa0, 0x18, 0x40, 0x62, 0xa0, 0x61, 0x22, 0xb4, 0xe1, 0xfe, 0xc0, 0xfe, 0xa0, 0xfe, 0xc0, 0xfe, 0x01, 0xff, 0xc4, 0x6a,
	0x42, 0x38, 0x0a, 0xe4, 0x6a, 0xe1, 0xfe, 0xc0, 0xfe, 0xa0, 0xfe, 0xc0, 0xfe, 0xe1, 0xfe, 0x23, 0xb4, 0xc0, 0x61, 0x40,
	0x6a, 0xa0, 0x18, 0x43, 0x1f, 0x09, 0xa1, 0x49, 0x00, 0x62, 0x40, 0x7a, 0x80, 0xfe, 0xc0, 0xfe, 0xc0, 0xfe, 0xc0, 0xfe,
	0xc3, 0xfe, 0x81, 0x10, 0x43, 0x38, 0x09, 0x81, 0x10, 0xc3, 0xfe, 0xc0, 0xfe, 0xc0, 0xfe, 0xc0, 0xfe, 0xc2, 0xfe, 0x81,
	0x82, 0x00, 0x6a, 0xa0, 0x49, 0x44, 0x1f, 0x09, 0xa1, 0x18, 0x20, 0x62, 0x00, 0x6a, 0x62, 0xdd, 0x01, 0xff, 0xa0, 0xfe,
	0x40, 0xff, 0xe6, 0xb4, 0x61, 0x08, 0x44, 0x38, 0x09, 0x61, 0x08, 0xc5, 0xb4, 0x20, 0xff, 0xa0, 0xfe, 0x00, 0xff, 0x62,
	0xdd, 0x20, 0x72, 0x00, 0x6a, 0xa0, 0x20, 0x45, 0x20, 0x07, 0xc2, 0x49, 0xc0, 0x61, 0x43, 0x9b, 0xc1, 0xfe, 0xe0, 0xfe,
	0xa3, 0xf6, 0xa3, 0x41, 0x45, 0x39, 0x07, 0xa3, 0x39, 0xa1, 0xf6, 0xc0, 0xfe, 0xe1, 0xfe, 0x42, 0x9b, 0xc0, 0x61, 0xa1,
	0x49, 0x46, 0x20, 0x06, 0xc0, 0x28, 0x40, 0x72, 0xa0, 0x69, 0x62, 0xdd, 0x60, 0xff, 0xe5, 0xbc, 0x46, 0x3a, 0x06, 0xc4,
	0xbc, 0x40, 0xff, 0x83, 0xdd, 0xc0, 0x69, 0x40, 0x6a, 0xc0, 0x20, 0x47, 0x20, 0x06, 0x61, 0x10, 0x01, 0x5a, 0xe0, 0x69,
	0x41, 0x9b, 0x23, 0xff, 0xa2, 0x41, 0x47, 0x3a, 0x06, 0x82, 0x41, 0x03, 0xff, 0x41, 0x9b, 0x00, 0x62, 0x21, 0x5a, 0x61,
	0x10, 0x48, 0x21, 0x05, 0x60, 0x10, 0xe0, 0x30, 0xa2, 0x82, 0x87, 0xf6, 0xe2, 0x20, 0x48, 0x3a, 0x05, 0xe2, 0x20, 0x67,
	0xee, 0xe1, 0x82, 0x00, 0x31, 0x61, 0x10, 0x49, 0x23, 0x02, 0x80, 0x18, 0x01, 0x31, 0x49, 0x3b, 0x02, 0xe1, 0x28, 0x80,
	0x18, 0x15, 0x29, 0x0b, 0x80, 0x18, 0x80, 0x18, 0x80, 0x10, 0x80, 0x18, 0x80, 0x10, 0x41, 0x31, 0x82, 0x39, 0xa0, 0x18,
	0xa0, 0x18, 0xa0, 0x18, 0x61, 0x10, 0x16, 0x28, 0x10, 0x41, 0x08, 0xc2, 0x72, 0x00, 0x7b, 0x00, 0x7b, 0x00, 0x7b, 0x00,
	0x7b, 0x00, 0x7b, 0x60, 0x8b, 0x80, 0x9b, 0x60, 0x9b, 0x80, 0xa3, 0x41, 0x8b, 0x22, 0x5a, 0x22, 0x5a, 0x42, 0x5a, 0x62,
	0x31, 0x17, 0x28, 0x10, 0x61, 0x08, 0x02, 0x73, 0x00, 0x83, 0xe0, 0x82, 0xe0, 0x82, 0xe0, 0x82, 0xe0, 0x82, 0x20, 0x93,
	0x60, 0xa3, 0x60, 0xa3, 0x60, 0xa3, 0x80, 0xa3, 0xa0, 0xa3, 0xa0, 0xa3, 0xe0, 0xab, 0xa3, 0x6a, 0x18, 0x29, 0x0f, 0xc2,
	0x49, 0x20, 0x8b, 0xe0, 0x82, 0xe0, 0x82, 0xe0, 0x82, 0xe0, 0x8a, 0xe0, 0x8a, 0x60, 0x9b, 0x40, 0x9b, 0x60, 0xa3, 0x60,
	0xa3, 0x40, 0x9b, 0x60, 0x9b, 0x40, 0x9b, 0xe1, 0x28, 0x19, 0x29, 0x0f, 0x21, 0x31, 0x40, 0x8b, 0xe0, 0x82, 0xe0, 0x82,
	0xe0, 0x82, 0xe0, 0x8a, 0xe0, 0x8a, 0x60, 0x9b, 0x60, 0xa3, 0x60, 0xa3, 0x60, 0xa3, 0x60, 0x9b, 0x60, 0xa3, 0x41, 0x9b,
	0x20, 0x08, 0x1a, 0x29, 0x0f, 0x41, 0x31, 0x20, 0x8b, 0xe0, 0x82, 0xe0, 0x82, 0xe0, 0x82, 0xe0, 0x8a, 0xe0, 0x8a, 0x60,
	0x9b, 0x60, 0xa3, 0x60, 0xa3, 0x60, 0xa3, 0x60, 0x9b, 0x60, 0xa3, 0x82, 0xa3, 0x61, 0x10, 0x1b, 0x29, 0x0e, 0x42, 0x31,
	0x40, 0x8b, 0xe0, 0x82, 0xe0, 0x82, 0xe0, 0x82, 0xe0, 0x8a, 0xe0, 0x8a, 0x60, 0xa3, 0x60, 0xa3, 0x60, 0xa3, 0x60, 0xa3,
	0x40, 0x9b, 0x80, 0xab, 0x81, 0x72, 0x1c, 0x29, 0x0e, 0xe1, 0x20, 0xe0, 0x82, 0xe0, 0x82, 0xe0, 0x82, 0xe0, 0x82, 0xe0,
	0x82, 0xe0, 0x8a, 0x40, 0x9b, 0x60, 0xa3, 0x60, 0xa3, 0x60, 0xa3, 0x40, 0x9b, 0xa0, 0xab, 0x62, 0x41, 0x1d, 0x2a, 0x0d,
	0x20, 0x62, 0x20, 0x8b, 0xe0, 0x82, 0xe0, 0x82, 0xe0, 0x82, 0xe0, 0x8a, 0x00, 0x93, 0x60, 0xa3, 0x60, 0x9b, 0x60, 0x9b,
	0x40, 0x9b, 0xa0, 0xb3, 0xa2, 0x51, 0x1e, 0x2a, 0x0d, 0x41, 0x62, 0x20, 0x8b, 0xe0, 0x82, 0xe0, 0x82, 0xe0, 0x82, 0xe0,
	0x82, 0x00, 0x93, 0x60, 0x9b, 0x60, 0x9b, 0x60, 0x9b, 0x60, 0xa3, 0x62, 0x9b, 0x22, 0x29, 0x1f, 0x2a, 0x0c, 0x61, 0x6a,
	0x20, 0x8b, 0xe0, 0x82, 0xe0, 0x82, 0xe0, 0x82, 0xe0, 0x82, 0x00, 0x8b, 0x60, 0x9b, 0x60, 0x9b, 0x60, 0x9b, 0x80, 0xab,
	0x81, 0x72, 0x20, 0x2a, 0x0c, 0x81, 0x49, 0x00, 0x8b, 0xe0, 0x82, 0xe0, 0x82, 0xe0, 0x82, 0xe0, 0x82, 0x00, 0x8b, 0x60,
	0x9b, 0x60, 0x9b, 0x60, 0x9b, 0xa0, 0xab, 0xc2, 0x7a, 0x21, 0x2a, 0x0c, 0x60, 0x10, 0xe1, 0x82, 0xe0, 0x8a, 0xe0, 0x82,
	0xe0, 0x82, 0xe0, 0x82, 0x00, 0x8b, 0x60, 0xa3, 0x60, 0x9b, 0x40, 0xa3, 0x81, 0x9b, 0x22, 0x31, 0x22, 0x2a, 0x0c, 0x81,
	0x10, 0x01, 0x83, 0xe0, 0x8a, 0xe0, 0x82, 0xe0, 0x82, 0xe0, 0x82, 0xe0, 0x82, 0x40, 0x9b, 0x60, 0xa3, 0x60, 0xa3, 0x61,
	0x9b, 0x60, 0x10, 0x23, 0x2a, 0x0c, 0x81, 0x10, 0x01, 0x7b, 0xe0, 0x82, 0xe0, 0x82, 0xe0, 0x82, 0x00, 0x83, 0xe0, 0x82,
	0x20, 0x9b, 0x60, 0xa3, 0x60, 0x9b, 0xa1, 0x9b, 0xa1, 0x18, 0x24, 0x2a, 0x0c, 0x61, 0x10, 0x01, 0x7b, 0xe0, 0x82, 0xe0,
	0x82, 0xe0, 0x82, 0x00, 0x83, 0xe0, 0x82, 0x40, 0x9b, 0x60, 0x9b, 0x80, 0xa3, 0xa1, 0x6a, 0x40, 0x08, 0x25, 0x2b, 0x0a,
	0xc1, 0x49, 0x20, 0x8b, 0xe0, 0x82, 0xe0, 0x82, 0x00, 0x83, 0xe0, 0x82, 0x20, 0x9b, 0x40, 0xa3, 0xc0, 0xab, 0xa1, 0x41,
	0x26, 0x2b, 0x0a, 0x61, 0x39, 0x20, 0x8b, 0xe0, 0x82, 0xe0, 0x82, 0x00, 0x83, 0xe0, 0x82, 0x20, 0x9b, 0x60, 0xa3, 0xa0,
	0xb3, 0xe2, 0x51, 0x27, 0x2b, 0x0a, 0x81, 0x39, 0x20, 0x8b, 0xe0, 0x82, 0xe0, 0x82, 0x00, 0x83, 0xe0, 0x82, 0xe0, 0x92,
	0x60, 0xa3, 0x61, 0xa3, 0x22, 0x29, 0x28, 0x2b, 0x09, 0x82, 0x39, 0x20, 0x8b, 0xe0, 0x82, 0xe0, 0x82, 0x00, 0x83, 0xe0,
	0x82, 0xe0, 0x8a, 0x80, 0xa3, 0xc1, 0x7a, 0x29, 0x2b, 0x09, 0xe1, 0x20, 0xc0, 0x7a, 0x00, 0x83, 0xe0, 0x82, 0x00, 0x83,
	0xe0, 0x82, 0xc0, 0x8a, 0xa0, 0xa3, 0x01, 0x7b, 0x2a, 0x2c, 0x08, 0x20, 0x62, 0x00, 0x8b, 0xe0, 0x82, 0x00, 0x83, 0xe0,
	0x82, 0xc0, 0x8a, 0x80, 0xa3, 0x82, 0x6a, 0x2b, 0x2c, 0x08, 0x20, 0x5a, 0x00, 0x83, 0xe0, 0x82, 0xe0, 0x82, 0xe0, 0x82,
	0xe0, 0x8a, 0x81, 0x9b, 0xc1, 0x20, 0x2c, 0x2c, 0x08, 0x40, 0x5a, 0x20, 0x83, 0xe0, 0x82, 0xe0, 0x82, 0xe0, 0x82, 0xe0,
	0x82, 0x41, 0x93, 0xc1, 0x18, 0x2d, 0x2c, 0x08, 0x21, 0x52, 0x00, 0x83, 0xe0, 0x82, 0xe0, 0x82, 0xe0, 0x82, 0xe0, 0x82,
	0x42, 0x8b, 0xc1, 0x20, 0x2e, 0x22, 0x01, 0x61, 0x08, 0x2e, 0x2c, 0x07, 0xc1, 0x20, 0x21, 0x83, 0x20, 0x8b, 0x20, 0x8b,
	0x20, 0x8b, 0x61, 0x93, 0x02, 0x52, 0x2e, 0x3d, 0x01, 0x41, 0x08, 0x2f, 0x1c, 0x0f, 0x62, 0x31, 0xa1, 0x41, 0xa0, 0x41,
	0xa0, 0x49, 0xa1, 0x41, 0xe1, 0x51, 0x81, 0x6a, 0xe0, 0x51, 0xe0, 0x59, 0xe0, 0x59, 0xe1, 0x51, 0x80, 0x10, 0x40, 0x08,
	0x41, 0x08, 0x41, 0x08, 0x2f, 0x2c, 0x07, 0xa1, 0x18, 0x03, 0x4a, 0x21, 0x31, 0x41, 0x39, 0x41, 0x39, 0x62, 0x39, 0xa1,
	0x18, 0x2f, 0x36, 0x0e, 0x40, 0x08, 0x40, 0x08, 0x60, 0x10, 0xe1, 0x59, 0xe1, 0x59, 0x01, 0x52, 0xe1, 0x51, 0x81, 0x6a,
	0xe0, 0x51, 0xa0, 0x41, 0xa0, 0x41, 0xa0, 0x41, 0xe0, 0x49, 0x82, 0x39, 0x30, 0x1c, 0x0f, 0xc2, 0x62, 0x60, 0x83, 0x20,
	0x83, 0x20, 0x8b, 0x20, 0x8b, 0x00, 0x83, 0x20, 0x8b, 0xa0, 0xab, 0xa0, 0xab, 0xa0, 0xab, 0xa0, 0xab, 0x61, 0x93, 0x42,
	0x8b, 0x62, 0x93, 0xe3, 0x72, 0x30, 0x35, 0x0f, 0xe2, 0x72, 0x41, 0x9b, 0x41, 0x8b, 0x61, 0x93, 0xa0, 0xab, 0xa0, 0xab,
	0xa0, 0xab, 0xc0, 0xa3, 0x20, 0x8b, 0x00, 0x8b, 0x20, 0x83, 0x20, 0x83, 0x20, 0x83, 0x40, 0x8b, 0xc1, 0x6a, 0x31, 0x1c,
	0x0f, 0x42, 0x52, 0x00, 0x83, 0xe0, 0x82, 0xe0, 0x82, 0xe0, 0x82, 0xe0, 0x82, 0xe0, 0x8a, 0x40, 0xa3, 0x60, 0xa3, 0x40,
	0xa3, 0x40, 0xa3, 0x60, 0xa3, 0x60, 0xa3, 0x80, 0xab, 0xa2, 0x72, 0x31, 0x35, 0x0f, 0xe2, 0x7a, 0xa0, 0xab, 0x60, 0xab,
	0x80, 0xa3, 0x60, 0xa3, 0x60, 0xa3, 0x60, 0xa3, 0x40, 0x9b, 0xe0, 0x8a, 0xc0, 0x82, 0xc0, 0x82, 0xc0, 0x82, 0xc0, 0x82,
	0x00, 0x83, 0x42, 0x5a, 0x32, 0x1c, 0x0f, 0x80, 0x18, 0xe0, 0x7a, 0xe0, 0x82, 0xe0, 0x82, 0xe0, 0x82, 0xe0, 0x82, 0xe0,
	0x82, 0x40, 0x9b, 0x60, 0xa3, 0x60, 0xa3, 0x60, 0xa3, 0x60, 0xa3, 0x60, 0x9b, 0x80, 0xa3, 0xe1, 0x30, 0x32, 0x35, 0x0f,
	0xe1, 0x20, 0x80, 0xa3, 0x60, 0xa3, 0x60, 0xa3, 0x60, 0xa3, 0x60, 0xa3, 0x60, 0xa3, 0x40, 0x9b, 0xe0, 0x82, 0xe0, 0x8a,
	0xe0, 0x82, 0xe0, 0x82, 0xe0, 0x82, 0x00, 0x8b, 0xa1, 0x20, 0x33, 0x1c, 0x0f, 0x80, 0x10, 0xe0, 0x7a, 0xe0, 0x82, 0xe0,
	0x82, 0xe0, 0x82, 0xe0, 0x82, 0xe0, 0x82, 0x40, 0x9b, 0x60, 0xa3, 0x60, 0xa3, 0x60, 0xa3, 0x60, 0xa3, 0x60, 0xa3, 0xa1,
	0xa3, 0xe1, 0x20, 0x33, 0x35, 0x0f, 0xe1, 0x20, 0x80, 0xa3, 0x60, 0xa3, 0x60, 0xa3, 0x60, 0xa3, 0x60, 0xa3, 0x60, 0xa3,
	0x40, 0x9b, 0xe0, 0x82, 0xe0, 0x8a, 0xe0, 0x82, 0xe0, 0x82, 0xe0, 0x82, 0x01, 0x8b, 0xa1, 0x18, 0x34, 0x1c, 0x0f, 0x80,
	0x10, 0xc0, 0x7a, 0xe0, 0x82, 0xe0, 0x82, 0xe0, 0x82, 0xe0, 0x82, 0xe0, 0x82, 0x40, 0x9b, 0x60, 0xa3, 0x60, 0xa3, 0x60,
	0xa3, 0x60, 0xa3, 0x40, 0xa3, 0xa1, 0xa3, 0xe2, 0x20, 0x34, 0x35, 0x0f, 0xe2, 0x20, 0x82, 0xa3, 0x60, 0xa3, 0x60, 0xa3,
	0x60, 0xa3, 0x60, 0xa3, 0x60, 0xa3, 0x40, 0x9b, 0xe0, 0x82, 0xe0, 0x8a, 0xe0, 0x82, 0xe0, 0x82, 0xe0, 0x82, 0x01, 0x8b,
	0xa1, 0x18, 0x35, 0x1c, 0x0e, 0x80, 0x10, 0x00, 0x7b, 0xe0, 0x82, 0xe0, 0x82, 0xe0, 0x82, 0xe0, 0x82, 0xe0, 0x82, 0x40,
	0x9b, 0x60, 0xa3, 0x60, 0xa3, 0x60, 0xa3, 0x60, 0x9b, 0x80, 0xab, 0x61, 0x6a, 0x35, 0x36, 0x0e, 0x00, 0x62, 0x80, 0xab,
	0x40, 0xa3, 0x60, 0xa3, 0x60, 0xa3, 0x60, 0xa3, 0x40, 0x93, 0xe0, 0x82, 0xe0, 0x82, 0xe0, 0x82, 0xe0, 0x82, 0xe0, 0x82,
	0x01, 0x83, 0xa1, 0x18, 0x36, 0x1d, 0x0d, 0x20, 0x52, 0x00, 0x83, 0xe0, 0x82, 0xe0, 0x82, 0xe0, 0x82, 0xe0, 0x82, 0x00,
	0x93, 0x60, 0xa3, 0x60, 0xa3, 0x60, 0xa3, 0x60, 0x9b, 0xa0, 0xab, 0x01, 0x5a, 0x36, 0x36, 0x0d, 0xa0, 0x51, 0xa0, 0xab,
	0x40, 0xa3, 0x60, 0xa3, 0x60, 0xa3, 0x60, 0xa3, 0x20, 0x93, 0xe0, 0x82, 0xe0, 0x82, 0xe0, 0x82, 0xe0, 0x82, 0x20, 0x83,
	0xe0, 0x51, 0x37, 0x1d, 0x0d, 0x81, 0x41, 0x20, 0x8b, 0xe0, 0x82, 0xe0, 0x82, 0xe0, 0x82, 0xe0, 0x82, 0x00, 0x93, 0x60,
	0xa3, 0x60, 0xa3, 0x60, 0xa3, 0x40, 0x9b, 0xa0, 0xab, 0x42, 0x62, 0x37, 0x36, 0x0d, 0xe1, 0x59, 0xa0, 0xab, 0x40, 0xa3,
	0x60, 0xa3, 0x60, 0xa3, 0x60, 0xa3, 0x00, 0x93, 0xe0, 0x82, 0xe0, 0x82, 0xe0, 0x82, 0xe0, 0x82, 0x20, 0x8b, 0x40, 0x39,
	0x38, 0x1d, 0x0d, 0xa1, 0x41, 0x20, 0x8b, 0xe0, 0x82, 0xe0, 0x82, 0xe0, 0x82, 0xe0, 0x82, 0x00, 0x93, 0x60, 0xa3, 0x60,
	0xa3, 0x60, 0xa3, 0x80, 0xa3, 0x41, 0x93, 0xc1, 0x20, 0x38, 0x36, 0x0d, 0xc1, 0x18, 0x62, 0x93, 0x60, 0xa3, 0x60, 0xa3,
	0x60, 0xa3, 0x60, 0xa3, 0x00, 0x93, 0xe0, 0x82, 0xe0, 0x82, 0xe0, 0x82, 0xe0, 0x82, 0x20, 0x8b, 0x60, 0x41, 0x39, 0x1d,
	0x0c, 0xc1, 0x41, 0x40, 0x8b, 0xe0, 0x82, 0xe0, 0x82, 0xe0, 0x82, 0xe0, 0x82, 0x00, 0x93, 0x60, 0xa3, 0x60, 0xa3, 0x60,
	0xa3, 0xa0, 0xa3, 0x00, 0x83, 0x39, 0x37, 0x0c, 0x41, 0x8b, 0x80, 0xa3, 0x60, 0xa3, 0x60, 0xa3, 0x60, 0xa3, 0x00, 0x93,
	0xe0, 0x82, 0xe0, 0x82, 0xe0, 0x82, 0xe0, 0x82, 0x20, 0x8b, 0x60, 0x41, 0x3a, 0x1d, 0x0c, 0x80, 0x10, 0xc0, 0x72, 0x00,
	0x83, 0xe0, 0x82, 0xe0, 0x82, 0xe0, 0x82, 0x00, 0x8b, 0x60, 0x9b, 0x60, 0xa3, 0x60, 0xa3, 0x80, 0xa3, 0xa2, 0x72, 0x3a,
	0x37, 0x0c, 0xe2, 0x72, 0x80, 0xa3, 0x60, 0x9b, 0x60, 0xa3, 0x60, 0xa3, 0x20, 0x93, 0xe0, 0x82, 0xe0, 0x82, 0xe0, 0x82,
	0xe0, 0x82, 0xc0, 0x7a, 0x60, 0x10, 0x3b, 0x1e, 0x0b, 0x81, 0x6a, 0x00, 0x83, 0xc0, 0x82, 0xe0, 0x82, 0xe0, 0x82, 0x00,
	0x83, 0x40, 0x9b, 0x60, 0xa3, 0x40, 0xa3, 0xa0, 0xa3, 0x21, 0x29, 0x3b, 0x37, 0x0b, 0x21, 0x31, 0xa0, 0xa3, 0x60, 0x9b,
	0x60, 0x9b, 0x40, 0x9b, 0xe0, 0x8a, 0xe0, 0x82, 0xe0, 0x82, 0xe0, 0x82, 0xe0, 0x8a, 0xa1, 0x6a, 0x3c, 0x1e, 0x0b, 0x81,
	0x6a, 0xe0, 0x82, 0xc0, 0x82, 0xe0, 0x82, 0xe0, 0x82, 0xe0, 0x82, 0x20, 0x93, 0x60, 0xa3, 0x40, 0xa3, 0xa0, 0xa3, 0x21,
	0x29, 0x3c, 0x37, 0x0b, 0x21, 0x31, 0xa0, 0xa3, 0x60, 0x9b, 0x60, 0x9b, 0x20, 0x93, 0xc0, 0x82, 0xe0, 0x82, 0xe0, 0x82,
	0xe0, 0x82, 0x00, 0x83, 0xa1, 0x6a, 0x3d, 0x1e, 0x0b, 0xa1, 0x72, 0xe0, 0x8a, 0xe0, 0x82, 0xe0, 0x82, 0xc0, 0x82, 0xc0,
	0x82, 0x20, 0x93, 0x60, 0xa3, 0x60, 0x9b, 0xc1, 0xa3, 0x22, 0x29, 0x3d, 0x37, 0x0b, 0x22, 0x31, 0xa1, 0xab, 0x40, 0xa3,
	0x60, 0x9b, 0x20, 0x93, 0xe0, 0x82, 0xe0, 0x82, 0xe0, 0x82, 0xe0, 0x82, 0x00, 0x8b, 0xc1, 0x72, 0x3e, 0x1e, 0x0a, 0x01,
	0x5a, 0xe0, 0x8a, 0xe0, 0x82, 0xc0, 0x82, 0xc0, 0x82, 0xe0, 0x7a, 0x20, 0x93, 0x60, 0xa3, 0xa0, 0xab, 0xa1, 0x72, 0x3e,
	0x38, 0x0a, 0xa1, 0x7a, 0x80, 0xab, 0x60, 0x9b, 0x20, 0x93, 0xe0, 0x82, 0xe0, 0x82, 0xe0, 0x82, 0xe0, 0x82, 0x00, 0x8b,
	0x02, 0x5a, 0x3f, 0x1e, 0x0a, 0xe0, 0x30, 0x00, 0x8b, 0xe0, 0x82, 0xe0, 0x82, 0xe0, 0x82, 0xc0, 0x82, 0x20, 0x93, 0x60,
	0xa3, 0xa0, 0xab, 0x62, 0x6a, 0x3f, 0x38, 0x0a, 0x82, 0x72, 0x80, 0xab, 0x60, 0xa3, 0x20, 0x93, 0xe0, 0x82, 0xe0, 0x82,
	0xe0, 0x82, 0xe0, 0x82, 0x20, 0x8b, 0xc1, 0x28, 0x40, 0x1e, 0x0a, 0x01, 0x29, 0x00, 0x83, 0xe0, 0x7a, 0xe0, 0x82, 0xe0,
	0x82, 0xc0, 0x82, 0xe0, 0x92, 0x40, 0x9b, 0xa0, 0xab, 0x83, 0x6a, 0x40, 0x38, 0x0a, 0xa3, 0x72, 0xa0, 0xab, 0x40, 0xa3,
	0x00, 0x93, 0xe0, 0x8a, 0xe0, 0x82, 0xe0, 0x82, 0xe0, 0x82, 0x20, 0x83, 0xe1, 0x20, 0x41, 0x1e, 0x0a, 0x01, 0x29, 0x00,
	0x83, 0xe0, 0x7a, 0xe0, 0x82, 0xe0, 0x82, 0xe0, 0x82, 0xc0, 0x8a, 0x40, 0x9b, 0x81, 0x9b, 0x01, 0x29, 0x41, 0x38, 0x0a,
	0x01, 0x21, 0x61, 0x9b, 0x40, 0xa3, 0xe0, 0x8a, 0xe0, 0x82, 0xe0, 0x82, 0xe0, 0x82, 0xe0, 0x82, 0x20, 0x83, 0xe1, 0x20,
	0x42, 0x1e, 0x0a, 0xe1, 0x20, 0x00, 0x83, 0xe0, 0x82, 0xe0, 0x82, 0xe0, 0x82, 0xe0, 0x82, 0xe0, 0x82, 0x60, 0x9b, 0x41,
	0x93, 0x60, 0x10, 0x42, 0x39, 0x09, 0x41, 0x93, 0x40, 0x9b, 0xe0, 0x82, 0xe0, 0x82, 0xe0, 0x82, 0xe0, 0x82, 0xc0, 0x82,
	0x21, 0x8b, 0xe1, 0x20, 0x43, 0x1f, 0x09, 0x21, 0x62, 0x00, 0x8b, 0xe0, 0x7a, 0xe0, 0x82, 0xe0, 0x82, 0xe0, 0x82, 0x60,
	0x9b, 0x82, 0x9b, 0x81, 0x18, 0x43, 0x38, 0x09, 0x61, 0x10, 0x82, 0xa3, 0x40, 0x9b, 0x00, 0x83, 0xe0, 0x82, 0xe0, 0x82,
	0xe0, 0x82, 0x00, 0x93, 0x21, 0x6a, 0x44, 0x1f, 0x09, 0xe1, 0x51, 0x20, 0x8b, 0xc0, 0x7a, 0xe0, 0x82, 0xe0, 0x82, 0xe0,
	0x82, 0x80, 0x9b, 0x62, 0x6a, 0x20, 0x08, 0x44, 0x39, 0x08, 0x41, 0x72, 0x80, 0xa3, 0xe0, 0x82, 0xe0, 0x82, 0xe0, 0x82,
	0xe0, 0x82, 0x00, 0x93, 0xe2, 0x61, 0x45, 0x1f, 0x08, 0xe1, 0x51, 0x00, 0x8b, 0xe0, 0x7a, 0xe0, 0x82, 0xe0, 0x82, 0xe0,
	0x7a, 0xa0, 0xa3, 0x42, 0x39, 0x45, 0x39, 0x08, 0x41, 0x39, 0x80, 0x9b, 0xe0, 0x82, 0xe0, 0x82, 0xe0, 0x82, 0xe0, 0x82,
	0x00, 0x8b, 0x02, 0x5a, 0x46, 0x1f, 0x08, 0x02, 0x52, 0x20, 0x8b, 0xe0, 0x7a, 0xe0, 0x82, 0xe0, 0x7a, 0xc0, 0x7a, 0x60,
	0x9b, 0xa2, 0x41, 0x46, 0x39, 0x08, 0x82, 0x41, 0x60, 0x93, 0xc0, 0x82, 0xe0, 0x82, 0xe0, 0x82, 0xe0, 0x82, 0x20, 0x8b,
	0x22, 0x62, 0x47, 0x1f, 0x08, 0x61, 0x31, 0xe0, 0x82, 0xe0, 0x82, 0xe0, 0x82, 0xe0, 0x82, 0xe0, 0x82, 0x01, 0x83, 0x02,
	0x29, 0x47, 0x39, 0x08, 0x02, 0x21, 0x01, 0x83, 0xe0, 0x82, 0x00, 0x83, 0xe0, 0x82, 0xe0, 0x82, 0x00, 0x83, 0x61, 0x39,
	0x48, 0x1f, 0x07, 0x20, 0x08, 0xc2, 0x7a, 0xa1, 0x7a, 0xa1, 0x7a, 0xa1, 0x7a, 0xe1, 0x82, 0x02, 0x52, 0x48, 0x3a, 0x06,
	0xe1, 0x51, 0xe1, 0x7a, 0xc1, 0x72, 0xc1, 0x7a, 0xc0, 0x7a, 0xc2, 0x7a, 0x49, 0x1f, 0x07, 0x40, 0x08, 0x22, 0x31, 0x20,
	0x08, 0x40, 0x10, 0x40, 0x08, 0x40, 0x08, 0x20, 0x08, 0x49, 0x3b, 0x06, 0x40, 0x08, 0x40, 0x08, 0x40, 0x08, 0x20, 0x08,
	0x22, 0x29, 0x40, 0x08, 0x12, 0x2d, 0x07, 0xa2, 0x18, 0x61, 0x31, 0x41, 0x39, 0x61, 0x41, 0x61, 0x39, 0x61, 0x31, 0x40,
	0x08, 0x13, 0x2d, 0x07, 0xa2, 0x41, 0x61, 0x8b, 0x00, 0x83, 0x00, 0x83, 0x00, 0x83, 0x41, 0x83, 0xa1, 0x18, 0x14, 0x2d,
	0x07, 0x21, 0x5a, 0x00, 0x83, 0xc0, 0x7a, 0xc0, 0x7a, 0xc0, 0x82, 0xe1, 0x7a, 0xa1, 0x10, 0x15, 0x2c, 0x08, 0x61, 0x08,
	0xa1, 0x72, 0x00, 0x83, 0xe0, 0x82, 0xe0, 0x82, 0xe0, 0x82, 0x01, 0x7b, 0xa1, 0x10, 0x16, 0x2c, 0x08, 0x60, 0x10, 0xa1,
	0x72, 0x00, 0x83, 0xe0, 0x82, 0xe0, 0x82, 0xe0, 0x82, 0xe1, 0x7a, 0xa1, 0x18, 0x17, 0x2c, 0x08, 0x61, 0x41, 0xa1, 0x72,
	0xe0, 0x82, 0xe0, 0x82, 0xe0, 0x82, 0xe0, 0x82, 0x00, 0x83, 0xa0, 0x20, 0x18, 0x2c, 0x08, 0xa1, 0x49, 0xa0, 0x7a, 0xe0,
	0x82, 0xe0, 0x82, 0xe0, 0x82, 0xe0, 0x82, 0x00, 0x83, 0xa1, 0x20, 0x19, 0x2b, 0x09, 0x40, 0x10, 0xe0, 0x59, 0xa0, 0x7a,
	0x00, 0x83, 0xe0, 0x82, 0xe0, 0x82, 0xe0, 0x82, 0x00, 0x83, 0xa0, 0x20, 0x1a, 0x2b, 0x09, 0x01, 0x29, 0x40, 0x62, 0x80,
	0x72, 0x00, 0x83, 0xe0, 0x82, 0xe0, 0x82, 0xe0, 0x82, 0x00, 0x83, 0xa0, 0x20, 0x1b, 0x2b, 0x09, 0x00, 0x29, 0x20, 0x62,
	0x80, 0x7a, 0x00, 0x83, 0xe0, 0x82, 0xe0, 0x82, 0xe0, 0x82, 0x00, 0x83, 0xa1, 0x20, 0x1c, 0x2b, 0x09, 0x00, 0x31, 0x40,
	0x72, 0x80, 0x7a, 0x00, 0x83, 0xe0, 0x82, 0xe0, 0x82, 0xe0, 0x82, 0x21, 0x83, 0xa1, 0x20, 0x1d, 0x2b, 0x09, 0x01, 0x31,
	0x40, 0x72, 0xa0, 0x7a, 0x00, 0x83, 0xe0, 0x82, 0xe0, 0x82, 0xe0, 0x82, 0x00, 0x83, 0xa0, 0x18, 0x1e, 0x2b, 0x09, 0x01,
	0x31, 0x40, 0x72, 0xa0, 0x7a, 0x00, 0x83, 0xe0, 0x82, 0xe0, 0x82, 0xe0, 0x82, 0x01, 0x83, 0xa1, 0x18, 0x1f, 0x2b, 0x09,
	0xe1, 0x28, 0x20, 0x6a, 0xa0, 0x7a, 0x00, 0x83, 0xe0, 0x82, 0xe0, 0x82, 0xe0, 0x82, 0x01, 0x83, 0xa1, 0x18, 0x20, 0x2c,
	0x08, 0xa0, 0x51, 0xc0, 0x7a, 0x00, 0x83, 0xe0, 0x82, 0xe0, 0x82, 0xe0, 0x82, 0x01, 0x83, 0xa1, 0x18, 0x21, 0x2c, 0x08,
	0xa0, 0x51, 0xc0, 0x7a, 0x00, 0x83, 0xe0, 0x82, 0xe0, 0x82, 0xe0, 0x82, 0x01, 0x83, 0xa1, 0x18, 0x22, 0x2c, 0x08, 0xc1,
	0x51, 0xc0, 0x82, 0xe0, 0x82, 0xe0, 0x82, 0xe0, 0x82, 0xe0, 0x82, 0x01, 0x83, 0xa1, 0x18, 0x23, 0x2c, 0x07, 0xe1, 0x51,
	0xe0, 0x82, 0xe0, 0x82, 0xe0, 0x82, 0xe0, 0x82, 0x20, 0x8b, 0x01, 0x52, 0x24, 0x2c, 0x07, 0x01, 0x52, 0x00, 0x8b, 0xe0,
	0x82, 0xe0, 0x82, 0xe0, 0x82, 0x20, 0x8b, 0x81, 0x41, 0x25, 0x2c, 0x07, 0xe1, 0x49, 0x00, 0x8b, 0xe0, 0x82, 0xe0, 0x82,
	0xe0, 0x82, 0x20, 0x8b, 0xa1, 0x49, 0x26, 0x2c, 0x07, 0x00, 0x52, 0x00, 0x8b, 0xe0, 0x82, 0xe0, 0x82, 0xe0, 0x82, 0x20,
	0x8b, 0xa1, 0x49, 0x27, 0x2c, 0x07, 0xe0, 0x51, 0x00, 0x8b, 0xe0, 0x82, 0xe0, 0x82, 0xe0, 0x82, 0x20, 0x8b, 0xa1, 0x49,
	0x28, 0x2c, 0x07, 0x01, 0x5a, 0x00, 0x8b, 0xe0, 0x82, 0xe0, 0x82, 0xe0, 0x82, 0x20, 0x8b, 0xa1, 0x49, 0x29, 0x2c, 0x07,
	0x81, 0x41, 0x00, 0x83, 0xe0, 0x82, 0xe0, 0x82, 0xe0, 0x82, 0x20, 0x8b, 0xa1, 0x49, 0x2a, 0x2c, 0x07, 0x80, 0x18, 0x00,
	0x83, 0xe0, 0x82, 0xe0, 0x82, 0xe0, 0x82, 0x20, 0x8b, 0xa1, 0x49, 0x2b, 0x2c, 0x07, 0xa0, 0x18, 0x00, 0x83, 0xe0, 0x82,
	0xe0, 0x82, 0xc0, 0x82, 0x20, 0x8b, 0xa1, 0x41, 0x2c, 0x20, 0x07, 0xc1, 0x18, 0x82, 0x62, 0x61, 0x62, 0x81, 0x62, 0x81,
	0x62, 0xa2, 0x6a, 0x02, 0x21, 0x2c, 0x2c, 0x07, 0xa1, 0x18, 0x00, 0x83, 0xc0, 0x82, 0xc0, 0x82, 0xc0, 0x82, 0x00, 0x93,
	0xa1, 0x39, 0x2c, 0x39, 0x07, 0xe1, 0x28, 0xa1, 0x6a, 0x61, 0x62, 0x61, 0x62, 0x81, 0x62, 0x82, 0x5a, 0xc1, 0x18, 0x2d,
	0x20, 0x07, 0x41, 0x31, 0x40, 0x83, 0xe0, 0x82, 0x00, 0x83, 0x00, 0x83, 0x40, 0x8b, 0x42, 0x31, 0x2d, 0x2c, 0x07, 0xa1,
	0x18, 0x21, 0x8b, 0x00, 0x8b, 0x00, 0x8b, 0x00, 0x8b, 0x40, 0x93, 0xc2, 0x41, 0x2d, 0x39, 0x07, 0x41, 0x39, 0x40, 0x8b,
	0xe0, 0x82, 0x00, 0x83, 0xe0, 0x82, 0x40, 0x8b, 0x41, 0x31, 0x2e, 0x20, 0x07, 0x41, 0x62, 0x00, 0x83, 0xc0, 0x82, 0xc0,
	0x82, 0xc0, 0x82, 0x20, 0x8b, 0x22, 0x29, 0x2e, 0x2c, 0x07, 0x60, 0x10, 0x03, 0x52, 0x01, 0x5a, 0x01, 0x5a, 0x01, 0x5a,
	0x42, 0x62, 0x22, 0x29, 0x2e, 0x39, 0x07, 0x20, 0x31, 0x20, 0x83, 0xc0, 0x7a, 0xe0, 0x82, 0xc0, 0x7a, 0x00, 0x83, 0x21,
	0x5a, 0x2f, 0x20, 0x07, 0x60, 0x6a, 0x00, 0x83, 0xe0, 0x82, 0xe0, 0x82, 0xc0, 0x82, 0x20, 0x8b, 0x22, 0x29, 0x2f, 0x39,
	0x08, 0x21, 0x31, 0x21, 0x83, 0xc0, 0x7a, 0xe0, 0x7a, 0xe0, 0x7a, 0xe0, 0x82, 0x60, 0x72, 0x00, 0x08, 0x30, 0x1f, 0x08,
	0x80, 0x10, 0x61, 0x62, 0x00, 0x83, 0xe0, 0x82, 0xe0, 0x82, 0xe0, 0x82, 0x00, 0x8b, 0x21, 0x31, 0x30, 0x39, 0x08, 0x21,
	0x29, 0x00, 0x83, 0xc0, 0x82, 0xe0, 0x82, 0xe0, 0x82, 0xe0, 0x82, 0x60, 0x72, 0x80, 0x20, 0x31, 0x1f, 0x08, 0x41, 0x31,
	0xc1, 0x6a, 0x00, 0x83, 0xe0, 0x82, 0xe0, 0x82, 0xe0, 0x82, 0x20, 0x8b, 0x41, 0x39, 0x31, 0x39, 0x08, 0x21, 0x31, 0x20,
	0x8b, 0xe0, 0x82, 0xe0, 0x82, 0xe0, 0x82, 0xe0, 0x82, 0x80, 0x7a, 0x20, 0x41, 0x32, 0x1f, 0x08, 0x41, 0x39, 0xc0, 0x72,
	0x00, 0x83, 0xe0, 0x82, 0xe0, 0x82, 0xe0, 0x82, 0x20, 0x8b, 0x41, 0x39, 0x32, 0x39, 0x08, 0x41, 0x31, 0x20, 0x8b, 0xe0,
	0x82, 0xe0, 0x82, 0xe0, 0x82, 0xe0, 0x82, 0xa0, 0x7a, 0x61, 0x49, 0x33, 0x1e, 0x09, 0x81, 0x10, 0x20, 0x5a, 0x80, 0x6a,
	0x00, 0x83, 0xe0, 0x82, 0xe0, 0x82, 0xe0, 0x82, 0x20, 0x8b, 0x41, 0x39, 0x33, 0x39, 0x09, 0x41, 0x31, 0x20, 0x8b, 0xe0,
	0x82, 0xe0, 0x82, 0xe0, 0x82, 0x00, 0x83, 0x80, 0x72, 0x01, 0x5a, 0x81, 0x10, 0x34, 0x1e, 0x09, 0xc0, 0x18, 0x40, 0x6a,
	0x60, 0x72, 0x00, 0x83, 0xe0, 0x82, 0xe0, 0x82, 0xe0, 0x82, 0x20, 0x8b, 0x41, 0x39, 0x34, 0x39, 0x09, 0x41, 0x31, 0x20,
	0x8b, 0xe0, 0x82, 0xe0, 0x82, 0xe0, 0x82, 0x00, 0x83, 0x60, 0x72, 0x21, 0x62, 0xa1, 0x18, 0x35, 0x1e, 0x09, 0xc0, 0x20,
	0x20, 0x62, 0x60, 0x72, 0x00, 0x83, 0xe0, 0x82, 0xe0, 0x82, 0xe0, 0x82, 0x20, 0x8b, 0x21, 0x31, 0x35, 0x39, 0x09, 0x41,
	0x31, 0x20, 0x8b, 0xe0, 0x82, 0xe0, 0x82, 0xe0, 0x82, 0x00, 0x83, 0x60, 0x72, 0x00, 0x62, 0xa0, 0x18, 0x36, 0x1e, 0x09,
	0xa0, 0x18, 0x20, 0x6a, 0x60, 0x72, 0x00, 0x83, 0xe0, 0x82, 0xe0, 0x82, 0xe0, 0x82, 0x20, 0x83, 0x21, 0x31, 0x36, 0x39,
	0x09, 0x41, 0x39, 0x20, 0x8b, 0xe0, 0x82, 0xe0, 0x82, 0xe0, 0x82, 0x00, 0x83, 0x60, 0x72, 0x20, 0x6a, 0xa0, 0x20, 0x37,
	0x1e, 0x09, 0xa1, 0x18, 0x20, 0x6a, 0x60, 0x72, 0x00, 0x83, 0xe0, 0x82, 0xe0, 0x82, 0xe0, 0x82, 0x20, 0x8b, 0x21, 0x31,
	0x37, 0x39, 0x09, 0x41, 0x39, 0x20, 0x8b, 0xe0, 0x82, 0xe0, 0x82, 0xe0, 0x82, 0x00, 0x83, 0x60, 0x72, 0x20, 0x6a, 0x81,
	0x18, 0x38, 0x1e, 0x09, 0xa1, 0x18, 0x40, 0x6a, 0x60, 0x72, 0x00, 0x83, 0xe0, 0x82, 0xe0, 0x82, 0xe0, 0x82, 0x20, 0x8b,
	0x21, 0x31, 0x38, 0x39, 0x09, 0x41, 0x31, 0x20, 0x8b, 0xe0, 0x82, 0xe0, 0x82, 0xe0, 0x82, 0x00, 0x83, 0x60, 0x72, 0x20,
	0x6a, 0xa1, 0x20, 0x39, 0x1e, 0x09, 0x40, 0x08, 0xc0, 0x51, 0x80, 0x72, 0x00, 0x83, 0xe0, 0x82, 0xe0, 0x82, 0xe0, 0x82,
	0x20, 0x8b, 0x21, 0x31, 0x39, 0x39, 0x09, 0x21, 0x31, 0x20, 0x93, 0xe0, 0x82, 0xe0, 0x82, 0xe0, 0x82, 0xe0, 0x82, 0x80,
	0x72, 0xe1, 0x59, 0x40, 0x10, 0x3a, 0x1f, 0x08, 0x40, 0x39, 0xa0, 0x7a, 0xe0, 0x82, 0xe0, 0x82, 0xe0, 0x82, 0xe0, 0x82,
	0x20, 0x83, 0x21, 0x29, 0x3a, 0x39, 0x08, 0x21, 0x31, 0x20, 0x93, 0xe0, 0x82, 0xe0, 0x82, 0xe0, 0x82, 0xe0, 0x82, 0x80,
	0x7a, 0x41, 0x39, 0x3b, 0x1f, 0x08, 0x61, 0x39, 0xa0, 0x72, 0xe0, 0x82, 0xe0, 0x82, 0xe0, 0x82, 0xc0, 0x82, 0x40, 0x8b,
	0x41, 0x31, 0x3b, 0x39, 0x08, 0x41, 0x31, 0x20, 0x93, 0xe0, 0x8a, 0xe0, 0x82, 0xe0, 0x82, 0xe0, 0x82, 0x80, 0x72, 0x61,
	0x39, 0x3c, 0x1f, 0x08, 0x81, 0x39, 0xc0, 0x7a, 0xe0, 0x82, 0xc0, 0x82, 0xe0, 0x82, 0xe0, 0x82, 0xe1, 0x7a, 0xe2, 0x20,
	0x3c, 0x39, 0x08, 0xe1, 0x20, 0x01, 0x83, 0xe0, 0x8a, 0xc0, 0x82, 0xe0, 0x82, 0xe0, 0x82, 0xc0, 0x7a, 0x61, 0x39, 0x3d,
	0x1f, 0x07, 0x81, 0x41, 0x00, 0x83, 0xc0, 0x82, 0xe0, 0x82, 0xe0, 0x82, 0x00, 0x8b, 0x21, 0x5a, 0x3d, 0x3a, 0x07, 0x21,
	0x5a, 0x00, 0x8b, 0xe0, 0x82, 0xe0, 0x82, 0xe0, 0x82, 0x00, 0x83, 0x80, 0x39, 0x3e, 0x1f, 0x07, 0x61, 0x41, 0x00, 0x8b,
	0xe0, 0x82, 0xe0, 0x82, 0xe0, 0x82, 0x00, 0x8b, 0x41, 0x62, 0x3e, 0x3a, 0x07, 0x41, 0x62, 0x00, 0x8b, 0xe0, 0x82, 0xe0,
	0x82, 0xe0, 0x82, 0x00, 0x83, 0x81, 0x39, 0x3f, 0x1f, 0x07, 0x61, 0x41, 0xe0, 0x8a, 0xe0, 0x82, 0xc0, 0x82, 0xc0, 0x82,
	0x00, 0x8b, 0x41, 0x62, 0x3f, 0x3a, 0x07, 0x41, 0x62, 0x00, 0x8b, 0xe0, 0x82, 0xe0, 0x82, 0xe0, 0x82, 0xe0, 0x82, 0x41,
	0x31, 0x40, 0x1f, 0x07, 0x80, 0x41, 0x00, 0x8b, 0xc0, 0x82, 0xc0, 0x82, 0xc0, 0x82, 0x00, 0x8b, 0x41, 0x62, 0x40, 0x3a,
	0x07, 0x21, 0x62, 0x00, 0x8b, 0xe0, 0x82, 0xe0, 0x82, 0xc0, 0x82, 0x00, 0x83, 0x80, 0x39, 0x41, 0x1f, 0x07, 0x81, 0x39,
	0x00, 0x8b, 0xc0, 0x82, 0xc0, 0x82, 0xe0, 0x82, 0x00, 0x8b, 0x41, 0x62, 0x41, 0x3a, 0x07, 0x21, 0x62, 0x00, 0x8b, 0xe0,
	0x82, 0xe0, 0x82, 0xc0, 0x82, 0x00, 0x83, 0x80, 0x39, 0x42, 0x1f, 0x07, 0x81, 0x41, 0x00, 0x83, 0xc0, 0x82, 0xc0, 0x82,
	0xc0, 0x82, 0x00, 0x8b, 0x41, 0x62, 0x42, 0x3a, 0x07, 0x21, 0x62, 0x00, 0x8b, 0xe0, 0x82, 0xe0, 0x82, 0xe0, 0x82, 0x00,
	0x8b, 0x81, 0x41, 0x43, 0x1f, 0x07, 0x80, 0x10, 0xc0, 0x7a, 0xe0, 0x82, 0xc0, 0x82, 0xc0, 0x82, 0x00, 0x8b, 0x41, 0x62,
	0x43, 0x3a, 0x07, 0x21, 0x62, 0x00, 0x8b, 0xe0, 0x82, 0xe0, 0x82, 0xe0, 0x8a, 0xc1, 0x82, 0x80, 0x18, 0x44, 0x1f, 0x07,
	0x20, 0x08, 0xa1, 0x7a, 0xe0, 0x82, 0xc0, 0x82, 0xe0, 0x82, 0x00, 0x8b, 0x21, 0x5a, 0x44, 0x3a, 0x07, 0x21, 0x62, 0x20,
	0x8b, 0xe0, 0x82, 0xe0, 0x82, 0xe0, 0x8a, 0xa1, 0x7a, 0x40, 0x08, 0x45, 0x1f, 0x07, 0x40, 0x08, 0xc1, 0x72, 0xe0, 0x82,
	0xe0, 0x82, 0xe0, 0x82, 0x00, 0x8b, 0x21, 0x5a, 0x45, 0x3a, 0x07, 0x41, 0x62, 0x20, 0x8b, 0xe0, 0x82, 0xe0, 0x82, 0xe0,
	0x82, 0xc1, 0x7a, 0x40, 0x08, 0x46, 0x1f, 0x07, 0x40, 0x08, 0xa1, 0x72, 0xc0, 0x82, 0xc0, 0x82, 0xe0, 0x82, 0x00, 0x83,
	0x21, 0x5a, 0x46, 0x3a, 0x07, 0x41, 0x62, 0x20, 0x8b, 0xe0, 0x82, 0xe0, 0x82, 0x00, 0x83, 0xc1, 0x7a, 0x40, 0x08, 0x47,
	0x20, 0x06, 0xe2, 0x72, 0x00, 0x8b, 0x00, 0x83, 0x20, 0x7b, 0x60, 0x83, 0x63, 0x5a, 0x47, 0x3a, 0x07, 0x23, 0x52, 0x41,
	0x8b, 0x20, 0x83, 0x20, 0x83, 0x20, 0x8b, 0xe2, 0x72, 0x20, 0x08, 0x48, 0x20, 0x06, 0xc1, 0x20, 0x01, 0x29, 0xe1, 0x20,
	0xe1, 0x20, 0xe1, 0x20, 0xc1, 0x18, 0x48, 0x3a, 0x06, 0xa2, 0x18, 0xe2, 0x20, 0xe1, 0x20, 0xe1, 0x20, 0xe1, 0x28, 0xe2,
	0x20, 0x11, 0x2f, 0x06, 0x60, 0x10, 0x60, 0x10, 0x60, 0x10, 0x60, 0x10, 0x60, 0x10, 0x60, 0x08, 0x12, 0x2e, 0x08, 0x82,
	0x41, 0x01, 0x7b, 0xc1, 0x7a, 0xe1, 0x7a, 0xe1, 0x7a, 0xe1, 0x7a, 0xe2, 0x72, 0x61, 0x10, 0x13, 0x2d, 0x09, 0x60, 0x10,
	0xc1, 0x7a, 0xe0, 0x82, 0xe0, 0x7a, 0xe0, 0x7a, 0xc0, 0x82, 0xc0, 0x82, 0xe1, 0x7a, 0x61, 0x10, 0x14, 0x2d, 0x09, 0xa1,
	0x49, 0x00, 0x83, 0xc0, 0x82, 0xe0, 0x82, 0xe0, 0x82, 0xc0, 0x82, 0xe0, 0x82, 0x01, 0x7b, 0x61, 0x10, 0x15, 0x2c, 0x0a,
	0x61, 0x08, 0xc1, 0x72, 0xe0, 0x82, 0xc0, 0x7a, 0xe0, 0x82, 0xe0, 0x82, 0xc0, 0x7a, 0x00, 0x83, 0x81, 0x6a, 0x41, 0x08,
	0x16, 0x2c, 0x09, 0xa2, 0x39, 0x00, 0x83, 0xe0, 0x82, 0xe0, 0x82, 0xe0, 0x82, 0xe0, 0x82, 0xe0, 0x7a, 0x20, 0x8b, 0x60,
	0x41, 0x17, 0x2b, 0x0a, 0x61, 0x10, 0x80, 0x7a, 0x00, 0x8b, 0xe0, 0x82, 0xe0, 0x82, 0xe0, 0x82, 0xe0, 0x82, 0xe0, 0x82,
	0x20, 0x8b, 0x61, 0x41, 0x18, 0x2b, 0x0a, 0xa2, 0x41, 0x00, 0x8b, 0xe0, 0x82, 0xe0, 0x82, 0xe0, 0x82, 0xe0, 0x82, 0xe0,
	0x82, 0xe0, 0x82, 0x20, 0x8b, 0x61, 0x41, 0x19, 0x2a, 0x0b, 0x60, 0x10, 0xc1, 0x72, 0xe0, 0x7a, 0xe0, 0x82, 0xe0, 0x82,
	0xe0, 0x82, 0xe0, 0x82, 0xe0, 0x82, 0xe0, 0x82, 0x20, 0x8b, 0x61, 0x41, 0x1a, 0x2a, 0x0b, 0xa2, 0x41, 0x20, 0x83, 0xe0,
	0x7a, 0xe0, 0x82, 0xe0, 0x82, 0xe0, 0x82, 0xe0, 0x82, 0xe0, 0x82, 0xe0, 0x82, 0x20, 0x8b, 0x61, 0x41, 0x1b, 0x29, 0x0c,
	0x81, 0x10, 0xc2, 0x6a, 0x00, 0x83, 0xe0, 0x82, 0xe0, 0x82, 0xe0, 0x82, 0xe0, 0x82, 0xe0, 0x82, 0xe0, 0x82, 0xe0, 0x82,
	0x40, 0x8b, 0x81, 0x41, 0x1c, 0x29, 0x0c, 0x62, 0x39, 0x41, 0x8b, 0xe0, 0x82, 0xe0, 0x82, 0xe0, 0x82, 0xe0, 0x82, 0xe0,
	0x82, 0xe0, 0x82, 0xe0, 0x82, 0xe0, 0x82, 0xe1, 0x7a, 0x01, 0x29, 0x1d, 0x29, 0x0b, 0x81, 0x10, 0xa0, 0x7a, 0x00, 0x83,
	0xe0, 0x82, 0xe0, 0x82, 0xe0, 0x82, 0xe0, 0x82, 0xe0, 0x82, 0xe0, 0x82, 0x00, 0x83, 0x61, 0x62, 0x1e, 0x2a, 0x0a, 0x21,
	0x62, 0x20, 0x8b, 0xe0, 0x82, 0xe0, 0x82, 0xe0, 0x82, 0xe0, 0x82, 0xe0, 0x82, 0xe0, 0x82, 0x00, 0x83, 0x61, 0x6a, 0x1f,
	0x2a, 0x0a, 0x41, 0x62, 0x20, 0x8b, 0xe0, 0x82, 0xe0, 0x82, 0xe0, 0x82, 0xe0, 0x82, 0xe0, 0x82, 0xe0, 0x82, 0x00, 0x8b,
	0x61, 0x6a, 0x20, 0x2a, 0x0a, 0x42, 0x62, 0x20, 0x8b, 0xe0, 0x82, 0xe0, 0x82, 0xe0, 0x82, 0xe0, 0x82, 0xe0, 0x82, 0xe0,
	0x82, 0x00, 0x8b, 0x61, 0x6a, 0x21, 0x2a, 0x0a, 0xe2, 0x20, 0x01, 0x83, 0xe0, 0x82, 0xe0, 0x82, 0xe0, 0x82, 0xe0, 0x82,
	0xe0, 0x82, 0xe0, 0x82, 0x00, 0x8b, 0x61, 0x6a, 0x22, 0x2a, 0x0a, 0x60, 0x10, 0xe1, 0x82, 0xe0, 0x8a, 0xe0, 0x82, 0xe0,
	0x82, 0xe0, 0x82, 0xe0, 0x82, 0xe0, 0x82, 0x00, 0x8b, 0x81, 0x6a, 0x23, 0x2a, 0x0a, 0x81, 0x10, 0x01, 0x7b, 0xe0, 0x82,
	0xe0, 0x82, 0xe0, 0x82, 0xe0, 0x82, 0xe0, 0x82, 0xe0, 0x82, 0x00, 0x83, 0x42, 0x5a, 0x24, 0x2a, 0x0a, 0x61, 0x10, 0x01,
	0x7b, 0xe0, 0x82, 0xe0, 0x82, 0xe0, 0x82, 0xe0, 0x82, 0xe0, 0x82, 0xe0, 0x82, 0x00, 0x83, 0x80, 0x18, 0x25, 0x2b, 0x09,
	0xa1, 0x49, 0x20, 0x8b, 0xe0, 0x82, 0xe0, 0x82, 0xe0, 0x82, 0xe0, 0x82, 0xe0, 0x82, 0xe0, 0x7a, 0x60, 0x10, 0x26, 0x2b,
	0x09, 0x61, 0x39, 0x20, 0x8b, 0xe0, 0x82, 0xe0, 0x82, 0xe0, 0x82, 0xe0, 0x82, 0xe0, 0x82, 0xe0, 0x7a, 0x80, 0x10, 0x27,
	0x2b, 0x09, 0x82, 0x39, 0x20, 0x8b, 0xe0, 0x82, 0xe0, 0x82, 0xe0, 0x82, 0xe0, 0x82, 0xe0, 0x82, 0xe0, 0x7a, 0x80, 0x10,
	0x28, 0x2b, 0x09, 0x60, 0x10, 0x80, 0x6a, 0x00, 0x83, 0xe0, 0x82, 0xe0, 0x82, 0xe0, 0x82, 0xe0, 0x82, 0xe0, 0x7a, 0x60,
	0x10, 0x29, 0x2c, 0x08, 0x00, 0x5a, 0x20, 0x8b, 0xe0, 0x82, 0xe0, 0x82, 0xe0, 0x82, 0xe0, 0x82, 0xe0, 0x82, 0x80, 0x18,
	0x2a, 0x2c, 0x08, 0x20, 0x5a, 0x20, 0x83, 0xe0, 0x82, 0xe0, 0x82, 0xe0, 0x82, 0xe0, 0x82, 0xc1, 0x7a, 0x81, 0x10, 0x2b,
	0x22, 0x07, 0x41, 0x31, 0x81, 0x39, 0x81, 0x39, 0x81, 0x39, 0x61, 0x39, 0x81, 0x39, 0x61, 0x10, 0x2b, 0x2c, 0x07, 0x41,
	0x5a, 0x20, 0x83, 0xe0, 0x82, 0xe0, 0x82, 0xe0, 0x82, 0x20, 0x8b, 0xa1, 0x41, 0x2b, 0x37, 0x07, 0x60, 0x10, 0x81, 0x41,
	0x61, 0x39, 0x61, 0x39, 0x61, 0x39, 0x61, 0x39, 0x62, 0x31, 0x2c, 0x21, 0x08, 0xc2, 0x41, 0x40, 0x83, 0x20, 0x83, 0x20,
	0x83, 0x20, 0x83, 0x20, 0x83, 0x61, 0x8b, 0x22, 0x29, 0x2c, 0x2c, 0x07, 0xe1, 0x28, 0x00, 0x83, 0xe0, 0x82, 0xe0, 0x82,
	0xe0, 0x82, 0x20, 0x8b, 0xa1, 0x39, 0x2c, 0x37, 0x08, 0x01, 0x31, 0x61, 0x8b, 0x00, 0x83, 0x20, 0x83, 0x20, 0x83, 0x20,
	0x83, 0x41, 0x83, 0xc2, 0x41, 0x2d, 0x20, 0x09, 0x80, 0x10, 0xc1, 0x72, 0xe0, 0x7a, 0xc0, 0x82, 0xc0, 0x82, 0xc0, 0x82,
	0xc0, 0x82, 0x01, 0x83, 0xe2, 0x20, 0x2d, 0x2c, 0x07, 0x81, 0x10, 0xe2, 0x7a, 0xe1, 0x7a, 0xe1, 0x7a, 0xc0, 0x7a, 0x21,
	0x83, 0xc2, 0x41, 0x2d, 0x37, 0x09, 0xe0, 0x28, 0x00, 0x7b, 0xc0, 0x7a, 0xc0, 0x7a, 0xc0, 0x7a, 0xc0, 0x7a, 0xe0, 0x7a,
	0xc1, 0x6a, 0x81, 0x10, 0x2e, 0x20, 0x09, 0xa1, 0x41, 0x20, 0x83, 0xe0, 0x7a, 0xe0, 0x82, 0xe0, 0x82, 0xe0, 0x82, 0xc0,
	0x82, 0x21, 0x8b, 0x02, 0x21, 0x2e, 0x2d, 0x06, 0x41, 0x08, 0x40, 0x08, 0x60, 0x10, 0x60, 0x10, 0xc1, 0x20, 0x23, 0x29,
	0x2e, 0x37, 0x09, 0x01, 0x29, 0x21, 0x83, 0xc0, 0x7a, 0xe0, 0x82, 0xe0, 0x7a, 0xe0, 0x82, 0xc0, 0x7a, 0x20, 0x83, 0xa2,
	0x41, 0x2f, 0x1f, 0x0a, 0x61, 0x08, 0xe2, 0x72, 0xe0, 0x7a, 0xe0, 0x7a, 0xe0, 0x82, 0xe0, 0x82, 0xe0, 0x82, 0x00, 0x8b,
	0x60, 0x6a, 0x40, 0x08, 0x2f, 0x37, 0x0a, 0x40, 0x08, 0x61, 0x6a, 0x00, 0x83, 0xe0, 0x7a, 0xe0, 0x7a, 0xe0, 0x7a, 0xe0,
	0x82, 0xe0, 0x7a, 0xc1, 0x72, 0x40, 0x08, 0x30, 0x1f, 0x09, 0xc2, 0x41, 0x21, 0x83, 0xe0, 0x82, 0xc0, 0x82, 0xe0, 0x82,
	0xe0, 0x82, 0xe0, 0x82, 0x20, 0x8b, 0xe1, 0x59, 0x30, 0x38, 0x09, 0x01, 0x5a, 0x20, 0x8b, 0xe0, 0x82, 0xe0, 0x82, 0xe0,
	0x82, 0xe0, 0x82, 0xe0, 0x7a, 0x00, 0x83, 0xc1, 0x49, 0x31, 0x1e, 0x0a, 0x81, 0x10, 0xc1, 0x72, 0x00, 0x7b, 0xe0, 0x82,
	0xc0, 0x82, 0xe0, 0x82, 0xe0, 0x82, 0xe0, 0x82, 0x20, 0x8b, 0x01, 0x62, 0x31, 0x38, 0x0a, 0x21, 0x5a, 0x20, 0x8b, 0xe0,
	0x82, 0x00, 0x83, 0xe0, 0x82, 0xe0, 0x82, 0xe0, 0x82, 0xe0, 0x82, 0xc1, 0x7a, 0x80, 0x18, 0x32, 0x1e, 0x0a, 0xa2, 0x41,
	0x40, 0x83, 0xe0, 0x7a, 0xe0, 0x82, 0xe0, 0x82, 0xe0, 0x82, 0xe0, 0x82, 0xe0, 0x82, 0x20, 0x8b, 0x01, 0x62, 0x32, 0x38,
	0x0a, 0x21, 0x5a, 0x20, 0x8b, 0xe0, 0x82, 0xe0, 0x82, 0xe0, 0x82, 0xe0, 0x82, 0xe0, 0x82, 0xc0, 0x7a, 0x20, 0x8b, 0x81,
	0x41, 0x33, 0x1d, 0x0b, 0x40, 0x08, 0xe2, 0x72, 0x00, 0x83, 0xe0, 0x82, 0xe0, 0x82, 0xc0, 0x82, 0xe0, 0x82, 0xe0, 0x82,
	0xe0, 0x82, 0x20, 0x8b, 0x01, 0x62, 0x33, 0x38, 0x0b, 0x21, 0x5a, 0x20, 0x8b, 0xe0, 0x82, 0x00, 0x83, 0xe0, 0x82, 0xe0,
	0x82, 0xe0, 0x82, 0xe0, 0x7a, 0xe0, 0x82, 0xc1, 0x72, 0x41, 0x08, 0x34, 0x1d, 0x0b, 0xa3, 0x39, 0x20, 0x83, 0xe0, 0x82,
	0xe0, 0x82, 0xe0, 0x82, 0xc0, 0x82, 0xe0, 0x82, 0xe0, 0x82, 0xe0, 0x82, 0x20, 0x8b, 0x01, 0x62, 0x34, 0x38, 0x0b, 0x21,
	0x52, 0x20, 0x8b, 0xe0, 0x82, 0xe0, 0x82, 0xe0, 0x82, 0xe0, 0x82, 0xe0, 0x82, 0xe0, 0x82, 0xc0, 0x7a, 0x20, 0x83, 0xa1,
	0x39, 0x35, 0x1c, 0x0c, 0x81, 0x10, 0xe2, 0x6a, 0x00, 0x7b, 0xe0, 0x82, 0xe0, 0x82, 0xe0, 0x82, 0xe0, 0x82, 0xe0, 0x82,
	0xe0, 0x82, 0xe0, 0x82, 0x20, 0x8b, 0x22, 0x5a, 0x35, 0x38, 0x0c, 0x22, 0x5a, 0x20, 0x8b, 0xe0, 0x82, 0x00, 0x83, 0xe0,
	0x82, 0xe0, 0x82, 0xe0, 0x82, 0xe0, 0x82, 0xe0, 0x82, 0x00, 0x83, 0xc2, 0x72, 0x81, 0x10, 0x36, 0x1c, 0x0c, 0xa1, 0x10,
	0x01, 0x73, 0xe0, 0x82, 0xe0, 0x82, 0xe0, 0x82, 0xe0, 0x82, 0xe0, 0x82, 0xe0, 0x82, 0xe0, 0x82, 0xe0, 0x82, 0xe0, 0x82,
	0xe1, 0x28, 0x36, 0x38, 0x0c, 0x01, 0x29, 0x00, 0x83, 0x00, 0x83, 0x00, 0x83, 0xe0, 0x82, 0xe0, 0x82, 0xe0, 0x82, 0xe0,
	0x82, 0xe0, 0x82, 0xe0, 0x82, 0xe1, 0x7a, 0xa1, 0x18, 0x37, 0x1d, 0x0b, 0xc1, 0x41, 0x20, 0x8b, 0xe0, 0x82, 0xe0, 0x82,
	0xe0, 0x82, 0xe0, 0x82, 0xe0, 0x82, 0xe0, 0x82, 0xe0, 0x82, 0xc1, 0x82, 0x60, 0x10, 0x37, 0x38, 0x0b, 0x20, 0x08, 0xe1,
	0x7a, 0xe0, 0x82, 0xe0, 0x82, 0xe0, 0x82, 0xe0, 0x82, 0xe0, 0x82, 0xe0, 0x82, 0xe0, 0x82, 0x20, 0x8b, 0x80, 0x49, 0x38,
	0x1d, 0x0b, 0xa1, 0x41, 0x20, 0x8b, 0xe0, 0x82, 0xe0, 0x82, 0xe0, 0x82, 0xe0, 0x82, 0xe0, 0x82, 0xe0, 0x82, 0xe0, 0x8a,
	0xe1, 0x82, 0x60, 0x10, 0x38, 0x38, 0x0b, 0x60, 0x10, 0xe1, 0x7a, 0xe0, 0x82, 0xe0, 0x82, 0xe0, 0x82, 0xe0, 0x82, 0xe0,
	0x82, 0xe0, 0x82, 0xe0, 0x82, 0x20, 0x8b, 0x40, 0x41, 0x39, 0x1d, 0x0b, 0xc1, 0x41, 0x40, 0x8b, 0xe0, 0x82, 0xe0, 0x82,
	0xe0, 0x82, 0xe0, 0x82, 0xe0, 0x82, 0xe0, 0x82, 0xe0, 0x8a, 0xe1, 0x82, 0x60, 0x10, 0x39, 0x38, 0x0b, 0x40, 0x08, 0xe1,
	0x7a, 0xe0, 0x82, 0xe0, 0x82, 0xe0, 0x82, 0xe0, 0x82, 0xe0, 0x82, 0xe0, 0x82, 0xe0, 0x82, 0x20, 0x8b, 0x60, 0x41, 0x3a,
	0x1d, 0x0b, 0x61, 0x39, 0x21, 0x83, 0xe0, 0x82, 0xe0, 0x82, 0xe0, 0x82, 0xe0, 0x82, 0xe0, 0x82, 0xe0, 0x82, 0xe0, 0x8a,
	0xe1, 0x7a, 0x60, 0x10, 0x3a, 0x38, 0x0b, 0x40, 0x08, 0xe1, 0x7a, 0x00, 0x8b, 0xe0, 0x82, 0xe0, 0x82, 0xe0, 0x82, 0xe0,
	0x82, 0xe0, 0x82, 0xe0, 0x82, 0x01, 0x83, 0x42, 0x31, 0x3b, 0x1e, 0x0a, 0xa2, 0x6a, 0x00, 0x83, 0xc0, 0x82, 0xe0, 0x82,
	0xe0, 0x82, 0xe0, 0x82, 0xe0, 0x82, 0xe0, 0x82, 0xe1, 0x7a, 0x61, 0x10, 0x3b, 0x38, 0x0a, 0x40, 0x08, 0xc1, 0x7a, 0x00,
	0x8b, 0x00, 0x83, 0xe0, 0x82, 0xe0, 0x82, 0xe0, 0x82, 0xe0, 0x82, 0x00, 0x83, 0xa2, 0x6a, 0x3c, 0x1e, 0x0a, 0x81, 0x6a,
	0xe0, 0x82, 0xe0, 0x82, 0xe0, 0x82, 0xe0, 0x82, 0xe0, 0x82, 0xe0, 0x82, 0xe0, 0x82, 0x02, 0x7b, 0x61, 0x10, 0x3c, 0x38,
	0x0a, 0x41, 0x08, 0xe2, 0x82, 0x00, 0x93, 0xe0, 0x8a, 0xe0, 0x82, 0xe0, 0x82, 0xe0, 0x82, 0xe0, 0x82, 0x00, 0x83, 0xa1,
	0x6a, 0x3d, 0x1e, 0x09, 0xa1, 0x72, 0xe0, 0x8a, 0xe0, 0x82, 0xc0, 0x82, 0xe0, 0x82, 0xe0, 0x82, 0xe0, 0x82, 0x00, 0x8b,
	0xe2, 0x51, 0x3d, 0x39, 0x09, 0xe1, 0x51, 0x00, 0x8b, 0xc0, 0x82, 0xe0, 0x82, 0xe0, 0x82, 0xe0, 0x82, 0xe0, 0x82, 0x00,
	0x8b, 0xc1, 0x72, 0x3e, 0x1e, 0x09, 0x01, 0x5a, 0xe0, 0x8a, 0xe0, 0x82, 0xc0, 0x82, 0xe0, 0x82, 0xe0, 0x82, 0xe0, 0x7a,
	0x20, 0x8b, 0x00, 0x31, 0x3e, 0x39, 0x09, 0x01, 0x29, 0x20, 0x8b, 0xe0, 0x82, 0x00, 0x83, 0xe0, 0x82, 0xe0, 0x82, 0xe0,
	0x82, 0x00, 0x8b, 0x22, 0x5a, 0x3f, 0x1e, 0x09, 0xc0, 0x28, 0x00, 0x8b, 0xe0, 0x7a, 0xe0, 0x82, 0xe0, 0x82, 0xe0, 0x82,
	0xe0, 0x82, 0x20, 0x8b, 0x41, 0x31, 0x3f, 0x39, 0x09, 0x41, 0x31, 0x20, 0x8b, 0xe0, 0x82, 0x00, 0x83, 0xe0, 0x82, 0xe0,
	0x82, 0xe0, 0x82, 0x20, 0x83, 0xc1, 0x20, 0x40, 0x1e, 0x09, 0xe1, 0x28, 0x00, 0x83, 0xe0, 0x7a, 0xe0, 0x82, 0xe0, 0x82,
	0xe0, 0x82, 0xe0, 0x82, 0x20, 0x8b, 0x41, 0x31, 0x40, 0x39, 0x09, 0x21, 0x31, 0x00, 0x8b, 0xe0, 0x82, 0x00, 0x83, 0xe0,
	0x82, 0xe0, 0x82, 0xe0, 0x82, 0x40, 0x83, 0xe1, 0x20, 0x41, 0x1e, 0x09, 0xc1, 0x18, 0xe0, 0x7a, 0xe0, 0x82, 0xe0, 0x7a,
	0xe0, 0x82, 0xe0, 0x82, 0xe0, 0x82, 0x20, 0x8b, 0x41, 0x31, 0x41, 0x39, 0x09, 0x21, 0x31, 0x00, 0x8b, 0xe0, 0x82, 0x00,
	0x83, 0xe0, 0x82, 0xe0, 0x82, 0xe0, 0x82, 0x01, 0x7b, 0xc1, 0x18, 0x42, 0x1f, 0x08, 0xe1, 0x59, 0x20, 0x8b, 0xc0, 0x7a,
	0xe0, 0x82, 0xe0, 0x82, 0xe0, 0x82, 0x20, 0x8b, 0x21, 0x31, 0x42, 0x39, 0x08, 0x21, 0x31, 0x00, 0x8b, 0xe0, 0x82, 0x00,
	0x83, 0xe0, 0x82, 0xe0, 0x82, 0x00, 0x8b, 0x01, 0x62, 0x43, 0x1f, 0x08, 0xe1, 0x51, 0x00, 0x8b, 0xe0, 0x7a, 0xe0, 0x82,
	0xe0, 0x82, 0xe0, 0x82, 0x20, 0x8b, 0x41, 0x39, 0x43, 0x39, 0x08, 0x41, 0x39, 0x20, 0x93, 0xe0, 0x82, 0x00, 0x83, 0xe0,
	0x82, 0xe0, 0x82, 0x00, 0x8b, 0xe1, 0x59, 0x44, 0x1f, 0x08, 0x02, 0x52, 0x20, 0x8b, 0xc0, 0x82, 0xe0, 0x82, 0xe0, 0x82,
	0x00, 0x83, 0xa0, 0x72, 0x80, 0x18, 0x44, 0x39, 0x08, 0x80, 0x18, 0xa0, 0x7a, 0x00, 0x83, 0xe0, 0x82, 0xe0, 0x82, 0xe0,
	0x7a, 0x20, 0x8b, 0x02, 0x5a, 0x45, 0x1f, 0x07, 0x62, 0x31, 0xe0, 0x7a, 0xc0, 0x82, 0xc0, 0x82, 0xc0, 0x82, 0x00, 0x8b,
	0x21, 0x5a, 0x45, 0x3a, 0x07, 0x21, 0x62, 0x00, 0x83, 0xe0, 0x7a, 0xe0, 0x7a, 0xe0, 0x7a, 0x00, 0x83, 0x61, 0x39, 0x46,
	0x20, 0x06, 0xe1, 0x7a, 0x20, 0x8b, 0x00, 0x8b, 0x00, 0x8b, 0x40, 0x93, 0x21, 0x5a, 0x46, 0x3a, 0x06, 0x40, 0x62, 0x40,
	0x8b, 0x20, 0x83, 0x20, 0x83, 0x20, 0x8b, 0xe1, 0x7a, 0x47, 0x20, 0x06, 0xc2, 0x49, 0x01, 0x52, 0xe1, 0x51, 0xe1, 0x51,
	0x22, 0x5a, 0x24, 0x52, 0x47, 0x3a, 0x06, 0x23, 0x52, 0x22, 0x52, 0x01, 0x52, 0x01, 0x52, 0x01, 0x52, 0xe3, 0x49, 0x48,
	0x25, 0x01, 0x82, 0x10, 0x48, 0x3a, 0x01, 0x81, 0x10, 0x11, 0x2f, 0x07, 0x81, 0x10, 0x83, 0x31, 0x40, 0x08, 0x60, 0x10,
	0x60, 0x10, 0x60, 0x10, 0x60, 0x10, 0x12, 0x2f, 0x08, 0x22, 0x52, 0x61, 0x8b, 0xe1, 0x7a, 0xe1, 0x82, 0xe0, 0x82, 0xc0,
	0x82, 0x01, 0x8b, 0x22, 0x29, 0x13, 0x2e, 0x09, 0x21, 0x31, 0x81, 0x93, 0x00, 0x8b, 0xe0, 0x82, 0xe0, 0x82, 0xe0, 0x82,
	0xe0, 0x82, 0x40, 0x8b, 0x42, 0x31, 0x14, 0x2e, 0x09, 0x42, 0x8b, 0x60, 0x9b, 0xc0, 0x82, 0xe0, 0x82, 0xe0, 0x82, 0xc0,
	0x7a, 0x00, 0x83, 0xa0, 0x72, 0x81, 0x10, 0x15, 0x2d, 0x09, 0x01, 0x5a, 0xa0, 0xa3, 0x00, 0x93, 0xc0, 0x82, 0xe0, 0x82,
	0xe0, 0x82, 0xe0, 0x82, 0x20, 0x83, 0x21, 0x62, 0x16, 0x2c, 0x0a, 0xc2, 0x18, 0xa1, 0x9b, 0x80, 0xa3, 0x00, 0x8b, 0xe0,
	0x82, 0xe0, 0x82, 0xe0, 0x82, 0xe0, 0x82, 0x20, 0x83, 0x41, 0x62, 0x17, 0x2b, 0x0b, 0x81, 0x10, 0xe2, 0x7a, 0x60, 0x9b,
	0x60, 0x9b, 0x20, 0x8b, 0xe0, 0x82, 0xe0, 0x82, 0xe0, 0x82, 0xe0, 0x7a, 0x20, 0x83, 0x41, 0x62, 0x18, 0x2b, 0x0b, 0xe3,
	0x51, 0xc0, 0xab, 0x60, 0x9b, 0x60, 0x9b, 0x20, 0x8b, 0xe0, 0x82, 0xe0, 0x82, 0xe0, 0x82, 0xe0, 0x82, 0x20, 0x83, 0x22,
	0x52, 0x19, 0x2a, 0x0c, 0x22, 0x31, 0x82, 0x9b, 0x60, 0xab, 0x60, 0x9b, 0x60, 0x9b, 0x00, 0x8b, 0xe0, 0x82, 0xe0, 0x82,
	0xe0, 0x82, 0x00, 0x8b, 0x01, 0x83, 0x81, 0x10, 0x1a, 0x2a, 0x0c, 0x03, 0x83, 0xa0, 0xab, 0x60, 0xa3, 0x60, 0xa3, 0x40,
	0x93, 0x00, 0x8b, 0xe0, 0x82, 0xe0, 0x82, 0xe0, 0x82, 0xe0, 0x8a, 0x01, 0x83, 0x60, 0x08, 0x1b, 0x29, 0x0d, 0x43, 0x62,
	0xa0, 0xab, 0x60, 0xa3, 0x60, 0xa3, 0x60, 0x9b, 0x40, 0x93, 0xe0, 0x82, 0xe0, 0x82, 0xe0, 0x82, 0xe0, 0x82, 0x00, 0x8b,
	0xe1, 0x7a, 0x61, 0x08, 0x1c, 0x28, 0x0e, 0xc1, 0x20, 0x81, 0x9b, 0x60, 0x9b, 0x60, 0xa3, 0x60, 0x9b, 0x60, 0x9b, 0x40,
	0x93, 0xe0, 0x82, 0xe0, 0x82, 0xe0, 0x82, 0x00, 0x83, 0x00, 0x83, 0x01, 0x7b, 0x61, 0x10, 0x1d, 0x28, 0x0e, 0x43, 0x62,
	0xa0, 0xa3, 0x60, 0x9b, 0x60, 0x9b, 0x60, 0x9b, 0x60, 0x9b, 0x40, 0x93, 0xe0, 0x82, 0xe0, 0x82, 0xe0, 0x82, 0x00, 0x83,
	0x00, 0x83, 0x01, 0x7b, 0x61, 0x10, 0x1e, 0x28, 0x0d, 0x80, 0x18, 0x60, 0x93, 0x80, 0x9b, 0x60, 0x9b, 0x60, 0x9b, 0x60,
	0x9b, 0x40, 0x93, 0xe0, 0x8a, 0xe0, 0x82, 0xe0, 0x82, 0xe0, 0x82, 0x20, 0x8b, 0xa1, 0x49, 0x1f, 0x28, 0x0d, 0x40, 0x10,
	0x81, 0x9b, 0x60, 0x9b, 0x60, 0x9b, 0x60, 0x9b, 0x60, 0x9b, 0x20, 0x93, 0xe0, 0x8a, 0xe0, 0x82, 0xe0, 0x82, 0xe0, 0x82,
	0x20, 0x8b, 0x62, 0x39, 0x20, 0x28, 0x0d, 0x40, 0x08, 0xa1, 0x7a, 0x80, 0x9b, 0x60, 0x9b, 0x60, 0x9b, 0x60, 0x9b, 0x00,
	0x8b, 0xe0, 0x8a, 0xe0, 0x82, 0xe0, 0x82, 0xe0, 0x82, 0x20, 0x8b, 0x61, 0x31, 0x21, 0x29, 0x0c, 0x41, 0x39, 0xc0, 0xa3,
	0x60, 0x9b, 0x60, 0x9b, 0x60, 0x9b, 0x00, 0x83, 0xe0, 0x82, 0xe0, 0x82, 0xe0, 0x82, 0xe0, 0x82, 0x40, 0x8b, 0x82, 0x39,
	0x22, 0x29, 0x0c, 0x82, 0x39, 0xc1, 0xa3, 0x60, 0x9b, 0x60, 0x9b, 0x60, 0x93, 0x00, 0x83, 0xe0, 0x82, 0xe0, 0x82, 0xe0,
	0x82, 0x00, 0x83, 0xe0, 0x7a, 0xe1, 0x20, 0x23, 0x29, 0x0b, 0x41, 0x08, 0xe2, 0x7a, 0x80, 0xa3, 0x40, 0x9b, 0x60, 0x93,
	0x00, 0x83, 0xe0, 0x82, 0xe0, 0x82, 0xe0, 0x82, 0x20, 0x8b, 0x61, 0x62, 0x24, 0x2a, 0x0a, 0x82, 0x6a, 0x80, 0xa3, 0x40,
	0x9b, 0x60, 0x93, 0x00, 0x83, 0xe0, 0x82, 0xe0, 0x82, 0xe0, 0x82, 0x00, 0x8b, 0x61, 0x6a, 0x25, 0x2a, 0x0a, 0xe0, 0x28,
	0x80, 0x9b, 0x60, 0x9b, 0x20, 0x8b, 0xe0, 0x82, 0xe0, 0x82, 0xe0, 0x82, 0xe0, 0x82, 0x00, 0x83, 0x61, 0x62, 0x26, 0x2a,
	0x0a, 0x81, 0x10, 0x81, 0x9b, 0x60, 0x9b, 0x20, 0x8b, 0xe0, 0x82, 0xe0, 0x82, 0xe0, 0x82, 0xe0, 0x82, 0x00, 0x83, 0x22,
	0x5a, 0x27, 0x2a, 0x0a, 0x61, 0x08, 0xe2, 0x7a, 0x80, 0x9b, 0x20, 0x8b, 0xe0, 0x82, 0xe0, 0x82, 0xe0, 0x82, 0xe0, 0x82,
	0x00, 0x83, 0xc1, 0x20, 0x28, 0x2b, 0x09, 0xa1, 0x49, 0xc0, 0xa3, 0x20, 0x8b, 0xe0, 0x82, 0xe0, 0x82, 0xe0, 0x82, 0xe0,
	0x82, 0x01, 0x83, 0x81, 0x18, 0x29, 0x2b, 0x09, 0xe1, 0x30, 0x40, 0x93, 0x20, 0x8b, 0xe0, 0x82, 0xe0, 0x82, 0xe0, 0x82,
	0xe0, 0x82, 0xe0, 0x82, 0x80, 0x18, 0x2a, 0x23, 0x01, 0x21, 0x00, 0x2a, 0x2c, 0x08, 0xc1, 0x7a, 0x40, 0x8b, 0xc0, 0x82,
	0xe0, 0x82, 0xe0, 0x82, 0xe0, 0x82, 0x00, 0x83, 0xa1, 0x18, 0x2b, 0x22, 0x08, 0xa2, 0x18, 0x83, 0x62, 0x81, 0x39, 0x61,
	0x39, 0x81, 0x39, 0x61, 0x39, 0x81, 0x39, 0xc1, 0x20, 0x2b, 0x2c, 0x08, 0xc2, 0x72, 0x00, 0x83, 0xc0, 0x82, 0xe0, 0x82,
	0xe0, 0x82, 0xc0, 0x82, 0x01, 0x73, 0xa1, 0x10, 0x2b, 0x36, 0x08, 0xe1, 0x28, 0x81, 0x39, 0x61, 0x31, 0x61, 0x39, 0x61,
	0x39, 0x81, 0x41, 0x62, 0x6a, 0xa1, 0x18, 0x2c, 0x22, 0x08, 0x02, 0x52, 0x80, 0x8b, 0x20, 0x83, 0x20, 0x83, 0x20, 0x83,
	0x20, 0x83, 0x60, 0x93, 0x02, 0x4a, 0x2c, 0x2c, 0x07, 0x02, 0x29, 0x41, 0x83, 0x20, 0x8b, 0x20, 0x8b, 0x20, 0x8b, 0x40,
	0x8b, 0x01, 0x4a, 0x2c, 0x36, 0x08, 0x01, 0x52, 0x60, 0x8b, 0x00, 0x7b, 0x00, 0x83, 0x20, 0x83, 0x20, 0x8b, 0x60, 0x9b,
	0x02, 0x52, 0x2d, 0x21, 0x09, 0x83, 0x41, 0xa1, 0x9b, 0xe0, 0x82, 0xc0, 0x82, 0xc0, 0x82, 0xc0, 0x82, 0xc0, 0x82, 0x00,
	0x8b, 0xa2, 0x41, 0x2d, 0x2d, 0x06, 0x42, 0x31, 0x41, 0x31, 0x41, 0x39, 0x21, 0x39, 0xa2, 0x41, 0x83, 0x31, 0x2d, 0x36,
	0x09, 0xc1, 0x41, 0x20, 0x83, 0xc0, 0x7a, 0xc0, 0x7a, 0xc0, 0x7a, 0xe0, 0x7a, 0xe0, 0x82, 0x81, 0x93, 0x82, 0x39, 0x2e,
	0x20, 0x0a, 0x40, 0x08, 0x01, 0x7b, 0x60, 0x93, 0xc0, 0x82, 0xe0, 0x82, 0xe0, 0x82, 0xe0, 0x82, 0xe0, 0x82, 0xa1, 0x7a,
	0x60, 0x10, 0x2e, 0x36, 0x09, 0x61, 0x10, 0xc1, 0x72, 0xe0, 0x82, 0xc0, 0x82, 0xc0, 0x82, 0xe0, 0x82, 0xe0, 0x82, 0x80,
	0x93, 0xe1, 0x82, 0x2f, 0x20, 0x0a, 0x82, 0x6a, 0xa0, 0x9b, 0x20, 0x8b, 0xe0, 0x82, 0xe0, 0x82, 0xe0, 0x82, 0xe0, 0x82,
	0x00, 0x83, 0xa1, 0x7a, 0x20, 0x08, 0x2f, 0x37, 0x09, 0xc1, 0x72, 0x00, 0x83, 0xe0, 0x82, 0xe0, 0x82, 0xe0, 0x82, 0xe0,
	0x82, 0x20, 0x8b, 0x80, 0x9b, 0x82, 0x62, 0x30, 0x1f, 0x0a, 0xe1, 0x20, 0x81, 0x9b, 0x60, 0xa3, 0x20, 0x8b, 0xe0, 0x82,
	0xe0, 0x82, 0xe0, 0x82, 0xe0, 0x82, 0x00, 0x83, 0xa2, 0x6a, 0x30, 0x36, 0x0b, 0x20, 0x08, 0xa1, 0x72, 0x00, 0x83, 0xe0,
	0x82, 0xe0, 0x82, 0xe0, 0x82, 0xe0, 0x82, 0x20, 0x93, 0x80, 0x9b, 0x80, 0x9b, 0xe1, 0x28, 0x31, 0x1e, 0x0b, 0x81, 0x10,
	0x62, 0x8b, 0x60, 0xa3, 0x60, 0xa3, 0x20, 0x93, 0xe0, 0x82, 0xe0, 0x82, 0xe0, 0x82, 0xe0, 0x82, 0x00, 0x83, 0xc2, 0x72,
	0x31, 0x36, 0x0c, 0x20, 0x08, 0xc1, 0x7a, 0x00, 0x83, 0xe0, 0x82, 0xe0, 0x82, 0xe0, 0x82, 0xe0, 0x82, 0x20, 0x9b, 0x80,
	0xa3, 0x80, 0xa3, 0x62, 0x93, 0x81, 0x10, 0x32, 0x1e, 0x0b, 0x02, 0x52, 0xa0, 0xa3, 0x60, 0xa3, 0x60, 0xa3, 0x20, 0x93,
	0xe0, 0x82, 0xe0, 0x82, 0xe0, 0x82, 0xe0, 0x82, 0x00, 0x83, 0x02, 0x52, 0x32, 0x37, 0x0b, 0x02, 0x52, 0x00, 0x83, 0xe0,
	0x82, 0xe0, 0x82, 0xe0, 0x82, 0xe0, 0x82, 0x20, 0x9b, 0x80, 0xa3, 0x80, 0xa3, 0xc0, 0xab, 0xe2, 0x51, 0x33, 0x1d, 0x0c,
	0x63, 0x31, 0xc1, 0x9b, 0x60, 0x9b, 0x60, 0xa3, 0x60, 0x9b, 0x20, 0x8b, 0xe0, 0x82, 0xe0, 0x82, 0xe0, 0x82, 0xe0, 0x82,
	0x20, 0x8b, 0xe0, 0x28, 0x33, 0x37, 0x0c, 0xc1, 0x20, 0x20, 0x83, 0xe0, 0x82, 0xe0, 0x82, 0xe0, 0x82, 0xe0, 0x82, 0x20,
	0x9b, 0x60, 0xa3, 0x80, 0xa3, 0x80, 0xa3, 0xe2, 0xa3, 0x63, 0x31, 0x34, 0x1c, 0x0d, 0x60, 0x18, 0x01, 0x8b, 0x80, 0x9b,
	0x60, 0xa3, 0x60, 0xa3, 0x60, 0x9b, 0xe0, 0x82, 0xe0, 0x82, 0xe0, 0x82, 0xe0, 0x82, 0xe0, 0x82, 0x20, 0x8b, 0x01, 0x29,
	0x34, 0x37, 0x0d, 0x01, 0x21, 0x21, 0x83, 0xe0, 0x82, 0xe0, 0x82, 0xe0, 0x82, 0xe0, 0x8a, 0x00, 0x93, 0x60, 0xa3, 0x80,
	0xa3, 0x80, 0xa3, 0xa0, 0xab, 0xe2, 0x82, 0x61, 0x10, 0x35, 0x1c, 0x0d, 0x82, 0x72, 0xc0, 0xab, 0x60, 0x9b, 0x60, 0xa3,
	0x60, 0xa3, 0x40, 0x9b, 0xe0, 0x82, 0xe0, 0x82, 0xe0, 0x82, 0xe0, 0x82, 0xe0, 0x82, 0x01, 0x83, 0xe1, 0x20, 0x35, 0x37,
	0x0d, 0xe2, 0x20, 0x01, 0x83, 0xe0, 0x82, 0xe0, 0x82, 0xe0, 0x82, 0xe0, 0x82, 0xe0, 0x8a, 0x60, 0x9b, 0x60, 0xa3, 0x80,
	0xa3, 0x60, 0xa3, 0xa0, 0xab, 0xa3, 0x6a, 0x36, 0x1b, 0x0e, 0x01, 0x29, 0x81, 0x93, 0x60, 0x93, 0x60, 0xa3, 0x60, 0xa3,
	0x60, 0x9b, 0x40, 0x9b, 0xe0, 0x8a, 0xe0, 0x82, 0xe0, 0x82, 0xe0, 0x82, 0xe0, 0x7a, 0x20, 0x83, 0x01, 0x29, 0x36, 0x37,
	0x0e, 0x01, 0x21, 0x20, 0x83, 0xe0, 0x82, 0xe0, 0x82, 0xe0, 0x82, 0xe0, 0x82, 0x00, 0x8b, 0x60, 0x9b, 0x60, 0x9b, 0x60,
	0xa3, 0x60, 0x9b, 0x60, 0x9b, 0x60, 0x93, 0x22, 0x31, 0x37, 0x1b, 0x0e, 0x42, 0x29, 0x81, 0x93, 0x60, 0x9b, 0x60, 0xa3,
	0x60, 0xa3, 0x60, 0x9b, 0x40, 0x9b, 0xe0, 0x8a, 0xe0, 0x82, 0xe0, 0x82, 0xe0, 0x82, 0xe0, 0x82, 0xc1, 0x72, 0xa1, 0x18,
	0x37, 0x37, 0x0e, 0xa1, 0x18, 0xa1, 0x72, 0xe0, 0x82, 0xe0, 0x82, 0xe0, 0x82, 0xe0, 0x82, 0x00, 0x8b, 0x60, 0x9b, 0x60,
	0x9b, 0x40, 0xa3, 0x60, 0x9b, 0x60, 0x9b, 0x60, 0x93, 0x22, 0x31, 0x38, 0x1c, 0x0c, 0xc1, 0x72, 0xa0, 0xa3, 0x60, 0x9b,
	0x60, 0xa3, 0x60, 0x9b, 0x40, 0x9b, 0xe0, 0x8a, 0xe0, 0x82, 0xe0, 0x82, 0xe0, 0x7a, 0x20, 0x8b, 0x01, 0x52, 0x38, 0x38,
	0x0c, 0xe1, 0x51, 0x00, 0x8b, 0xc0, 0x82, 0xe0, 0x8a, 0xc0, 0x8a, 0x00, 0x8b, 0x60, 0x9b, 0x60, 0x9b, 0x60, 0xa3, 0x60,
	0x9b, 0x80, 0xab, 0xc1, 0x72, 0x39, 0x1c, 0x0c, 0x02, 0x83, 0x80, 0x9b, 0x60, 0xa3, 0x60, 0xa3, 0x60, 0x9b, 0x20, 0x93,
	0xe0, 0x8a, 0xe0, 0x82, 0xe0, 0x82, 0xe0, 0x82, 0x20, 0x83, 0xe1, 0x51, 0x39, 0x38, 0x0c, 0xe1, 0x51, 0x00, 0x8b, 0xc0,
	0x82, 0xe0, 0x8a, 0xe0, 0x8a, 0xe0, 0x8a, 0x20, 0x93, 0x60, 0x9b, 0x60, 0xa3, 0x60, 0x9b, 0x80, 0xab, 0xe1, 0x7a, 0x3a,
	0x1c, 0x0c, 0x61, 0x39, 0x80, 0x9b, 0x60, 0xa3, 0x60, 0xa3, 0x60, 0x9b, 0x00, 0x8b, 0xc0, 0x82, 0xe0, 0x82, 0xe0, 0x82,
	0xe0, 0x82, 0x20, 0x8b, 0xe2, 0x51, 0x3a, 0x38, 0x0c, 0xe2, 0x51, 0x00, 0x8b, 0xe0, 0x82, 0xe0, 0x82, 0xe0, 0x82, 0xc0,
	0x8a, 0x00, 0x93, 0x40, 0x9b, 0x60, 0xa3, 0x60, 0x9b, 0x80, 0x9b, 0x41, 0x39, 0x3b, 0x1c, 0x0c, 0xa1, 0x18, 0x81, 0xa3,
	0x40, 0x9b, 0x60, 0x9b, 0x60, 0x9b, 0x20, 0x8b, 0xc0, 0x82, 0xe0, 0x82, 0xe0, 0x82, 0xe0, 0x82, 0x20, 0x8b, 0x02, 0x52,
	0x3b, 0x38, 0x0c, 0x02, 0x52, 0x40, 0x93, 0xc0, 0x8a, 0xe0, 0x82, 0xe0, 0x82, 0xe0, 0x82, 0x00, 0x8b, 0x60, 0x9b, 0x60,
	0x9b, 0x60, 0x9b, 0xa1, 0x9b, 0xa1, 0x10, 0x3c, 0x1c, 0x0c, 0xa1, 0x18, 0x22, 0x8b, 0x80, 0xa3, 0x40, 0x9b, 0x60, 0x9b,
	0x00, 0x8b, 0xc0, 0x82, 0xe0, 0x82, 0xe0, 0x82, 0x00, 0x83, 0xe1, 0x7a, 0xa1, 0x18, 0x3c, 0x38, 0x0c, 0x81, 0x10, 0xe0,
	0x7a, 0xe0, 0x8a, 0xe0, 0x82, 0xe0, 0x82, 0xe0, 0x82, 0x00, 0x8b, 0x60, 0x9b, 0x60, 0x9b, 0x60, 0x9b, 0x01, 0x83, 0x81,
	0x10, 0x3d, 0x1d, 0x0b, 0x01, 0x52, 0xc0, 0xa3, 0x40, 0x9b, 0x60, 0x9b, 0x00, 0x8b, 0xe0, 0x82, 0xe0, 0x82, 0xe0, 0x7a,
	0x00, 0x83, 0xc1, 0x7a, 0x20, 0x08, 0x3d, 0x38, 0x0b, 0x20, 0x08, 0xc1, 0x7a, 0xe0, 0x82, 0x00, 0x83, 0x00, 0x83, 0xe0,
	0x82, 0x00, 0x8b, 0x60, 0x9b, 0x60, 0x9b, 0xc0, 0xa3, 0xe1, 0x59, 0x3e, 0x1d, 0x0b, 0x61, 0x39, 0x80, 0xa3, 0x60, 0x9b,
	0x40, 0x9b, 0x00, 0x8b, 0xe0, 0x82, 0xe0, 0x82, 0xe0, 0x82, 0xe0, 0x82, 0xe1, 0x7a, 0x40, 0x08, 0x3e, 0x38, 0x0b, 0x40,
	0x08, 0xc1, 0x7a, 0xe0, 0x82, 0x00, 0x83, 0xe0, 0x82, 0xe0, 0x82, 0xe0, 0x8a, 0x40, 0x9b, 0x60, 0x9b, 0x80, 0x93, 0x62,
	0x39, 0x3f, 0x1d, 0x0b, 0x00, 0x08, 0x01, 0x93, 0x80, 0xa3, 0x40, 0x9b, 0xe0, 0x8a, 0xe0, 0x82, 0xe0, 0x82, 0xe0, 0x82,
	0x00, 0x83, 0xe2, 0x7a, 0x41, 0x08, 0x3f, 0x38, 0x0a, 0x41, 0x08, 0xe1, 0x7a, 0xe0, 0x8a, 0xe0, 0x82, 0x00, 0x83, 0xe0,
	0x82, 0xe0, 0x82, 0x20, 0x93, 0x80, 0xa3, 0x21, 0x83, 0x40, 0x1d, 0x0a, 0x20, 0x08, 0x21, 0x93, 0x80, 0xa3, 0x40, 0x9b,
	0xe0, 0x82, 0xe0, 0x82, 0xe0, 0x82, 0xe0, 0x82, 0x00, 0x83, 0x23, 0x5a, 0x40, 0x39, 0x09, 0x42, 0x5a, 0xe0, 0x8a, 0xe0,
	0x82, 0x00, 0x83, 0xe0, 0x82, 0xe0, 0x82, 0x20, 0x93, 0x80, 0xa3, 0x24, 0x83, 0x41, 0x1e, 0x09, 0xa1, 0x49, 0xa0, 0xab,
	0x40, 0x9b, 0xe0, 0x7a, 0xe0, 0x82, 0xe0, 0x82, 0xe0, 0x82, 0x20, 0x8b, 0x21, 0x31, 0x41, 0x39, 0x09, 0x01, 0x31, 0x00,
	0x8b, 0xe0, 0x82, 0x00, 0x83, 0xe0, 0x82, 0xe0, 0x82, 0x40, 0x93, 0x80, 0xa3, 0x82, 0x41, 0x42, 0x1e, 0x09, 0xe1, 0x28,
	0xc1, 0xab, 0x40, 0x9b, 0xe0, 0x82, 0xe0, 0x82, 0xe0, 0x82, 0xe0, 0x82, 0x20, 0x8b, 0x41, 0x31, 0x42, 0x39, 0x09, 0x21,
	0x31, 0x00, 0x8b, 0xe0, 0x82, 0x00, 0x83, 0xe0, 0x82, 0xe0, 0x82, 0x40, 0x93, 0xa1, 0xa3, 0xe1, 0x20, 0x43, 0x1e, 0x09,
	0x40, 0x08, 0xa1, 0x7a, 0x60, 0xa3, 0xc0, 0x82, 0xe0, 0x82, 0xe0, 0x82, 0xe0, 0x82, 0x00, 0x8b, 0x21, 0x31, 0x43, 0x39,
	0x09, 0x21, 0x31, 0x00, 0x8b, 0xe0, 0x82, 0x00, 0x83, 0x00, 0x83, 0xc0, 0x82, 0x40, 0x9b, 0x80, 0x72, 0x20, 0x08, 0x44,
	0x1f, 0x08, 0x23, 0x52, 0x40, 0x8b, 0xc0, 0x7a, 0xe0, 0x82, 0xe0, 0x82, 0xe0, 0x82, 0x20, 0x83, 0x41, 0x31, 0x44, 0x39,
	0x08, 0x21, 0x31, 0x20, 0x8b, 0xe0, 0x82, 0xe0, 0x82, 0xe0, 0x82, 0xc0, 0x82, 0x60, 0x93, 0x41, 0x62, 0x45, 0x1f, 0x08,
	0xc3, 0x39, 0x20, 0x83, 0xe0, 0x82, 0xe0, 0x82, 0xe0, 0x82, 0xe0, 0x82, 0xe0, 0x72, 0xe1, 0x20, 0x45, 0x39, 0x08, 0xc1,
	0x20, 0xc1, 0x82, 0xe0, 0x82, 0x00, 0x83, 0x00, 0x83, 0xe0, 0x82, 0x20, 0x8b, 0xa2, 0x41, 0x46, 0x20, 0x06, 0xa2, 0x6a,
	0xc1, 0x7a, 0xc1, 0x7a, 0xc1, 0x7a, 0x01, 0x83, 0x43, 0x5a, 0x46, 0x3a, 0x06, 0x42, 0x62, 0xe1, 0x82, 0xc1, 0x7a, 0xc1,
	0x7a, 0xe1, 0x7a, 0xa2, 0x72, 0x47, 0x20, 0x06, 0x40, 0x08, 0x40, 0x08, 0x40, 0x08, 0x40, 0x08, 0x61, 0x10, 0x44, 0x29,
	0x47, 0x3a, 0x06, 0x43, 0x31, 0x61, 0x10, 0x40, 0x08, 0x40, 0x08, 0x40, 0x08, 0x41, 0x08, 0x10, 0x32, 0x01, 0x41, 0x08,
	0x11, 0x31, 0x06, 0xc2, 0x20, 0x44, 0x83, 0x61, 0x62, 0x22, 0x52, 0x80, 0x18, 0x40, 0x10, 0x12, 0x30, 0x09, 0xa1, 0x18,
	0x24, 0xb4, 0xc1, 0xa3, 0x00, 0x83, 0x20, 0x8b, 0xc0, 0x82, 0xc1, 0x82, 0x81, 0x49, 0x41, 0x29, 0x13, 0x2f, 0x0a, 0xa1,
	0x18, 0x22, 0xbc, 0xa1, 0xd4, 0xc0, 0x82, 0xe0, 0x82, 0xe0, 0x82, 0xe0, 0x82, 0xe0, 0x82, 0x40, 0x8b, 0x02, 0x73, 0x14,
	0x2e, 0x0b, 0xa1, 0x20, 0x24, 0xbc, 0x00, 0xed, 0x60, 0xcc, 0x00, 0x8b, 0xe0, 0x82, 0xe0, 0x82, 0xe0, 0x82, 0xe0, 0x82,
	0x00, 0x83, 0xa2, 0x41, 0x15, 0x2d, 0x0c, 0x81, 0x18, 0x44, 0xbc, 0xc0, 0xec, 0xa0, 0xdc, 0x41, 0xc4, 0xe0, 0x82, 0xe0,
	0x7a, 0xe0, 0x82, 0xe0, 0x82, 0xe0, 0x7a, 0x00, 0x7b, 0xa0, 0x18, 0x16, 0x2c, 0x0d, 0xa1, 0x18, 0x03, 0xb4, 0xe0, 0xec,
	0x80, 0xe4, 0xc0, 0xe4, 0x80, 0xab, 0xc0, 0x82, 0x00, 0x83, 0xe0, 0x82, 0xe0, 0x82, 0xe0, 0x82, 0x01, 0x7b, 0xc1, 0x18,
	0x17, 0x2c, 0x0c, 0x42, 0x9b, 0x00, 0xed, 0x80, 0xe4, 0xa0, 0xe4, 0xc0, 0xe4, 0xa0, 0xa3, 0xe0, 0x82, 0x00, 0x83, 0x00,
	0x83, 0xe0, 0x82, 0x20, 0x8b, 0x22, 0x52, 0x18, 0x2b, 0x0d, 0xe2, 0x59, 0x80, 0xdc, 0xa0, 0xe4, 0xa0, 0xe4, 0xc0, 0xec,
	0x40, 0xcc, 0x00, 0x93, 0xe0, 0x8a, 0x00, 0x8b, 0xe0, 0x8a, 0xe0, 0x82, 0x20, 0x93, 0x22, 0x52, 0x19, 0x2a, 0x0e, 0xe2,
	0x51, 0xe2, 0xec, 0xc0, 0xec, 0xa0, 0xe4, 0xa0, 0xec, 0xc0, 0xe4, 0x00, 0xc4, 0xc0, 0x8a, 0x00, 0x8b, 0x00, 0x83, 0x00,
	0x83, 0x00, 0x83, 0x00, 0x8b, 0x42, 0x31, 0x1a, 0x29, 0x0f, 0xc2, 0x51, 0xe2, 0xe4, 0xa0, 0xe4, 0xa0, 0xe4, 0xa0, 0xec,
	0xa0, 0xe4, 0xc0, 0xec, 0x20, 0xcc, 0xc0, 0x8a, 0x00, 0x8b, 0x00, 0x83, 0x00, 0x83, 0x00, 0x83, 0xc0, 0x82, 0x20, 0x08,
	0x1b, 0x28, 0x10, 0xe2, 0x51, 0xc2, 0xe4, 0xa0, 0xec, 0xa0, 0xe4, 0xa0, 0xe4, 0xa0, 0xe4, 0xa0, 0xe4, 0xa0, 0xe4, 0xa0,
	0xb3, 0xc0, 0x82, 0x00, 0x83, 0x00, 0x83, 0x00, 0x83, 0x00, 0x83, 0xc1, 0x7a, 0x40, 0x08, 0x1c, 0x27, 0x10, 0x03, 0x52,
	0xe1, 0xe4, 0xc0, 0xdc, 0xa0, 0xe4, 0xa0, 0xe4, 0xa0, 0xec, 0xa0, 0xe4, 0xc0, 0xe4, 0x80, 0xd4, 0xe0, 0x8a, 0xe0, 0x82,
	0x00, 0x83, 0x00, 0x83, 0xe0, 0x82, 0x20, 0x8b, 0xa2, 0x41, 0x1d, 0x26, 0x11, 0xc2, 0x51, 0xc1, 0xdc, 0xc0, 0xe4, 0xa0,
	0xdc, 0xa0, 0xe4, 0xa0, 0xec, 0xa0, 0xec, 0xa0, 0xe4, 0xc0, 0xe4, 0xa1, 0xd4, 0x00, 0x8b, 0xe0, 0x82, 0x00, 0x83, 0x00,
	0x83, 0xe0, 0x82, 0x40, 0x8b, 0x61, 0x39, 0x1e, 0x25, 0x12, 0x03, 0x52, 0xe2, 0xe4, 0xa0, 0xdc, 0xa0, 0xdc, 0xa0, 0xe4,
	0xa0, 0xe4, 0xa0, 0xec, 0xa0, 0xec, 0xa0, 0xe4, 0xc0, 0xe4, 0x41, 0xc4, 0xe0, 0x8a, 0xe0, 0x82, 0x00, 0x83, 0x00, 0x83,
	0xe0, 0x8a, 0xe1, 0x82, 0xe1, 0x20, 0x1f, 0x25, 0x11, 0x84, 0x6a, 0x01, 0xed, 0x80, 0xdc, 0xa0, 0xe4, 0xa0, 0xe4, 0xa0,
	0xe4, 0xa0, 0xe4, 0xa0, 0xe4, 0xa0, 0xe4, 0xc0, 0xe4, 0x60, 0xab, 0xc0, 0x82, 0x00, 0x83, 0x00, 0x83, 0xe0, 0x82, 0x20,
	0x8b, 0x20, 0x62, 0x20, 0x25, 0x11, 0x81, 0x18, 0x62, 0xc4, 0xc0, 0xe4, 0xa0, 0xe4, 0xa0, 0xe4, 0xa0, 0xe4, 0xa0, 0xe4,
	0xa0, 0xec, 0xa0, 0xe4, 0xc0, 0xe4, 0x80, 0xab, 0xc0, 0x82, 0x00, 0x83, 0x00, 0x83, 0xe0, 0x82, 0x20, 0x8b, 0x61, 0x6a,
	0x21, 0x26, 0x10, 0x62, 0x6a, 0x01, 0xed, 0xa0, 0xe4, 0xa0, 0xec, 0xa0, 0xec, 0xa0, 0xec, 0xa0, 0xe4, 0xa0, 0xe4, 0xc0,
	0xdc, 0x80, 0xa3, 0xe0, 0x82, 0xe0, 0x82, 0xe0, 0x82, 0xe0, 0x82, 0x01, 0x83, 0x02, 0x29, 0x22, 0x27, 0x0f, 0x44, 0x8b,
	0x00, 0xf5, 0xa0, 0xe4, 0xa0, 0xec, 0xa0, 0xec, 0xa0, 0xe4, 0xc0, 0xe4, 0x40, 0xcc, 0xe0, 0x92, 0x00, 0x83, 0xe0, 0x82,
	0xe0, 0x82, 0xe0, 0x82, 0x01, 0x83, 0x60, 0x10, 0x23, 0x27, 0x0f, 0x23, 0x29, 0xa2, 0xe4, 0xa0, 0xe4, 0xa0, 0xe4, 0xa0,
	0xec, 0xa0, 0xe4, 0xc0, 0xec, 0x40, 0xcc, 0xc0, 0x8a, 0x00, 0x83, 0xe0, 0x82, 0xe0, 0x82, 0x00, 0x83, 0xc1, 0x6a, 0x61,
	0x08, 0x24, 0x28, 0x0d, 0x42, 0x9b, 0x00, 0xf5, 0xa0, 0xe4, 0xa0, 0xe4, 0xa0, 0xec, 0xa0, 0xe4, 0xa0, 0xb3, 0xc0, 0x8a,
	0xe0, 0x82, 0xe0, 0x82, 0xe0, 0x82, 0x20, 0x8b, 0x60, 0x39, 0x25, 0x28, 0x0d, 0xe1, 0x30, 0x01, 0xc4, 0xc0, 0xec, 0xa0,
	0xe4, 0xa0, 0xec, 0x80, 0xdc, 0xe0, 0x9a, 0xc0, 0x82, 0xe0, 0x82, 0xe0, 0x82, 0xe0, 0x82, 0x40, 0x8b, 0x81, 0x39, 0x26,
	0x29, 0x0c, 0xc3, 0x51, 0x01, 0xed, 0x80, 0xe4, 0xa0, 0xe4, 0xa0, 0xdc, 0x00, 0x93, 0xe0, 0x82, 0x00, 0x83, 0xe0, 0x82,
	0x00, 0x83, 0xc2, 0x72, 0x81, 0x10, 0x27, 0x29, 0x0b, 0x21, 0x08, 0x03, 0xb4, 0xe0, 0xec, 0xa0, 0xdc, 0x60, 0xcc, 0xe0,
	0x8a, 0xe0, 0x7a, 0x00, 0x7b, 0xe0, 0x82, 0x00, 0x8b, 0x61, 0x62, 0x28, 0x2a, 0x0a, 0x82, 0x49, 0xa2, 0xd4, 0xc0, 0xe4,
	0xa0, 0xb3, 0xa0, 0x82, 0x00, 0x7b, 0xe0, 0x7a, 0xe0, 0x82, 0x00, 0x83, 0x81, 0x6a, 0x29, 0x2b, 0x09, 0x84, 0x6a, 0x41,
	0xf5, 0x80, 0xb3, 0xc0, 0x82, 0x00, 0x7b, 0xe0, 0x7a, 0xe0, 0x82, 0x00, 0x83, 0xa1, 0x41, 0x2a, 0x25, 0x03, 0x02, 0x21,
	0x42, 0x29, 0x61, 0x10, 0x2a, 0x2b, 0x09, 0x81, 0x10, 0x83, 0xcc, 0xa0, 0xbb, 0xc0, 0x82, 0x00, 0x7b, 0xe0, 0x7a, 0x00,
	0x83, 0xe0, 0x7a, 0x40, 0x08, 0x2a, 0x38, 0x03, 0x61, 0x10, 0x22, 0x29, 0x02, 0x21, 0x2b, 0x24, 0x07, 0x42, 0x39, 0x04,
	0xac, 0xe0, 0x7a, 0x02, 0x83, 0x01, 0x52, 0x61, 0x31, 0x60, 0x10, 0x2b, 0x2c, 0x08, 0x22, 0x62, 0x20, 0x8b, 0x00, 0x7b,
	0x00, 0x7b, 0x20, 0x83, 0x20, 0x83, 0xe0, 0x72, 0x80, 0x10, 0x2b, 0x35, 0x07, 0x61, 0x10, 0x81, 0x39, 0xe1, 0x49, 0x01,
	0x7b, 0xe1, 0x7a, 0x23, 0xb4, 0x62, 0x41, 0x2c, 0x23, 0x1a, 0x42, 0x39, 0xa4, 0xcc, 0x60, 0x9b, 0xc0, 0x82, 0xe0, 0x82,
	0x20, 0x83, 0x40, 0x83, 0xa1, 0x72, 0x82, 0x62, 0x60, 0x18, 0x80, 0x10, 0x80, 0x10, 0x82, 0x41, 0x61, 0x5a, 0xa2, 0x62,
	0xe2, 0x49, 0x40, 0x08, 0x62, 0x62, 0x81, 0x6a, 0x21, 0x83, 0x00, 0x7b, 0xe0, 0x7a, 0xe0, 0x7a, 0x60, 0xa3, 0xa2, 0xd4,
	0x42, 0x39, 0x2d, 0x22, 0x0b, 0x42, 0x31, 0xa2, 0xd4, 0xc0, 0xdc, 0x00, 0x8b, 0xc0, 0x82, 0xe0, 0x82, 0xe0, 0x82, 0xc0,
	0x82, 0x00, 0x83, 0x21, 0x83, 0xa1, 0x18, 0x2d, 0x31, 0x0d, 0x21, 0x00, 0xa2, 0x10, 0x61, 0x10, 0x02, 0x7b, 0xe0, 0x7a,
	0xc0, 0x7a, 0xc0, 0x7a, 0xe0, 0x82, 0xe0, 0x7a, 0x00, 0x8b, 0xc0, 0xe4, 0x82, 0xcc, 0x22, 0x31, 0x2e, 0x21, 0x0b, 0x22,
	0x29, 0x63, 0xcc, 0xc0, 0xe4, 0xa0, 0xd4, 0x20, 0x93, 0xc0, 0x82, 0xe0, 0x82, 0xe0, 0x8a, 0xc0, 0x82, 0x00, 0x8b, 0xa1,
	0x49, 0x2e, 0x34, 0x0b, 0xa2, 0x41, 0x00, 0x83, 0xc0, 0x7a, 0xe0, 0x82, 0xe0, 0x82, 0xc0, 0x82, 0x41, 0x93, 0xc1, 0xdc,
	0xc0, 0xe4, 0x82, 0xcc, 0x42, 0x31, 0x2f, 0x20, 0x0c, 0x22, 0x31, 0x83, 0xcc, 0xc0, 0xe4, 0xa0, 0xdc, 0x40, 0xcc, 0xc0,
	0x8a, 0xe0, 0x82, 0xe0, 0x82, 0xe0, 0x8a, 0xc0, 0x82, 0x20, 0x93, 0xa1, 0x49, 0x2f, 0x34, 0x0c, 0xa1, 0x41, 0x40, 0x83,
	0xe0, 0x7a, 0xe0, 0x82, 0xe0, 0x82, 0xe0, 0x82, 0xe0, 0x82, 0x20, 0xc4, 0xa0, 0xe4, 0xc0, 0xe4, 0x82, 0xcc, 0x21, 0x39,
	0x30, 0x1f, 0x0d, 0x43, 0x31, 0xa3, 0xd4, 0xc0, 0xec, 0x80, 0xdc, 0xe0, 0xe4, 0xc0, 0xb3, 0xc0, 0x82, 0xe0, 0x82, 0xe0,
	0x82, 0xe0, 0x82, 0xe0, 0x82, 0xe2, 0x7a, 0x02, 0x29, 0x30, 0x34, 0x0d, 0xe2, 0x28, 0xe1, 0x7a, 0x00, 0x83, 0xe0, 0x82,
	0xe0, 0x82, 0xe0, 0x82, 0xc0, 0x82, 0xa0, 0xb3, 0xc0, 0xe4, 0x80, 0xdc, 0xc0, 0xe4, 0x82, 0xd4, 0x42, 0x41, 0x31, 0x1f,
	0x0c, 0x83, 0x9b, 0x00, 0xf5, 0x80, 0xe4, 0xa0, 0xe4, 0xc0, 0xe4, 0xa0, 0xab, 0xe0, 0x82, 0xe0, 0x82, 0xe0, 0x82, 0xe0,
	0x82, 0x00, 0x83, 0x82, 0x62, 0x31, 0x35, 0x0c, 0x61, 0x6a, 0x00, 0x83, 0xe0, 0x82, 0xe0, 0x82, 0xe0, 0x82, 0xc0, 0x7a,
	0x80, 0xab, 0xc0, 0xe4, 0xa0, 0xdc, 0x80, 0xe4, 0x00, 0xf5, 0x83, 0xab, 0x32, 0x1e, 0x0d, 0xa3, 0x7a, 0xc1, 0xe4, 0xa0,
	0xe4, 0xa0, 0xec, 0xc0, 0xec, 0x40, 0xd4, 0xe0, 0x92, 0xe0, 0x82, 0xe0, 0x82, 0xe0, 0x82, 0xe0, 0x82, 0x00, 0x83, 0x82,
	0x62, 0x32, 0x35, 0x0d, 0x82, 0x6a, 0x00, 0x83, 0xe0, 0x82, 0xe0, 0x82, 0xe0, 0x82, 0xe0, 0x82, 0xe0, 0x92, 0x60, 0xd4,
	0xc0, 0xe4, 0xa0, 0xe4, 0xa0, 0xe4, 0xc1, 0xe4, 0x83, 0x72, 0x33, 0x1d, 0x0e, 0x83, 0x72, 0x00, 0xed, 0xa0, 0xe4, 0xa0,
	0xec, 0xa0, 0xec, 0xc0, 0xec, 0x60, 0xd4, 0xe0, 0x92, 0xe0, 0x82, 0xe0, 0x82, 0xe0, 0x82, 0xe0, 0x82, 0x00, 0x83, 0x21,
	0x29, 0x33, 0x35, 0x0e, 0x22, 0x29, 0x01, 0x83, 0xe0, 0x82, 0xe0, 0x82, 0xe0, 0x82, 0xe0, 0x82, 0xc0, 0x92, 0x40, 0xcc,
	0xc0, 0xe4, 0xa0, 0xe4, 0xa0, 0xe4, 0xa0, 0xe4, 0x01, 0xed, 0x43, 0x62, 0x34, 0x1c, 0x0f, 0x42, 0x6a, 0xe1, 0xe4, 0xa0,
	0xe4, 0xa0, 0xe4, 0xa0, 0xec, 0xa0, 0xec, 0xc0, 0xec, 0x40, 0xcc, 0xa0, 0x8a, 0xe0, 0x82, 0xe0, 0x82, 0xe0, 0x82, 0xe0,
	0x82, 0x20, 0x83, 0xc0, 0x20, 0x34, 0x35, 0x0f, 0xa1, 0x18, 0x21, 0x83, 0xe0, 0x82, 0xe0, 0x82, 0xe0, 0x82, 0xe0, 0x82,
	0xe0, 0x92, 0x60, 0xd4, 0xc0, 0xe4, 0xa0, 0xdc, 0xa0, 0xe4, 0xa0, 0xe4, 0x80, 0xe4, 0x02, 0xed, 0x63, 0x6a, 0x35, 0x1b,
	0x10, 0xa2, 0x7a, 0xe1, 0xe4, 0xa0, 0xe4, 0xa0, 0xe4, 0xa0, 0xe4, 0xa0, 0xe4, 0xa0, 0xe4, 0xc0, 0xe4, 0x60, 0xab, 0xc0,
	0x8a, 0xe0, 0x82, 0xe0, 0x82, 0xe0, 0x82, 0x00, 0x83, 0xc2, 0x72, 0x81, 0x10, 0x35, 0x35, 0x10, 0x81, 0x10, 0xa1, 0x72,
	0xe0, 0x82, 0xe0, 0x82, 0xe0, 0x82, 0xe0, 0x82, 0xc0, 0x8a, 0x80, 0xb3, 0xc0, 0xe4, 0xa0, 0xe4, 0xa0, 0xe4, 0xa0, 0xe4,
	0xa0, 0xe4, 0xa0, 0xe4, 0x02, 0xed, 0xa3, 0x72, 0x36, 0x1a, 0x10, 0xc3, 0x82, 0x01, 0xed, 0xa0, 0xe4, 0xa0, 0xe4, 0xa0,
	0xe4, 0xa0, 0xe4, 0xa0, 0xe4, 0xa0, 0xe4, 0xc0, 0xe4, 0x40, 0x9b, 0xc0, 0x82, 0xe0, 0x82, 0xe0, 0x82, 0xe0, 0x82, 0x20,
	0x8b, 0xc2, 0x41, 0x36, 0x36, 0x10, 0x60, 0x41, 0x00, 0x8b, 0xc0, 0x82, 0xe0, 0x8a, 0xe0, 0x8a, 0xa0, 0x82, 0x20, 0x9b,
	0xc0, 0xdc, 0xa0, 0xe4, 0xa0, 0xec, 0xa0, 0xe4, 0xa0, 0xec, 0xa0, 0xe4, 0xa0, 0xe4, 0x01, 0xf5, 0xa3, 0x72, 0x37, 0x19,
	0x11, 0xc3, 0x82, 0xe1, 0xec, 0xa0, 0xdc, 0xa0, 0xe4, 0xa0, 0xec, 0xa0, 0xe4, 0xa0, 0xe4, 0xa0, 0xe4, 0xa0, 0xe4, 0xc0,
	0xe4, 0x40, 0x9b, 0xc0, 0x82, 0xe0, 0x82, 0xe0, 0x82, 0xe0, 0x82, 0x40, 0x8b, 0xe2, 0x49, 0x37, 0x36, 0x11, 0x80, 0x41,
	0x20, 0x8b, 0xc0, 0x82, 0xe0, 0x82, 0xe0, 0x8a, 0xc0, 0x82, 0x40, 0x9b, 0xe1, 0xdc, 0xa0, 0xe4, 0xa0, 0xec, 0xa0, 0xe4,
	0xa0, 0xec, 0xa0, 0xe4, 0xa0, 0xe4, 0xa0, 0xe4, 0x01, 0xf5, 0x83, 0x7a, 0x38, 0x18, 0x12, 0x25, 0x52, 0xe2, 0xe4, 0xa0,
	0xe4, 0xa0, 0xdc, 0xa0, 0xe4, 0xa0, 0xe4, 0xa0, 0xe4, 0xa0, 0xe4, 0xa0, 0xe4, 0xc0, 0xec, 0x20, 0xcc, 0xe0, 0x8a, 0xe0,
	0x82, 0xe0, 0x82, 0xe0, 0x82, 0x00, 0x83, 0xa0, 0x72, 0x81, 0x18, 0x38, 0x36, 0x12, 0xa0, 0x20, 0xc1, 0x7a, 0xe0, 0x82,
	0xe0, 0x82, 0xe0, 0x82, 0xe0, 0x82, 0xe0, 0x8a, 0x41, 0xcc, 0xc0, 0xec, 0xa0, 0xe4, 0xa0, 0xe4, 0xa0, 0xec, 0xa0, 0xe4,
	0xa0, 0xe4, 0xa0, 0xe4, 0xa0, 0xe4, 0x02, 0xed, 0xe4, 0x51, 0x39, 0x18, 0x11, 0xc2, 0x20, 0xa3, 0xd4, 0xc0, 0xe4, 0xa0,
	0xe4, 0xa0, 0xec, 0xa0, 0xec, 0xa0, 0xe4, 0xa0, 0xe4, 0xa0, 0xe4, 0xc0, 0xec, 0x00, 0xcc, 0xc0, 0x82, 0xe0, 0x8a, 0xe0,
	0x82, 0xe0, 0x82, 0x00, 0x83, 0x80, 0x6a, 0x39, 0x36, 0x12, 0x20, 0x08, 0xa0, 0x7a, 0x00, 0x83, 0xe0, 0x82, 0xe0, 0x82,
	0xe0, 0x82, 0xa0, 0x8a, 0xe0, 0xc3, 0xc0, 0xec, 0xa0, 0xe4, 0xa0, 0xec, 0xa0, 0xec, 0xa0, 0xe4, 0xa0, 0xe4, 0xa0, 0xe4,
	0xa0, 0xec, 0xa2, 0xd4, 0xc2, 0x18, 0x3a, 0x19, 0x10, 0xc2, 0x82, 0x00, 0xed, 0x80, 0xdc, 0xa0, 0xe4, 0xa0, 0xe4, 0xa0,
	0xe4, 0xa0, 0xe4, 0xa0, 0xe4, 0xc0, 0xe4, 0x00, 0xc4, 0xc0, 0x82, 0xe0, 0x82, 0xe0, 0x82, 0xe0, 0x82, 0x00, 0x83, 0x62,
	0x5a, 0x3a, 0x37, 0x10, 0x62, 0x62, 0x00, 0x83, 0xe0, 0x82, 0xe0, 0x82, 0xe0, 0x82, 0xc0, 0x8a, 0x00, 0xbc, 0xc0, 0xec,
	0xa0, 0xe4, 0xa0, 0xe4, 0xa0, 0xe4, 0xa0, 0xe4, 0xa0, 0xe4, 0xa0, 0xe4, 0x00, 0xf5, 0xc2, 0x82, 0x3b, 0x19, 0x10, 0xc1,
	0x20, 0x42, 0xc4, 0xc0, 0xdc, 0xa0, 0xdc, 0xa0, 0xe4, 0xa0, 0xe4, 0xa0, 0xec, 0xa0, 0xe4, 0xa0, 0xdc, 0x60, 0xa3, 0xe0,
	0x82, 0xe0, 0x82, 0xe0, 0x82, 0xc0, 0x82, 0x00, 0x8b, 0x02, 0x21, 0x3b, 0x37, 0x10, 0xe1, 0x20, 0x00, 0x83, 0xe0, 0x82,
	0xe0, 0x82, 0xe0, 0x82, 0xe0, 0x82, 0x60, 0xa3, 0x80, 0xdc, 0xa0, 0xe4, 0xa0, 0xe4, 0xa0, 0xe4, 0xa0, 0xec, 0xa0, 0xe4,
	0xc0, 0xe4, 0x43, 0xcc, 0xa1, 0x28, 0x3c, 0x1a, 0x0f, 0x43, 0x31, 0xe2, 0xe4, 0xa0, 0xdc, 0xa0, 0xdc, 0xa0, 0xe4, 0xa0,
	0xe4, 0xa0, 0xe4, 0x80, 0xd4, 0x00, 0x93, 0xe0, 0x82, 0xe0, 0x82, 0xe0, 0x82, 0xc0, 0x82, 0x20, 0x8b, 0x01, 0x29, 0x3c,
	0x37, 0x0f, 0x01, 0x29, 0x20, 0x8b, 0xe0, 0x82, 0xe0, 0x82, 0xe0, 0x82, 0xe0, 0x8a, 0xc0, 0x8a, 0x60, 0xd4, 0xc0, 0xe4,
	0xa0, 0xe4, 0xa0, 0xe4, 0xa0, 0xe4, 0xa0, 0xe4, 0xe1, 0xe4, 0x42, 0x39, 0x3d, 0x1b, 0x0e, 0x63, 0x9b, 0xe0, 0xe4, 0xa0,
	0xdc, 0xa0, 0xdc, 0xa0, 0xdc, 0xa0, 0xe4, 0x81, 0xd4, 0x00, 0x8b, 0xc0, 0x82, 0xe0, 0x82, 0xe0, 0x82, 0x00, 0x8b, 0x80,
	0x6a, 0x60, 0x08, 0x3d, 0x37, 0x0f, 0x60, 0x10, 0x80, 0x72, 0x00, 0x83, 0xe0, 0x82, 0xe0, 0x82, 0xc0, 0x82, 0xe0, 0x92,
	0x81, 0xd4, 0xc0, 0xdc, 0xa0, 0xdc, 0xa0, 0xe4, 0x80, 0xe4, 0xc0, 0xec, 0x83, 0xa3, 0x20, 0x08, 0x3e, 0x1b, 0x0d, 0x62,
	0x39, 0x02, 0xe5, 0xa0, 0xdc, 0xa0, 0xdc, 0xa0, 0xdc, 0xc0, 0xe4, 0x80, 0xab, 0xc0, 0x82, 0xe0, 0x82, 0xe0, 0x82, 0xe0,
	0x82, 0x20, 0x8b, 0x00, 0x5a, 0x3e, 0x38, 0x0d, 0x01, 0x5a, 0x20, 0x83, 0xe0, 0x82, 0xe0, 0x82, 0xe0, 0x82, 0xa0, 0x8a,
	0x80, 0xb3, 0xc0, 0xe4, 0xa0, 0xdc, 0xa0, 0xdc, 0xa0, 0xdc, 0x02, 0xe5, 0x82, 0x41, 0x3f, 0x1c, 0x0c, 0x02, 0x62, 0xe1,
	0xe4, 0xa0, 0xdc, 0xa0, 0xe4, 0xc0, 0xe4, 0x40, 0xa3, 0xc0, 0x82, 0xe0, 0x82, 0xe0, 0x82, 0xe0, 0x7a, 0x20, 0x8b, 0x02,
	0x52, 0x3f, 0x38, 0x0c, 0xe1, 0x49, 0x00, 0x83, 0xe0, 0x82, 0xe0, 0x82, 0xe0, 0x82, 0xa0, 0x8a, 0x60, 0xab, 0xc0, 0xe4,
	0xa0, 0xdc, 0xa0, 0xdc, 0x01, 0xe5, 0x23, 0x62, 0x40, 0x1c, 0x0c, 0x41, 0x08, 0x03, 0xb4, 0xc0, 0xec, 0xa0, 0xe4, 0xc0,
	0xe4, 0x60, 0xa3, 0xc0, 0x82, 0xe0, 0x82, 0xe0, 0x82, 0xe0, 0x82, 0xe1, 0x7a, 0x81, 0x18, 0x40, 0x38, 0x0c, 0x61, 0x10,
	0xc1, 0x7a, 0xe0, 0x82, 0x00, 0x83, 0x00, 0x8b, 0xc0, 0x82, 0x61, 0xa3, 0xc0, 0xe4, 0xa0, 0xdc, 0xc0, 0xe4, 0xe2, 0xbb,
	0x61, 0x10, 0x41, 0x1d, 0x0b, 0x63, 0x62, 0x20, 0xfd, 0xa0, 0xe4, 0x40, 0xd4, 0xe0, 0x92, 0xe0, 0x82, 0xe0, 0x82, 0xe0,
	0x82, 0xe0, 0x82, 0xe1, 0x7a, 0x60, 0x10, 0x41, 0x38, 0x0b, 0x40, 0x08, 0xa1, 0x7a, 0xe0, 0x8a, 0xe0, 0x82, 0xe0, 0x82,
	0xe0, 0x8a, 0x00, 0x8b, 0x40, 0xcc, 0xa0, 0xdc, 0x21, 0xf5, 0x02, 0x62, 0x42, 0x1d, 0x0b, 0x20, 0x08, 0x23, 0x8b, 0x00,
	0xed, 0xc0, 0xbb, 0xa0, 0x82, 0xe0, 0x82, 0xe0, 0x82, 0xe0, 0x82, 0xe0, 0x82, 0xe1, 0x7a, 0x60, 0x10, 0x42, 0x38, 0x0b,
	0x40, 0x08, 0xc1, 0x82, 0xe0, 0x8a, 0xe0, 0x82, 0xe0, 0x82, 0xe0, 0x82, 0xe0, 0x82, 0x00, 0xbc, 0x00, 0xf5, 0x02, 0x8b,
	0x20, 0x08, 0x43, 0x1e, 0x09, 0x02, 0x29, 0xe2, 0xe4, 0x01, 0xc4, 0xa0, 0x82, 0xe0, 0x82, 0xe0, 0x82, 0xe0, 0x82, 0x00,
	0x8b, 0x81, 0x41, 0x43, 0x39, 0x09, 0x80, 0x49, 0x20, 0x8b, 0xe0, 0x82, 0xe0, 0x82, 0xe0, 0x82, 0xc0, 0x7a, 0x20, 0xbc,
	0xe2, 0xe4, 0xe1, 0x28, 0x44, 0x1f, 0x08, 0x04, 0x8b, 0x01, 0xbc, 0xe0, 0x82, 0x00, 0x83, 0xc0, 0x82, 0xc0, 0x82, 0x20,
	0x8b, 0x21, 0x29, 0x44, 0x39, 0x08, 0x21, 0x31, 0x20, 0x8b, 0xe0, 0x7a, 0xe0, 0x7a, 0x20, 0x83, 0x00, 0x83, 0x01, 0xb4,
	0x43, 0x93, 0x45, 0x1f, 0x08, 0x82, 0x10, 0x23, 0x52, 0x21, 0x52, 0x81, 0x62, 0x20, 0x8b, 0x20, 0x8b, 0x01, 0x7b, 0xe2,
	0x20, 0x45, 0x39, 0x08, 0xc2, 0x18, 0xe1, 0x7a, 0x20, 0x83, 0x41, 0x83, 0x81, 0x62, 0xe1, 0x51, 0x22, 0x52, 0xa1, 0x18,
	0x46, 0x22, 0x04, 0x61, 0x08, 0x41, 0x31, 0x41, 0x31, 0xe4, 0x41, 0x46, 0x3a, 0x04, 0xe3, 0x41, 0x41, 0x31, 0x42, 0x29,
	0x61, 0x10, 0x12, 0x35, 0x03, 0x64, 0x5a, 0x02, 0x52, 0xc0, 0x20, 0x13, 0x33, 0x07, 0x63, 0x39, 0xe4, 0xcc, 0xc2, 0xa3,
	0xe0, 0x82, 0xe0, 0x7a, 0x01, 0x62, 0xa1, 0x28, 0x14, 0x31, 0x0b, 0x41, 0x08, 0x24, 0x7b, 0x82, 0xe5, 0x22, 0xfe, 0x20,
	0x93, 0xc0, 0x7a, 0xe0, 0x82, 0x00, 0x8b, 0x01, 0x83, 0x21, 0x5a, 0xe1, 0x20, 0x15, 0x30, 0x0c, 0x62, 0x31, 0x24, 0xac,
	0x61, 0xfe, 0x20, 0xfe, 0x61, 0xcc, 0xa0, 0x82, 0xe0, 0x82, 0xe0, 0x82, 0xc0, 0x82, 0xe0, 0x82, 0x40, 0x8b, 0x42, 0x31,
	0x16, 0x2e, 0x0d, 0x21, 0x00, 0xa4, 0x6a, 0x43, 0xfe, 0x00, 0xfe, 0xc0, 0xfd, 0xe1, 0xfd, 0x22, 0xbc, 0xa0, 0x7a, 0x00,
	0x83, 0xe0, 0x82, 0xe0, 0x7a, 0x00, 0x83, 0x41, 0x62, 0x17, 0x2d, 0x0e, 0x22, 0x39, 0x25, 0xcd, 0x01, 0xfe, 0xe0, 0xfd,
	0xa0, 0xfd, 0xe0, 0xfd, 0x61, 0xed, 0xe0, 0x92, 0x00, 0x83, 0x00, 0x83, 0xe0, 0x82, 0x00, 0x7b, 0x21, 0x83, 0x01, 0x21,
	0x18, 0x2c, 0x0f, 0x63, 0x39, 0x63, 0xed, 0x20, 0xfe, 0xa0, 0xfd, 0xc0, 0xfd, 0xc0, 0xfd, 0xe0, 0xfd, 0x21, 0xe5, 0xc0,
	0x8a, 0xe0, 0x8a, 0x00, 0x8b, 0x00, 0x83, 0x00, 0x83, 0xe2, 0x72, 0x81, 0x10, 0x19, 0x2a, 0x10, 0x21, 0x08, 0xe4, 0xa3,
	0xe2, 0xfd, 0xc0, 0xfd, 0xc0, 0xfd, 0xc0, 0xfd, 0xc0, 0xfd, 0xc0, 0xfd, 0x00, 0xfe, 0xa0, 0xab, 0xc0, 0x82, 0x00, 0x8b,
	0xe0, 0x8a, 0xe0, 0x82, 0x20, 0x8b, 0xe2, 0x49, 0x1a, 0x29, 0x11, 0x43, 0x5a, 0x03, 0xcd, 0x00, 0xfe, 0xc0, 0xfd, 0xc0,
	0xfd, 0xe0, 0xfd, 0xc0, 0xfd, 0xc0, 0xfd, 0x00, 0xfe, 0xe1, 0xe4, 0xe0, 0x8a, 0xe0, 0x82, 0x00, 0x83, 0x00, 0x83, 0x00,
	0x8b, 0xc0, 0x82, 0x80, 0x18, 0x1b, 0x27, 0x12, 0xe2, 0x20, 0x44, 0x83, 0xc2, 0xfd, 0x20, 0xfe, 0xc0, 0xfd, 0xc0, 0xfd,
	0xc0, 0xfd, 0xc0, 0xfd, 0xc0, 0xfd, 0xc0, 0xfd, 0x20, 0xfe, 0x62, 0xcc, 0xa0, 0x82, 0x00, 0x83, 0x00, 0x83, 0x00, 0x83,
	0x00, 0x83, 0xa1, 0x72, 0x1c, 0x26, 0x13, 0x83, 0x41, 0x03, 0xd5, 0x60, 0xfe, 0xe0, 0xfd, 0xc0, 0xfd, 0xe0, 0xfd, 0xc0,
	0xfd, 0xe0, 0xfd, 0xe0, 0xfd, 0xe0, 0xfd, 0xe0, 0xfd, 0xa0, 0xfd, 0x40, 0x9b, 0xe0, 0x82, 0x00, 0x83, 0x00, 0x83, 0xe0,
	0x82, 0x22, 0x83, 0x42, 0x31, 0x1d, 0x24, 0x15, 0x21, 0x08, 0x84, 0x93, 0x42, 0xfe, 0x00, 0xfe, 0xc0, 0xfd, 0xe0, 0xfd,
	0xe0, 0xfd, 0xe0, 0xfd, 0xe0, 0xfd, 0xe0, 0xfd, 0xe0, 0xfd, 0xe0, 0xfd, 0x00, 0xfe, 0x81, 0xf5, 0xe0, 0x8a, 0x00, 0x83,
	0x00, 0x83, 0xe0, 0x82, 0x00, 0x8b, 0x83, 0x62, 0x41, 0x08, 0x1e, 0x23, 0x15, 0x44, 0x52, 0x44, 0xdd, 0xe1, 0xfd, 0xe0,
	0xfd, 0xe0, 0xfd, 0xe0, 0xfd, 0xe0, 0xfd, 0xe0, 0xfd, 0xe0, 0xfd, 0xe0, 0xfd, 0xe0, 0xfd, 0xe0, 0xfd, 0xe0, 0xfd, 0x00,
	0xfe, 0xe1, 0xbb, 0xc0, 0x82, 0x00, 0x83, 0x00, 0x83, 0xe0, 0x82, 0x40, 0x8b, 0x02, 0x52, 0x1f, 0x23, 0x15, 0x84, 0x62,
	0x22, 0xfe, 0xc0, 0xfd, 0xc0, 0xfd, 0xe0, 0xfd, 0xc0, 0xfd, 0xe0, 0xfd, 0xe0, 0xfd, 0xe0, 0xfd, 0xe0, 0xfd, 0xe0, 0xfd,
	0xe0, 0xfd, 0xe0, 0xfd, 0x00, 0xfe, 0x61, 0xab, 0xa0, 0x82, 0x00, 0x83, 0x00, 0x83, 0xe0, 0x82, 0x00, 0x8b, 0x01, 0x29,
	0x20, 0x24, 0x13, 0x43, 0x62, 0x02, 0xfe, 0xc0, 0xfd, 0xc0, 0xfd, 0xe0, 0xfd, 0xe0, 0xfd, 0xe0, 0xfd, 0xe0, 0xfd, 0xe0,
	0xfd, 0xe0, 0xfd, 0xc0, 0xfd, 0x20, 0xfe, 0xe1, 0xdc, 0xa0, 0x8a, 0xe0, 0x82, 0xe0, 0x82, 0xe0, 0x82, 0x00, 0x8b, 0x21,
	0x6a, 0x21, 0x25, 0x12, 0x24, 0x5a, 0x03, 0xfe, 0xe0, 0xfd, 0xc0, 0xfd, 0xe0, 0xfd, 0xe0, 0xfd, 0xe0, 0xfd, 0xe0, 0xfd,
	0xe0, 0xfd, 0xe0, 0xfd, 0x20, 0xfe, 0x81, 0xc4, 0xa0, 0x82, 0xe0, 0x82, 0xc0, 0x82, 0xc0, 0x82, 0x20, 0x8b, 0x21, 0x31,
	0x22, 0x26, 0x11, 0x23, 0x5a, 0x22, 0xfe, 0xe0, 0xfd, 0xe0, 0xfd, 0xe0, 0xfd, 0xe0, 0xfd, 0xe0, 0xfd, 0xe0, 0xfd, 0xe0,
	0xfd, 0xc1, 0xfd, 0x20, 0x93, 0xe0, 0x82, 0xe0, 0x82, 0xc0, 0x82, 0xe0, 0x82, 0xc2, 0x72, 0xa1, 0x18, 0x23, 0x27, 0x0f,
	0x43, 0x62, 0xc1, 0xf5, 0xc0, 0xfd, 0xc0, 0xfd, 0xc0, 0xfd, 0xe0, 0xfd, 0xe0, 0xfd, 0xe0, 0xfd, 0x42, 0xed, 0xe0, 0x92,
	0xe0, 0x82, 0xe0, 0x82, 0xc0, 0x82, 0xe0, 0x82, 0xc1, 0x49, 0x24, 0x28, 0x0e, 0x24, 0xb4, 0x40, 0xfe, 0xc0, 0xfd, 0xc0,
	0xfd, 0xe0, 0xfd, 0xc0, 0xfd, 0x20, 0xfe, 0x01, 0xc4, 0xa0, 0x82, 0x00, 0x83, 0xe0, 0x82, 0xe0, 0x7a, 0x01, 0x7b, 0x80,
	0x18, 0x25, 0x28, 0x0e, 0x02, 0x29, 0x03, 0xdd, 0x20, 0xfe, 0xa0, 0xfd, 0xc0, 0xfd, 0xe0, 0xfd, 0xe0, 0xfd, 0x81, 0xb3,
	0xc0, 0x82, 0xe0, 0x82, 0xe0, 0x82, 0x00, 0x83, 0x81, 0x6a, 0x40, 0x08, 0x26, 0x29, 0x0c, 0xc2, 0x20, 0x04, 0xcd, 0x20,
	0xfe, 0xa0, 0xfd, 0x00, 0xfe, 0x21, 0xe5, 0xc0, 0x8a, 0xe0, 0x82, 0xe0, 0x82, 0xc0, 0x82, 0x01, 0x83, 0x42, 0x31, 0x27,
	0x2a, 0x0a, 0xc2, 0x20, 0x24, 0xd5, 0x20, 0xfe, 0xc0, 0xfd, 0x61, 0xcc, 0xc0, 0x82, 0xe0, 0x82, 0xc0, 0x82, 0xe0, 0x82,
	0x81, 0x6a, 0x28, 0x2b, 0x09, 0xc2, 0x20, 0x44, 0xd5, 0xe2, 0xfd, 0xe0, 0x9a, 0xc0, 0x7a, 0xc0, 0x82, 0xc0, 0x82, 0xe0,
	0x82, 0x22, 0x5a, 0x29, 0x2c, 0x08, 0x03, 0x21, 0x43, 0x9b, 0xe0, 0x8a, 0xe0, 0x7a, 0xc0, 0x82, 0xc0, 0x82, 0xe1, 0x7a,
	0xc1, 0x20, 0x2a, 0x2e, 0x05, 0x41, 0x31, 0x01, 0x7b, 0x20, 0x8b, 0x00, 0x83, 0xe1, 0x51, 0x2b, 0x29, 0x01, 0xc1, 0x18,
	0x2b, 0x2f, 0x04, 0xe1, 0x20, 0x01, 0x52, 0x41, 0x83, 0xa2, 0x39, 0x2b, 0x36, 0x01, 0xc2, 0x18, 0x2c, 0x27, 0x05, 0x22,
	0x29, 0x45, 0x83, 0x22, 0x7b, 0x21, 0x5a, 0xc1, 0x20, 0x2c, 0x31, 0x02, 0xa3, 0x41, 0x40, 0x08, 0x2c, 0x34, 0x05, 0xa1,
	0x18, 0x02, 0x52, 0x42, 0x7b, 0x25, 0x83, 0x23, 0x29, 0x2d, 0x26, 0x08, 0x23, 0x5a, 0x44, 0xfe, 0x01, 0xbc, 0xa0, 0x82,
	0x00, 0x8b, 0x01, 0x83, 0x01, 0x52, 0xa1, 0x18, 0x2d, 0x32, 0x08, 0xc1, 0x20, 0x01, 0x52, 0x01, 0x7b, 0x20, 0x83, 0xc0,
	0x7a, 0x01, 0xac, 0x44, 0xf6, 0x43, 0x62, 0x2e, 0x24, 0x0b, 0xc1, 0x20, 0xc5, 0xc4, 0xe1, 0xfd, 0xc0, 0xf5, 0x61, 0xa3,
	0xc0, 0x82, 0xe0, 0x82, 0xe0, 0x82, 0x00, 0x8b, 0xe1, 0x7a, 0xe3, 0x49, 0x2e, 0x31, 0x0b, 0xe2, 0x49, 0x00, 0x7b, 0x20,
	0x83, 0xe0, 0x7a, 0xe0, 0x7a, 0xc0, 0x7a, 0x81, 0x9b, 0xa0, 0xf5, 0xe1, 0xfd, 0xc4, 0xc4, 0xc1, 0x20, 0x2f, 0x23, 0x0c,
	0x24, 0x83, 0x22, 0xdd, 0x00, 0xfe, 0x00, 0xfe, 0x01, 0xe5, 0x80, 0x8a, 0xe0, 0x82, 0xe0, 0x82, 0xe0, 0x8a, 0xc0, 0x82,
	0x00, 0x8b, 0x01, 0x29, 0x2f, 0x31, 0x0c, 0x01, 0x29, 0x00, 0x7b, 0xe0, 0x7a, 0xe0, 0x82, 0xc0, 0x82, 0xe0, 0x82, 0xa0,
	0x82, 0xe2, 0xdc, 0x00, 0xfe, 0x20, 0xfe, 0x23, 0xdd, 0x25, 0x7b, 0x30, 0x21, 0x0d, 0x63, 0x31, 0xc3, 0x9b, 0x41, 0xfe,
	0xe0, 0xfd, 0xa0, 0xfd, 0xe0, 0xfd, 0x62, 0xc4, 0xc0, 0x82, 0xe0, 0x82, 0xe0, 0x82, 0xe0, 0x8a, 0x00, 0x83, 0x23, 0x5a,
	0x30, 0x32, 0x0d, 0x22, 0x52, 0x00, 0x83, 0xe0, 0x7a, 0xe0, 0x82, 0xe0, 0x82, 0xc0, 0x82, 0x42, 0xc4, 0xe0, 0xfd, 0xc0,
	0xfd, 0x00, 0xfe, 0x42, 0xfe, 0xc3, 0x9b, 0x62, 0x39, 0x31, 0x20, 0x0e, 0x03, 0x52, 0xe4, 0xf5, 0x20, 0xfe, 0xc0, 0xfd,
	0xc0, 0xfd, 0xe0, 0xfd, 0xe1, 0xfd, 0x40, 0x93, 0xe0, 0x82, 0xe0, 0x82, 0xe0, 0x82, 0xc0, 0x82, 0x01, 0x83, 0x22, 0x29,
	0x31, 0x32, 0x0e, 0x42, 0x29, 0x21, 0x8b, 0xe0, 0x7a, 0xe0, 0x82, 0xe0, 0x82, 0xe0, 0x82, 0x00, 0x93, 0xc1, 0xfd, 0xe0,
	0xfd, 0xc0, 0xfd, 0xc0, 0xfd, 0x20, 0xfe, 0xe3, 0xf5, 0x03, 0x52, 0x32, 0x1e, 0x10, 0xc1, 0x20, 0x04, 0x83, 0xa3, 0xf5,
	0xe0, 0xfd, 0xc0, 0xfd, 0xc0, 0xfd, 0xc0, 0xfd, 0xe0, 0xfd, 0x01, 0xdd, 0xe0, 0x8a, 0xe0, 0x82, 0xe0, 0x82, 0xe0, 0x82,
	0xe0, 0x82, 0xc1, 0x72, 0xa1, 0x18, 0x32, 0x32, 0x10, 0xa2, 0x18, 0xc1, 0x7a, 0x00, 0x83, 0xe0, 0x82, 0xe0, 0x82, 0xe0,
	0x82, 0xe0, 0x8a, 0x22, 0xe5, 0x00, 0xfe, 0xe0, 0xfd, 0xe0, 0xfd, 0xc0, 0xfd, 0x00, 0xfe, 0xc2, 0xf5, 0x03, 0x7b, 0xa1,
	0x20, 0x33, 0x1d, 0x10, 0x43, 0x31, 0xc3, 0xcc, 0x81, 0xfe, 0xc0, 0xfd, 0xc0, 0xfd, 0xe0, 0xfd, 0xc0, 0xfd, 0xc0, 0xfd,
	0xe0, 0xfd, 0xc1, 0xb3, 0xa0, 0x7a, 0xe0, 0x82, 0xe0, 0x82, 0xe0, 0x82, 0x00, 0x83, 0x02, 0x52, 0x33, 0x33, 0x10, 0x02,
	0x52, 0x00, 0x83, 0xe0, 0x82, 0xe0, 0x82, 0x00, 0x83, 0xa0, 0x7a, 0xa1, 0xab, 0xe0, 0xfd, 0xe0, 0xfd, 0xe0, 0xfd, 0xe0,
	0xfd, 0xc0, 0xfd, 0xc0, 0xfd, 0x61, 0xfe, 0xa3, 0xcc, 0x43, 0x39, 0x34, 0x1c, 0x11, 0x24, 0x83, 0x43, 0xfe, 0x00, 0xfe,
	0xc0, 0xfd, 0xc0, 0xfd, 0xc0, 0xfd, 0xe0, 0xfd, 0xc0, 0xfd, 0x00, 0xfe, 0x41, 0xed, 0xc0, 0x8a, 0xc0, 0x82, 0xc0, 0x82,
	0xe0, 0x82, 0xe0, 0x82, 0x00, 0x83, 0x81, 0x18, 0x34, 0x33, 0x12, 0x81, 0x18, 0x01, 0x83, 0xe0, 0x82, 0xe0, 0x82, 0xe0,
	0x82, 0xe0, 0x82, 0xa0, 0x8a, 0x41, 0xed, 0x00, 0xfe, 0xe0, 0xfd, 0xe0, 0xfd, 0xe0, 0xfd, 0xc0, 0xfd, 0xc0, 0xfd, 0xe0,
	0xfd, 0x23, 0xfe, 0x44, 0x83, 0x01, 0x00, 0x35, 0x1a, 0x13, 0xa4, 0x39, 0x25, 0xcd, 0x01, 0xfe, 0xe0, 0xfd, 0xc0, 0xfd,
	0xe0, 0xfd, 0xc0, 0xfd, 0xc0, 0xfd, 0xc0, 0xfd, 0xc0, 0xfd, 0xe0, 0xfd, 0x81, 0xcc, 0xa0, 0x82, 0xe0, 0x82, 0xe0, 0x82,
	0xe0, 0x82, 0x00, 0x83, 0x82, 0x6a, 0x60, 0x08, 0x35, 0x33, 0x13, 0x61, 0x08, 0xa2, 0x6a, 0x00, 0x83, 0xe0, 0x82, 0xe0,
	0x82, 0xe0, 0x82, 0xc0, 0x8a, 0xa2, 0xcc, 0xe0, 0xfd, 0xe0, 0xfd, 0xc0, 0xfd, 0xc0, 0xfd, 0xc0, 0xfd, 0xe0, 0xfd, 0xe0,
	0xfd, 0xe0, 0xfd, 0x01, 0xfe, 0x25, 0xcd, 0xa3, 0x49, 0x36, 0x18, 0x14, 0x81, 0x18, 0x84, 0x93, 0x83, 0xed, 0x20, 0xfe,
	0xc0, 0xfd, 0xc0, 0xfd, 0xe0, 0xfd, 0xe0, 0xfd, 0xc0, 0xfd, 0xe0, 0xfd, 0xe0, 0xfd, 0xc0, 0xfd, 0xe1, 0xfd, 0x40, 0xa3,
	0xc0, 0x82, 0xe0, 0x82, 0xe0, 0x82, 0xe0, 0x82, 0x21, 0x83, 0x62, 0x31, 0x36, 0x34, 0x14, 0x62, 0x31, 0x41, 0x83, 0xe0,
	0x82, 0xe0, 0x82, 0xe0, 0x82, 0xc0, 0x82, 0x40, 0x9b, 0xe1, 0xfd, 0xe0, 0xfd, 0xc0, 0xfd, 0xc0, 0xfd, 0xc0, 0xfd, 0xe0,
	0xfd, 0xe0, 0xfd, 0xe0, 0xfd, 0xc0, 0xfd, 0x20, 0xfe, 0x82, 0xed, 0x64, 0x8b, 0x61, 0x08, 0x37, 0x17, 0x15, 0xa3, 0x41,
	0x84, 0xc4, 0x81, 0xfe, 0xe0, 0xfd, 0xc0, 0xfd, 0xe0, 0xfd, 0xe0, 0xfd, 0xe0, 0xfd, 0xe0, 0xfd, 0xe0, 0xfd, 0xe0, 0xfd,
	0xe0, 0xfd, 0xe0, 0xfd, 0x41, 0xed, 0x20, 0x9b, 0xc0, 0x8a, 0xe0, 0x82, 0xe0, 0x82, 0x00, 0x83, 0xa1, 0x72, 0x20, 0x08,
	0x37, 0x35, 0x14, 0xa1, 0x6a, 0x00, 0x8b, 0xe0, 0x82, 0xe0, 0x82, 0xc0, 0x82, 0x00, 0x8b, 0x41, 0xe5, 0x00, 0xfe, 0xe0,
	0xfd, 0xc0, 0xfd, 0xe0, 0xfd, 0xe0, 0xfd, 0xe0, 0xfd, 0xe0, 0xfd, 0xc0, 0xfd, 0xc0, 0xfd, 0xc0, 0xfd, 0x41, 0xfe, 0x64,
	0xbc, 0xa3, 0x41, 0x38, 0x16, 0x15, 0x64, 0x5a, 0x83, 0xfe, 0xe0, 0xfd, 0xc0, 0xfd, 0xc0, 0xfd, 0xc0, 0xfd, 0xc0, 0xfd,
	0xc0, 0xfd, 0xe0, 0xfd, 0xe0, 0xfd, 0xe0, 0xfd, 0xe0, 0xfd, 0xc0, 0xfd, 0x20, 0xfe, 0x21, 0xcc, 0x80, 0x7a, 0xe0, 0x82,
	0xe0, 0x82, 0xe0, 0x82, 0x00, 0x83, 0x62, 0x62, 0x38, 0x35, 0x15, 0x61, 0x62, 0x00, 0x8b, 0xe0, 0x82, 0xe0, 0x8a, 0xe0,
	0x8a, 0xa0, 0x7a, 0x40, 0xc4, 0x20, 0xfe, 0xc0, 0xfd, 0xe0, 0xfd, 0xe0, 0xfd, 0xe0, 0xfd, 0xe0, 0xfd, 0xe0, 0xfd, 0xe0,
	0xfd, 0xe0, 0xfd, 0xc0, 0xfd, 0xa0, 0xfd, 0xe0, 0xfd, 0x63, 0xfe, 0x45, 0x5a, 0x39, 0x16, 0x15, 0x81, 0x18, 0x23, 0xac,
	0x20, 0xfe, 0xc0, 0xfd, 0xc0, 0xfd, 0xc0, 0xfd, 0xc0, 0xfd, 0xc0, 0xfd, 0xc0, 0xfd, 0xc0, 0xfd, 0xc0, 0xfd, 0xc0, 0xfd,
	0xe0, 0xfd, 0xc0, 0xfd, 0xc1, 0xb3, 0xc0, 0x7a, 0xe0, 0x82, 0xe0, 0x82, 0xe0, 0x82, 0x20, 0x8b, 0xe1, 0x20, 0x39, 0x35,
	0x15, 0xe1, 0x28, 0x20, 0x8b, 0xe0, 0x82, 0xe0, 0x82, 0xe0, 0x8a, 0xc0, 0x82, 0xa1, 0xb3, 0xc0, 0xfd, 0xe0, 0xfd, 0xe0,
	0xfd, 0xe0, 0xfd, 0xe0, 0xfd, 0xe0, 0xfd, 0xe0, 0xfd, 0xe0, 0xfd, 0xc0, 0xfd, 0xc0, 0xfd, 0xa0, 0xfd, 0x40, 0xfe, 0x24,
	0xac, 0x81, 0x10, 0x3a, 0x17, 0x13, 0x41, 0x08, 0x24, 0xac, 0x20, 0xfe, 0xc0, 0xfd, 0xe0, 0xfd, 0xc0, 0xfd, 0xc0, 0xfd,
	0xe0, 0xfd, 0xe0, 0xfd, 0xe0, 0xfd, 0xc0, 0xfd, 0x00, 0xfe, 0x81, 0xed, 0xc0, 0x8a, 0xe0, 0x82, 0xe0, 0x82, 0xe0, 0x82,
	0x00, 0x8b, 0x21, 0x5a, 0x3a, 0x35, 0x14, 0x20, 0x08, 0x20, 0x62, 0x00, 0x8b, 0xe0, 0x82, 0xe0, 0x82, 0xe0, 0x82, 0xc0,
	0x8a, 0x62, 0xed, 0x00, 0xfe, 0xe0, 0xfd, 0xe0, 0xfd, 0xe0, 0xfd, 0xe0, 0xfd, 0xe0, 0xfd, 0xe0, 0xfd, 0xc0, 0xfd, 0xc0,
	0xfd, 0x41, 0xfe, 0x23, 0xac, 0x41, 0x08, 0x3b, 0x18, 0x12, 0x21, 0x08, 0x24, 0xac, 0x20, 0xfe, 0xa0, 0xfd, 0xc0, 0xfd,
	0xc0, 0xfd, 0xc0, 0xfd, 0xe0, 0xfd, 0xe0, 0xfd, 0xc0, 0xfd, 0xe0, 0xfd, 0x61, 0xcc, 0xc0, 0x8a, 0xe0, 0x82, 0xe0, 0x82,
	0xe0, 0x82, 0x20, 0x83, 0xa2, 0x41, 0x3b, 0x36, 0x12, 0xc2, 0x49, 0x20, 0x83, 0xe0, 0x82, 0x00, 0x83, 0xe0, 0x82, 0xc0,
	0x82, 0x81, 0xcc, 0x00, 0xfe, 0xe0, 0xfd, 0xe0, 0xfd, 0xe0, 0xfd, 0xc0, 0xfd, 0xc0, 0xfd, 0xc0, 0xfd, 0xc0, 0xfd, 0x41,
	0xfe, 0x24, 0xac, 0x21, 0x08, 0x3c, 0x1a, 0x10, 0x24, 0xac, 0x21, 0xfe, 0xa0, 0xfd, 0xc0, 0xfd, 0xe0, 0xfd, 0xe0, 0xfd,
	0xe0, 0xfd, 0xe0, 0xfd, 0x21, 0xfe, 0x61, 0xab, 0xc0, 0x82, 0x00, 0x83, 0xe0, 0x82, 0xe0, 0x82, 0xc1, 0x72, 0x60, 0x10,
	0x3c, 0x36, 0x11, 0x61, 0x10, 0xe1, 0x7a, 0x00, 0x83, 0x00, 0x83, 0xe0, 0x82, 0xa0, 0x82, 0x80, 0xab, 0x20, 0xfe, 0xc0,
	0xfd, 0xc0, 0xfd, 0xc0, 0xfd, 0xc0, 0xfd, 0xc0, 0xfd, 0xa0, 0xfd, 0x40, 0xfe, 0x25, 0xa4, 0x21, 0x00, 0x3d, 0x1a, 0x0f,
	0x21, 0x08, 0x63, 0xbc, 0x20, 0xfe, 0xa0, 0xfd, 0xe0, 0xfd, 0xe0, 0xfd, 0xe0, 0xfd, 0x00, 0xfe, 0x40, 0xed, 0x00, 0x93,
	0xc0, 0x82, 0xe0, 0x82, 0xe0, 0x82, 0x00, 0x8b, 0xa1, 0x49, 0x3d, 0x37, 0x0f, 0xc1, 0x51, 0x20, 0x83, 0xe0, 0x82, 0xe0,
	0x82, 0xc0, 0x82, 0x00, 0x9b, 0x20, 0xed, 0x00, 0xfe, 0xe0, 0xfd, 0xe0, 0xfd, 0xe0, 0xfd, 0xa0, 0xfd, 0x00, 0xfe, 0x64,
	0xbc, 0x41, 0x08, 0x3e, 0x1b, 0x0e, 0xe3, 0x49, 0x22, 0xfe, 0xc0, 0xfd, 0xc0, 0xfd, 0xe0, 0xfd, 0xe0, 0xfd, 0x20, 0xfe,
	0x81, 0xd4, 0x80, 0x82, 0xe0, 0x82, 0xe0, 0x82, 0xe0, 0x82, 0x20, 0x8b, 0xe1, 0x20, 0x3e, 0x37, 0x0e, 0x01, 0x29, 0x20,
	0x83, 0xe0, 0x82, 0xe0, 0x82, 0xe0, 0x82, 0x80, 0x7a, 0xa2, 0xc4, 0x40, 0xfe, 0xe0, 0xfd, 0xe0, 0xfd, 0xc0, 0xfd, 0xe0,
	0xfd, 0x22, 0xfe, 0xc3, 0x49, 0x3f, 0x1c, 0x0d, 0x63, 0x6a, 0x03, 0xfe, 0xe0, 0xfd, 0xe0, 0xfd, 0x00, 0xfe, 0xc1, 0xf5,
	0x81, 0xa3, 0xc0, 0x82, 0xe0, 0x82, 0xe0, 0x82, 0x00, 0x83, 0x81, 0x6a, 0x40, 0x08, 0x3f, 0x37, 0x0d, 0x60, 0x08, 0x81,
	0x62, 0x00, 0x8b, 0xe0, 0x82, 0xe0, 0x82, 0xe0, 0x82, 0xa1, 0xa3, 0xc0, 0xf5, 0x00, 0xfe, 0xc0, 0xfd, 0xe0, 0xfd, 0x02,
	0xfe, 0x63, 0x6a, 0x40, 0x1d, 0x0b, 0x65, 0x5a, 0x23, 0xfe, 0xc0, 0xfd, 0xe0, 0xfd, 0x81, 0xed, 0xc0, 0x82, 0xe0, 0x82,
	0xe0, 0x82, 0xe0, 0x82, 0x00, 0x83, 0x42, 0x31, 0x40, 0x38, 0x0b, 0x21, 0x29, 0x00, 0x83, 0x00, 0x83, 0x00, 0x83, 0xe0,
	0x82, 0xe0, 0x92, 0x61, 0xf5, 0xc0, 0xfd, 0xc0, 0xfd, 0x02, 0xfe, 0x63, 0x62, 0x41, 0x1e, 0x0a, 0x84, 0x6a, 0xe2, 0xfd,
	0x00, 0xfe, 0x22, 0xc4, 0xc0, 0x82, 0xe0, 0x82, 0xe0, 0x82, 0xe0, 0x82, 0xe1, 0x7a, 0x40, 0x08, 0x41, 0x38, 0x0a, 0x40,
	0x08, 0xe1, 0x82, 0xe0, 0x8a, 0xe0, 0x82, 0xe0, 0x82, 0xa0, 0x82, 0x42, 0xc4, 0x00, 0xfe, 0x02, 0xfe, 0x64, 0x6a, 0x42,
	0x1f, 0x09, 0x83, 0x6a, 0xa4, 0xed, 0x40, 0x9b, 0xc0, 0x7a, 0xe0, 0x82, 0xe0, 0x82, 0x00, 0x8b, 0x21, 0x5a, 0x20, 0x08,
	0x42, 0x39, 0x08, 0x21, 0x62, 0x20, 0x8b, 0xe0, 0x82, 0xe0, 0x82, 0xa0, 0x7a, 0x40, 0x93, 0xc4, 0xed, 0x83, 0x6a, 0x43,
	0x20, 0x07, 0x82, 0x39, 0x81, 0x6a, 0x00, 0x83, 0xe0, 0x82, 0xc0, 0x82, 0xe0, 0x82, 0xe1, 0x20, 0x43, 0x39, 0x07, 0xc1,
	0x28, 0x00, 0x83, 0xe0, 0x82, 0xe0, 0x82, 0x00, 0x83, 0x81, 0x6a, 0x82, 0x41, 0x44, 0x22, 0x04, 0x02, 0x52, 0x01, 0x83,
	0x00, 0x8b, 0x41, 0x62, 0x44, 0x3a, 0x04, 0x40, 0x62, 0x20, 0x8b, 0x01, 0x7b, 0xe1, 0x51, 0x45, 0x23, 0x03, 0xc1, 0x20,
	0xc1, 0x72, 0xe2, 0x49, 0x45, 0x3a, 0x03, 0xe2, 0x41, 0xe2, 0x72, 0xc1, 0x20, 0x46, 0x24, 0x01, 0x81, 0x10, 0x46, 0x3b,
	0x01, 0x81, 0x10, 0x14, 0x3a, 0x01, 0xa1, 0x10, 0x15, 0x37, 0x05, 0xe1, 0x20, 0x44, 0xac, 0x25, 0xac, 0xe0, 0x59, 0xe1,
	0x28, 0x16, 0x34, 0x08, 0x61, 0x10, 0x24, 0x7b, 0xc3, 0x9b, 0xc2, 0xed, 0xe2, 0xfd, 0x41, 0x9b, 0x00, 0x6a, 0xc1, 0x59,
	0x17, 0x32, 0x0b, 0x03, 0x5a, 0xc3, 0x82, 0x64, 0xe5, 0x00, 0xfe, 0x20, 0xfe, 0x40, 0xfe, 0x61, 0xab, 0xa0, 0x61, 0x00,
	0x6a, 0x20, 0x6a, 0xc0, 0x28, 0x18, 0x2f, 0x0e, 0xe2, 0x20, 0xc5, 0x9b, 0x63, 0xb4, 0x22, 0xfe, 0x21, 0xfe, 0xe0, 0xfd,
	0xa0, 0xfd, 0xe0, 0xfd, 0x42, 0xe5, 0x40, 0x7a, 0x00, 0x62, 0x00, 0x62, 0x00, 0x6a, 0xc1, 0x49, 0x19, 0x2c, 0x12, 0x61,
	0x08, 0x63, 0x62, 0x42, 0x93, 0xc3, 0xed, 0x20, 0xfe, 0x20, 0xfe, 0xa0, 0xfd, 0xc0, 0xfd, 0xc0, 0xfd, 0xc0, 0xfd, 0x01,
	0xfe, 0xc2, 0xab, 0xc0, 0x59, 0x20, 0x62, 0x00, 0x62, 0x00, 0x62, 0x01, 0x52, 0x61, 0x08, 0x1a, 0x29, 0x14, 0x21, 0x00,
	0xa1, 0x18, 0x63, 0x6a, 0x24, 0xcd, 0x21, 0xfe, 0x00, 0xfe, 0xc0, 0xfd, 0xa0, 0xfd, 0xc0, 0xfd, 0xc0, 0xfd, 0xc0, 0xfd,
	0xc0, 0xfd, 0x20, 0xfe, 0x62, 0xcc, 0xc0, 0x61, 0x20, 0x62, 0x00, 0x62, 0x00, 0x62, 0x20, 0x6a, 0x81, 0x39, 0x1b, 0x27,
	0x16, 0xe2, 0x20, 0x04, 0x73, 0x03, 0xac, 0xa1, 0xf5, 0xa0, 0xfd, 0x20, 0xfe, 0xa0, 0xfd, 0xc0, 0xfd, 0xc0, 0xfd, 0xc0,
	0xfd, 0xc0, 0xfd, 0xc0, 0xfd, 0xc0, 0xfd, 0xe0, 0xfd, 0xa1, 0xed, 0xc1, 0x8a, 0xe0, 0x61, 0x20, 0x6a, 0x00, 0x62, 0x20,
	0x62, 0x81, 0x49, 0x20, 0x08, 0x1c, 0x24, 0x17, 0x81, 0x10, 0x62, 0x39, 0x64, 0x93, 0x82, 0xe5, 0x61, 0xfe, 0x20, 0xfe,
	0xe0, 0xfd, 0xc0, 0xfd, 0xc0, 0xfd, 0xe0, 0xfd, 0xc0, 0xfd, 0xc0, 0xfd, 0xc0, 0xfd, 0xe0, 0xfd, 0xe0, 0xfd, 0xe0, 0xfd,
	0x22, 0xfe, 0x02, 0x93, 0xa0, 0x61, 0x00, 0x6a, 0x00, 0x6a, 0x20, 0x6a, 0xe0, 0x59, 0x1d, 0x22, 0x19, 0x61, 0x10, 0xa4,
	0x6a, 0xe4, 0xcc, 0x23, 0xfe, 0x00, 0xfe, 0x00, 0xfe, 0xc0, 0xfd, 0xc0, 0xfd, 0xe0, 0xfd, 0xe0, 0xfd, 0xc0, 0xfd, 0xc0,
	0xfd, 0xc0, 0xfd, 0xc0, 0xfd, 0xc0, 0xfd, 0xe0, 0xfd, 0xe0, 0xfd, 0x01, 0xfe, 0xc2, 0xd4, 0x20, 0x72, 0x00, 0x6a, 0x00,
	0x6a, 0x00, 0x6a, 0x20, 0x6a, 0x01, 0x29, 0x1e, 0x21, 0x19, 0x22, 0x29, 0x26, 0xa4, 0x22, 0xfe, 0x20, 0xfe, 0xc0, 0xfd,
	0xe0, 0xfd, 0xc0, 0xfd, 0xe0, 0xfd, 0xe0, 0xfd, 0xe0, 0xfd, 0xe0, 0xfd, 0xe0, 0xfd, 0xe0, 0xfd, 0xe0, 0xfd, 0xe0, 0xfd,
	0xe0, 0xfd, 0xe0, 0xfd, 0x00, 0xfe, 0x81, 0xf5, 0x00, 0x7a, 0x00, 0x6a, 0x00, 0x6a, 0x00, 0x6a, 0x40, 0x72, 0x60, 0x41,
	0x1f, 0x21, 0x19, 0x20, 0x08, 0xc0, 0x51, 0x81, 0xa3, 0xc2, 0xf5, 0x00, 0xfe, 0xc0, 0xfd, 0xe0, 0xfd, 0xc0, 0xfd, 0xe0,
	0xfd, 0xe0, 0xfd, 0xe0, 0xfd, 0xe0, 0xfd, 0xe0, 0xfd, 0xe0, 0xfd, 0xe0, 0xfd, 0xe0, 0xfd, 0xe0, 0xfd, 0xc1, 0xfd, 0x81,
	0xab, 0xe0, 0x69, 0x00, 0x6a, 0x00, 0x62, 0x20, 0x6a, 0xe1, 0x59, 0x60, 0x10, 0x20, 0x22, 0x17, 0x01, 0x29, 0x20, 0x62,
	0x41, 0x7a, 0x81, 0xcc, 0x21, 0xfe, 0x00, 0xfe, 0xe0, 0xfd, 0xc0, 0xfd, 0xe0, 0xfd, 0xe0, 0xfd, 0xe0, 0xfd, 0xe0, 0xfd,
	0xe0, 0xfd, 0xe0, 0xfd, 0xc0, 0xfd, 0x20, 0xfe, 0x82, 0xcc, 0x80, 0x69, 0x20, 0x6a, 0x00, 0x6a, 0x00, 0x62, 0xe1, 0x51,
	0x60, 0x10, 0x21, 0x23, 0x15, 0xe1, 0x51, 0xe0, 0x61, 0x00, 0x72, 0x62, 0xa3, 0xe1, 0xe4, 0xc0, 0xfd, 0xc0, 0xfd, 0xc0,
	0xfd, 0xc0, 0xfd, 0xe0, 0xfd, 0xc0, 0xfd, 0xc0, 0xfd, 0xe0, 0xfd, 0xe0, 0xfd, 0xe1, 0xfd, 0xa1, 0x92, 0xe0, 0x71, 0x00,
	0x6a, 0x00, 0x6a, 0x40, 0x6a, 0x22, 0x29, 0x22, 0x23, 0x14, 0x01, 0x31, 0x40, 0x6a, 0x00, 0x72, 0xc0, 0x69, 0xc0, 0x69,
	0x81, 0xb3, 0x02, 0xfe, 0x00, 0xfe, 0xe0, 0xfd, 0xc0, 0xfd, 0xe0, 0xfd, 0xe0, 0xfd, 0xc0, 0xfd, 0x20, 0xfe, 0x63, 0xc4,
	0xc0, 0x71, 0x20, 0x72, 0x00, 0x6a, 0x20, 0x6a, 0x81, 0x49, 0x23, 0x24, 0x13, 0x01, 0x31, 0xe1, 0x59, 0x20, 0x6a, 0x00,
	0x62, 0xe0, 0x69, 0xa1, 0x8a, 0xa2, 0xcc, 0xc1, 0xfd, 0xe0, 0xfd, 0xc0, 0xfd, 0xc0, 0xfd, 0x20, 0xfe, 0xe1, 0xdc, 0xe0,
	0x69, 0x00, 0x72, 0x20, 0x6a, 0x20, 0x62, 0x20, 0x5a, 0x81, 0x18, 0x24, 0x26, 0x10, 0xa2, 0x49, 0x20, 0x6a, 0x00, 0x62,
	0xc0, 0x59, 0xa0, 0x61, 0xc1, 0x9a, 0xa2, 0xf5, 0x00, 0xfe, 0xe0, 0xfd, 0xc1, 0xfd, 0x42, 0xa3, 0xe0, 0x69, 0x20, 0x6a,
	0x00, 0x6a, 0x00, 0x5a, 0xc0, 0x20, 0x25, 0x27, 0x0e, 0xc1, 0x20, 0x00, 0x5a, 0x00, 0x62, 0xe0, 0x61, 0xc0, 0x69, 0x61,
	0x82, 0x01, 0xbc, 0x82, 0xfe, 0xc2, 0xb3, 0xa0, 0x61, 0x20, 0x6a, 0x00, 0x6a, 0x40, 0x6a, 0x20, 0x31, 0x26, 0x28, 0x0d,
	0x61, 0x10, 0x41, 0x39, 0x21, 0x6a, 0x00, 0x6a, 0xc0, 0x61, 0xe0, 0x69, 0x83, 0xa3, 0x81, 0x82, 0xe0, 0x69, 0x00, 0x6a,
	0x00, 0x6a, 0xe0, 0x51, 0x60, 0x10, 0x27, 0x2a, 0x0a, 0x21, 0x31, 0xe1, 0x59, 0x20, 0x62, 0x00, 0x6a, 0xa0, 0x61, 0xe0,
	0x61, 0x00, 0x6a, 0x00, 0x6a, 0x41, 0x6a, 0x80, 0x18, 0x28, 0x2b, 0x08, 0x40, 0x08, 0xa2, 0x41, 0x00, 0x5a, 0x20, 0x6a,
	0x00, 0x6a, 0x00, 0x6a, 0x20, 0x62, 0x61, 0x39, 0x29, 0x2d, 0x05, 0xc1, 0x18, 0x21, 0x5a, 0x20, 0x62, 0x20, 0x6a, 0x01,
	0x5a, 0x2a, 0x2e, 0x04, 0x60, 0x10, 0x60, 0x41, 0x20, 0x62, 0xc1, 0x20, 0x2b, 0x30, 0x01, 0xa1, 0x18, 0x2e, 0x2b, 0x04,
	0xa1, 0x18, 0xa3, 0x41, 0x40, 0x39, 0xa0, 0x18, 0x2e, 0x31, 0x04, 0x81, 0x18, 0x42, 0x31, 0xa3, 0x41, 0xc2, 0x20, 0x2f,
	0x28, 0x07, 0x21, 0x08, 0x82, 0x10, 0xc4, 0x6a, 0x43, 0xdd, 0x85, 0xed, 0x20, 0x72, 0xa1, 0x49, 0x2f, 0x31, 0x07, 0x80,
	0x41, 0x00, 0x6a, 0xa5, 0xed, 0x64, 0xdd, 0xc4, 0x72, 0x81, 0x10, 0x21, 0x00, 0x30, 0x27, 0x12, 0xe3, 0x49, 0x63, 0xc4,
	0x83, 0xe5, 0x22, 0xfe, 0x81, 0xf5, 0xa0, 0x8a, 0x00, 0x6a, 0x40, 0x6a, 0x80, 0x18, 0x80, 0x18, 0x20, 0x62, 0xe0, 0x61,
	0x80, 0x7a, 0xa2, 0xed, 0x21, 0xfe, 0xc3, 0xed, 0x84, 0xbc, 0xc2, 0x51, 0x31, 0x23, 0x1a, 0x81, 0x10, 0xe2, 0x20, 0xc4,
	0x9b, 0xa3, 0xcc, 0x03, 0xfe, 0x00, 0xfe, 0xc0, 0xfd, 0x00, 0xfe, 0x82, 0xb3, 0xa0, 0x61, 0x20, 0x6a, 0x00, 0x6a, 0xa0,
	0x51, 0xa0, 0x51, 0x20, 0x62, 0x20, 0x62, 0xc0, 0x61, 0xa2, 0xab, 0x00, 0xfe, 0xe0, 0xfd, 0x20, 0xfe, 0x02, 0xfe, 0xa3,
	0xc4, 0xe4, 0xa3, 0xe1, 0x28, 0x81, 0x10, 0x32, 0x21, 0x1e, 0x41, 0x08, 0x84, 0x62, 0x23, 0xdd, 0xe2, 0xfd, 0x00, 0xfe,
	0x00, 0xfe, 0xc0, 0xfd, 0xa0, 0xfd, 0x00, 0xfe, 0x62, 0xed, 0x20, 0x7a, 0x00, 0x6a, 0x00, 0x6a, 0x00, 0x62, 0x20, 0x62,
	0x20, 0x62, 0x00, 0x62, 0x00, 0x62, 0x00, 0x6a, 0x00, 0x7a, 0x62, 0xed, 0x00, 0xfe, 0xc0, 0xfd, 0xe0, 0xfd, 0x20, 0xfe,
	0x00, 0xfe, 0xe1, 0xfd, 0x25, 0xd5, 0x84, 0x62, 0x41, 0x08, 0x33, 0x1f, 0x23, 0x63, 0x39, 0x64, 0xbc, 0xe2, 0xd4, 0x21,
	0xfe, 0xe0, 0xfd, 0xc0, 0xfd, 0xa0, 0xfd, 0xa0, 0xfd, 0xc0, 0xfd, 0xc0, 0xfd, 0xa0, 0xf5, 0x41, 0x9b, 0xe0, 0x69, 0x00,
	0x6a, 0x00, 0x62, 0x00, 0x62, 0x20, 0x62, 0x20, 0x62, 0x00, 0x62, 0x00, 0x62, 0x00, 0x6a, 0xe0, 0x69, 0x21, 0x9b, 0xa0,
	0xf5, 0xe0, 0xfd, 0xe0, 0xfd, 0xc0, 0xfd, 0xc0, 0xfd, 0xe0, 0xfd, 0x00, 0xfe, 0x41, 0xfe, 0xc1, 0xdc, 0x85, 0xb4, 0x83,
	0x39, 0x01, 0x00, 0x34, 0x1b, 0x2a, 0x01, 0x00, 0xa1, 0x18, 0xa3, 0x72, 0x82, 0xa3, 0x23, 0xfe, 0x00, 0xfe, 0x00, 0xfe,
	0xa0, 0xfd, 0xc0, 0xfd, 0xc0, 0xfd, 0xc0, 0xfd, 0xc0, 0xfd, 0xc0, 0xfd, 0x40, 0xfe, 0x41, 0xc4, 0xa0, 0x61, 0x20, 0x6a,
	0x00, 0x6a, 0x00, 0x62, 0x20, 0x6a, 0x41, 0x49, 0x41, 0x49, 0x20, 0x6a, 0x00, 0x62, 0x00, 0x6a, 0x20, 0x6a, 0xa0, 0x59,
	0x00, 0xc4, 0x40, 0xfe, 0xc0, 0xfd, 0xe0, 0xfd, 0xe0, 0xfd, 0xe0, 0xfd, 0xe0, 0xfd, 0xc0, 0xfd, 0x20, 0xfe, 0x20, 0xfe,
	0x43, 0xfe, 0xa2, 0xa3, 0xa3, 0x6a, 0xa1, 0x18, 0x01, 0x00, 0x35, 0x19, 0x16, 0x61, 0x10, 0x23, 0x5a, 0x04, 0xcd, 0x42,
	0xe5, 0x41, 0xfe, 0x00, 0xfe, 0xc0, 0xfd, 0xc0, 0xfd, 0xc0, 0xfd, 0xc0, 0xfd, 0xe0, 0xfd, 0xe0, 0xfd, 0xe0, 0xfd, 0xc0,
	0xfd, 0x00, 0xfe, 0x01, 0xdd, 0x40, 0x7a, 0x00, 0x6a, 0x00, 0x6a, 0x00, 0x6a, 0x20, 0x62, 0x41, 0x39, 0x35, 0x31, 0x16,
	0x21, 0x39, 0x20, 0x62, 0x00, 0x6a, 0x00, 0x6a, 0x00, 0x6a, 0x60, 0x82, 0x21, 0xe5, 0xe0, 0xfd, 0xe0, 0xfd, 0xe0, 0xfd,
	0xe0, 0xfd, 0xe0, 0xfd, 0xe0, 0xfd, 0xc0, 0xfd, 0xc0, 0xfd, 0xc0, 0xfd, 0x20, 0xfe, 0x61, 0xfe, 0x63, 0xdd, 0x25, 0xcd,
	0x43, 0x62, 0x41, 0x10, 0x36, 0x17, 0x17, 0x62, 0x39, 0xa4, 0x93, 0xa4, 0xcc, 0x22, 0xfe, 0x00, 0xfe, 0x00, 0xfe, 0xc0,
	0xfd, 0xc0, 0xfd, 0xe0, 0xfd, 0xe0, 0xfd, 0xe0, 0xfd, 0xe0, 0xfd, 0xe0, 0xfd, 0xe0, 0xfd, 0xe0, 0xfd, 0xe0, 0xfd, 0x21,
	0xfe, 0x22, 0x9b, 0xa0, 0x61, 0x20, 0x6a, 0x00, 0x62, 0x20, 0x62, 0x01, 0x5a, 0x36, 0x31, 0x18, 0x20, 0x08, 0x02, 0x5a,
	0x00, 0x6a, 0x00, 0x6a, 0x00, 0x6a, 0xa0, 0x61, 0x01, 0x9b, 0x21, 0xfe, 0xe0, 0xfd, 0xe0, 0xfd, 0xe0, 0xfd, 0xc0, 0xfd,
	0xc0, 0xfd, 0xc0, 0xfd, 0xe0, 0xfd, 0xe0, 0xfd, 0xc0, 0xfd, 0xc0, 0xfd, 0x00, 0xfe, 0xe0, 0xfd, 0x41, 0xfe, 0xa2, 0xcc,
	0x05, 0xa4, 0x83, 0x39, 0x37, 0x14, 0x1a, 0x60, 0x10, 0xe4, 0x49, 0x44, 0xb4, 0xc2, 0xf5, 0x40, 0xfe, 0x20, 0xfe, 0xc0,
	0xfd, 0xc0, 0xfd, 0xe0, 0xfd, 0xe0, 0xfd, 0xe0, 0xfd, 0xe0, 0xfd, 0xe0, 0xfd, 0xe0, 0xfd, 0xe0, 0xfd, 0xe0, 0xfd, 0xe0,
	0xfd, 0xc0, 0xfd, 0x00, 0xfe, 0x01, 0xc4, 0x00, 0x7a, 0x20, 0x6a, 0x00, 0x62, 0x20, 0x62, 0x20, 0x62, 0xc1, 0x20, 0x37,
	0x32, 0x1a, 0xa1, 0x20, 0x00, 0x5a, 0x00, 0x62, 0x00, 0x62, 0x00, 0x6a, 0x00, 0x72, 0x21, 0xbc, 0xe0, 0xfd, 0xe0, 0xfd,
	0xe0, 0xfd, 0xe0, 0xfd, 0xc0, 0xfd, 0xe0, 0xfd, 0xe0, 0xfd, 0xe0, 0xfd, 0xe0, 0xfd, 0xe0, 0xfd, 0xc0, 0xfd, 0xc0, 0xfd,
	0xc0, 0xfd, 0x00, 0xfe, 0x21, 0xfe, 0xc2, 0xf5, 0x45, 0xac, 0xe4, 0x49, 0x60, 0x10, 0x38, 0x14, 0x19, 0x60, 0x10, 0x24,
	0x8b, 0x02, 0xdd, 0x40, 0xfe, 0xc0, 0xfd, 0xc0, 0xfd, 0xe0, 0xfd, 0xe0, 0xfd, 0xc0, 0xfd, 0xc0, 0xfd, 0xc0, 0xfd, 0xe0,
	0xfd, 0xc0, 0xfd, 0xc0, 0xfd, 0xc0, 0xfd, 0xc0, 0xfd, 0xc0, 0xfd, 0xe0, 0xfd, 0xc2, 0xf5, 0x40, 0x82, 0xe0, 0x69, 0x00,
	0x6a, 0x00, 0x62, 0x40, 0x6a, 0x81, 0x41, 0x38, 0x33, 0x19, 0x60, 0x41, 0x40, 0x62, 0x00, 0x62, 0x00, 0x6a, 0xe0, 0x69,
	0x20, 0x7a, 0xa2, 0xf5, 0x00, 0xfe, 0xe0, 0xfd, 0xe0, 0xfd, 0xe0, 0xfd, 0xe0, 0xfd, 0xe0, 0xfd, 0xe0, 0xfd, 0xe0, 0xfd,
	0xc0, 0xfd, 0xe0, 0xfd, 0xe0, 0xfd, 0xc0, 0xfd, 0xc0, 0xfd, 0xc0, 0xfd, 0x40, 0xfe, 0x02, 0xdd, 0x43, 0x8b, 0x60, 0x10,
	0x39, 0x15, 0x18, 0xe0, 0x30, 0x20, 0x6a, 0x43, 0xbc, 0xa2, 0xf5, 0x00, 0xfe, 0xc0, 0xfd, 0xc0, 0xfd, 0xc0, 0xfd, 0xc0,
	0xfd, 0xc0, 0xfd, 0xc0, 0xfd, 0xc0, 0xfd, 0xc0, 0xfd, 0xc0, 0xfd, 0xc0, 0xfd, 0xe0, 0xfd, 0xc1, 0xfd, 0xe1, 0x9a, 0x00,
	0x6a, 0x00, 0x6a, 0x00, 0x6a, 0x20, 0x62, 0xa1, 0x49, 0x20, 0x08, 0x39, 0x33, 0x18, 0x40, 0x08, 0xc1, 0x49, 0x20, 0x62,
	0x00, 0x62, 0x00, 0x6a, 0xe0, 0x69, 0x01, 0x9b, 0xc0, 0xf5, 0xe0, 0xfd, 0xe0, 0xfd, 0xe0, 0xfd, 0xe0, 0xfd, 0xe0, 0xfd,
	0xe0, 0xfd, 0xe0, 0xfd, 0xc0, 0xfd, 0xc0, 0xfd, 0xc0, 0xfd, 0xc0, 0xfd, 0x00, 0xfe, 0x61, 0xed, 0x42, 0xbc, 0x40, 0x7a,
	0xe0, 0x30, 0x3a, 0x15, 0x17, 0x60, 0x10, 0xe0, 0x59, 0xa0, 0x59, 0xc1, 0x8a, 0x22, 0xe5, 0x00, 0xfe, 0x00, 0xfe, 0xc0,
	0xfd, 0xe0, 0xfd, 0xe0, 0xfd, 0xe0, 0xfd, 0xe0, 0xfd, 0xe0, 0xfd, 0xe0, 0xfd, 0xc0, 0xfd, 0x00, 0xfe, 0x82, 0xcc, 0xc0,
	0x69, 0x00, 0x6a, 0x00, 0x62, 0x20, 0x62, 0x01, 0x52, 0x20, 0x08, 0x3a, 0x34, 0x17, 0x20, 0x08, 0xe1, 0x51, 0x20, 0x62,
	0x00, 0x62, 0x00, 0x6a, 0xc0, 0x61, 0x82, 0xcc, 0x00, 0xfe, 0xe0, 0xfd, 0xe0, 0xfd, 0xe0, 0xfd, 0xe0, 0xfd, 0xe0, 0xfd,
	0xe0, 0xfd, 0xc0, 0xfd, 0xc0, 0xfd, 0x00, 0xfe, 0x01, 0xfe, 0x42, 0xe5, 0xc1, 0x92, 0xa0, 0x61, 0x00, 0x62, 0x60, 0x10,
	0x3b, 0x16, 0x15, 0x21, 0x39, 0x40, 0x6a, 0xe0, 0x61, 0xe0, 0x69, 0x21, 0x9b, 0xe0, 0xdc, 0x41, 0xfe, 0x00, 0xfe, 0xc0,
	0xfd, 0xe0, 0xfd, 0x00, 0xfe, 0xe0, 0xfd, 0xe0, 0xfd, 0x00, 0xfe, 0x02, 0xfe, 0x80, 0x82, 0x00, 0x62, 0x00, 0x6a, 0x00,
	0x62, 0x40, 0x62, 0x02, 0x29, 0x3b, 0x35, 0x15, 0x01, 0x29, 0x20, 0x62, 0xe0, 0x61, 0x00, 0x6a, 0xe0, 0x61, 0xa1, 0x82,
	0x02, 0xfe, 0x00, 0xfe, 0xe0, 0xfd, 0xe0, 0xfd, 0xc0, 0xfd, 0xc0, 0xfd, 0xc0, 0xfd, 0xe0, 0xfd, 0x20, 0xfe, 0xe1, 0xdc,
	0x41, 0xa3, 0xe0, 0x69, 0xe0, 0x61, 0x40, 0x72, 0x41, 0x39, 0x3c, 0x16, 0x14, 0x40, 0x10, 0xc1, 0x49, 0x40, 0x6a, 0x00,
	0x6a, 0xc0, 0x59, 0x20, 0x72, 0xa3, 0xcc, 0xc1, 0xf5, 0x20, 0xfe, 0xc0, 0xfd, 0xe0, 0xfd, 0x00, 0xfe, 0xe0, 0xfd, 0xe0,
	0xfd, 0xc2, 0xb3, 0x00, 0x6a, 0x00, 0x6a, 0x00, 0x62, 0x20, 0x6a, 0x61, 0x41, 0x3c, 0x36, 0x14, 0x61, 0x39, 0x20, 0x62,
	0xe0, 0x61, 0x00, 0x62, 0x00, 0x6a, 0xc1, 0xb3, 0x00, 0xfe, 0xe0, 0xfd, 0xe0, 0xfd, 0xe0, 0xfd, 0xe0, 0xfd, 0x20, 0xfe,
	0xc1, 0xfd, 0xa2, 0xd4, 0x40, 0x7a, 0xa0, 0x59, 0x00, 0x62, 0x40, 0x6a, 0xa0, 0x59, 0x40, 0x08, 0x3d, 0x18, 0x12, 0x01,
	0x29, 0x00, 0x5a, 0x40, 0x6a, 0xe0, 0x61, 0xa0, 0x61, 0xa1, 0x8a, 0x62, 0xcc, 0x01, 0xfe, 0x00, 0xfe, 0xe0, 0xfd, 0x40,
	0xfe, 0xe1, 0xdc, 0xa0, 0x61, 0x00, 0x6a, 0x00, 0x62, 0x20, 0x6a, 0xe0, 0x59, 0x60, 0x10, 0x3d, 0x36, 0x13, 0x60, 0x10,
	0x01, 0x52, 0x00, 0x5a, 0xe0, 0x61, 0x00, 0x62, 0xc0, 0x61, 0x43, 0xdd, 0x20, 0xfe, 0xc0, 0xfd, 0x00, 0xfe, 0x21, 0xfe,
	0x82, 0xc4, 0xe2, 0x82, 0xc0, 0x69, 0x00, 0x6a, 0x40, 0x6a, 0x21, 0x5a, 0x02, 0x29, 0x20, 0x08, 0x3e, 0x19, 0x10, 0xc1,
	0x20, 0xa1, 0x51, 0x00, 0x6a, 0x00, 0x6a, 0xc0, 0x61, 0xc0, 0x69, 0x02, 0xbc, 0xa2, 0xf5, 0x20, 0xfe, 0xa1, 0xed, 0xe1,
	0x8a, 0xe0, 0x61, 0x00, 0x62, 0x00, 0x62, 0xe0, 0x61, 0x80, 0x18, 0x3e, 0x37, 0x10, 0x81, 0x18, 0xe1, 0x59, 0x00, 0x62,
	0x00, 0x62, 0xe0, 0x61, 0xc1, 0x8a, 0xa1, 0xf5, 0x20, 0xfe, 0x82, 0xed, 0x23, 0xbc, 0xe0, 0x69, 0xe0, 0x61, 0x20, 0x6a,
	0x20, 0x6a, 0xc1, 0x49, 0xc1, 0x20, 0x3f, 0x1b, 0x0d, 0x21, 0x39, 0xe1, 0x59, 0x00, 0x62, 0x00, 0x62, 0xe0, 0x69, 0x60,
	0x82, 0x83, 0xe5, 0x23, 0xbc, 0xc0, 0x61, 0x20, 0x6a, 0x00, 0x62, 0x40, 0x6a, 0x61, 0x41, 0x3f, 0x38, 0x0d, 0x61, 0x41,
	0x40, 0x6a, 0x00, 0x62, 0x00, 0x62, 0xa0, 0x61, 0x22, 0xbc, 0x62, 0xe5, 0x41, 0x7a, 0xc0, 0x61, 0x00, 0x6a, 0x20, 0x6a,
	0x00, 0x62, 0x41, 0x39, 0x40, 0x1c, 0x0c, 0x61, 0x08, 0xc2, 0x49, 0x40, 0x62, 0x20, 0x62, 0xe0, 0x61, 0x20, 0x72, 0x20,
	0x72, 0x00, 0x6a, 0x00, 0x62, 0x20, 0x62, 0x80, 0x49, 0x20, 0x08, 0x40, 0x38, 0x0c, 0x20, 0x08, 0x80, 0x49, 0x20, 0x62,
	0xe0, 0x61, 0x00, 0x6a, 0x40, 0x6a, 0x20, 0x6a, 0xe0, 0x61, 0x00, 0x62, 0x20, 0x6a, 0xa0, 0x51, 0x60, 0x10, 0x41, 0x1d,
	0x0a, 0x40, 0x08, 0xe1, 0x28, 0x20, 0x5a, 0x40, 0x6a, 0x00, 0x62, 0xe0, 0x69, 0x00, 0x6a, 0x00, 0x6a, 0x20, 0x6a, 0xa0,
	0x18, 0x41, 0x39, 0x0a, 0x80, 0x18, 0x00, 0x62, 0xe0, 0x61, 0xe0, 0x61, 0xe0, 0x61, 0xe0, 0x61, 0x40, 0x62, 0x20, 0x62,
	0x00, 0x31, 0x20, 0x08, 0x42, 0x1f, 0x07, 0xa1, 0x20, 0x81, 0x41, 0x40, 0x62, 0x20, 0x62, 0x00, 0x62, 0x20, 0x62, 0x00,
	0x31, 0x42, 0x3a, 0x07, 0x01, 0x31, 0x20, 0x62, 0x00, 0x5a, 0x00, 0x5a, 0x40, 0x62, 0x81, 0x41, 0xc1, 0x20, 0x43, 0x21,
	0x04, 0x61, 0x39, 0x01, 0x5a, 0x20, 0x62, 0xe1, 0x51, 0x43, 0x3b, 0x04, 0xe2, 0x51, 0x21, 0x62, 0x01, 0x52, 0x61, 0x39,
	0x44, 0x22, 0x03, 0x60, 0x10, 0xa1, 0x49, 0x60, 0x10, 0x44, 0x3b, 0x03, 0x60, 0x10, 0xc2, 0x49, 0x60, 0x10, 0x17, 0x3c,
	0x01, 0x41, 0x08, 0x18, 0x36, 0x07, 0x81, 0x10, 0x61, 0x10, 0xc1, 0x20, 0x23, 0x8b, 0x84, 0x9b, 0x62, 0x6a, 0x62, 0x39,
	0x19, 0x31, 0x0d, 0x01, 0x00, 0xe2, 0x51, 0xe1, 0x59, 0xc1, 0x59, 0x82, 0x7a, 0xa3, 0xd4, 0x82, 0xcc, 0xa1, 0xd4, 0x20,
	0xf5, 0x02, 0xbc, 0x20, 0x7a, 0xc0, 0x59, 0x40, 0x08, 0x1a, 0x2c, 0x12, 0xa1, 0x18, 0x60, 0x10, 0x61, 0x41, 0xc4, 0xa3,
	0x83, 0xa3, 0xc3, 0xab, 0x01, 0xe5, 0x00, 0xed, 0x00, 0xed, 0xe0, 0xec, 0xa0, 0xe4, 0xa0, 0xe4, 0xe0, 0xe4, 0xa1, 0xab,
	0xc0, 0x69, 0xc0, 0x69, 0x20, 0x6a, 0xc0, 0x20, 0x1b, 0x28, 0x16, 0x82, 0x41, 0x83, 0x6a, 0x43, 0x5a, 0x44, 0x93, 0x82,
	0xd4, 0x60, 0xd4, 0x80, 0xdc, 0xe0, 0xec, 0xe0, 0xf4, 0xe0, 0xec, 0xa0, 0xdc, 0x80, 0xdc, 0xa0, 0xdc, 0xa0, 0xdc, 0xa0,
	0xdc, 0xc0, 0xe4, 0x81, 0xb3, 0x00, 0x72, 0x00, 0x6a, 0xe0, 0x69, 0x20, 0x6a, 0xa0, 0x20, 0x1c, 0x21, 0x1d, 0x60, 0x10,
	0x63, 0x39, 0x42, 0x39, 0xa2, 0x72, 0x23, 0xb4, 0xe2, 0xab, 0xe2, 0xab, 0x80, 0xdc, 0x00, 0xed, 0x00, 0xf5, 0xe0, 0xf4,
	0xa0, 0xec, 0xc0, 0xec, 0xa0, 0xec, 0xa0, 0xe4, 0xa0, 0xe4, 0xa0, 0xe4, 0xa0, 0xe4, 0xa0, 0xe4, 0xa0, 0xe4, 0xa0, 0xe4,
	0xc0, 0xe4, 0x80, 0xb3, 0xe0, 0x71, 0x00, 0x6a, 0x00, 0x6a, 0x00, 0x6a, 0x00, 0x62, 0xc1, 0x51, 0x1d, 0x21, 0x1e, 0xa2,
	0x49, 0x63, 0x9b, 0x63, 0xcc, 0x01, 0xed, 0xe0, 0xec, 0xc0, 0xe4, 0xe0, 0xe4, 0xa0, 0xdc, 0x80, 0xdc, 0x80, 0xe4, 0xa0,
	0xe4, 0xa0, 0xe4, 0xa0, 0xe4, 0xa0, 0xec, 0xa0, 0xec, 0xa0, 0xec, 0xa0, 0xec, 0xa0, 0xe4, 0xa0, 0xe4, 0xa0, 0xe4, 0xc0,
	0xe4, 0xc1, 0xb3, 0xe0, 0x71, 0x00, 0x6a, 0x00, 0x6a, 0x00, 0x6a, 0x00, 0x62, 0x20, 0x62, 0x21, 0x5a, 0x41, 0x08, 0x1e,
	0x21, 0x1d, 0x01, 0x29, 0xe0, 0x59, 0x00, 0x6a, 0x21, 0x93, 0xe1, 0xdc, 0xc0, 0xe4, 0x80, 0xdc, 0xa0, 0xdc, 0xa0, 0xe4,
	0xa0, 0xe4, 0xa0, 0xe4, 0xa0, 0xec, 0xa0, 0xec, 0xa0, 0xec, 0xa0, 0xec, 0xa0, 0xec, 0xa0, 0xec, 0xa0, 0xe4, 0xa0, 0xe4,
	0xc0, 0xe4, 0xa2, 0xb3, 0x00, 0x72, 0x00, 0x72, 0x00, 0x6a, 0x00, 0x6a, 0x00, 0x62, 0x20, 0x62, 0x21, 0x62, 0xa0, 0x20,
	0x1f, 0x22, 0x1b, 0xe0, 0x59, 0x00, 0x6a, 0x00, 0x6a, 0xc1, 0x8a, 0x01, 0xbc, 0xc1, 0xdc, 0xc0, 0xe4, 0xa0, 0xe4, 0xa0,
	0xe4, 0xa0, 0xe4, 0xa0, 0xe4, 0xa0, 0xe4, 0xa0, 0xe4, 0xa0, 0xe4, 0xa0, 0xec, 0xa0, 0xec, 0xa0, 0xe4, 0xc0, 0xe4, 0xa1,
	0xb3, 0xe0, 0x71, 0x00, 0x72, 0x20, 0x6a, 0x00, 0x6a, 0x00, 0x62, 0x20, 0x62, 0x21, 0x5a, 0xc1, 0x20, 0x20, 0x21, 0x1b,
	0x20, 0x08, 0xe0, 0x59, 0x00, 0x6a, 0x00, 0x6a, 0xc0, 0x61, 0x00, 0x6a, 0xe1, 0x8a, 0xe0, 0xc3, 0xc0, 0xe4, 0xc0, 0xe4,
	0xa0, 0xe4, 0xa0, 0xe4, 0xa0, 0xe4, 0xa0, 0xe4, 0xa0, 0xe4, 0xa0, 0xec, 0xa0, 0xe4, 0xc0, 0xe4, 0xa1, 0xb3, 0x00, 0x72,
	0x00, 0x72, 0x00, 0x72, 0x00, 0x6a, 0x00, 0x62, 0x40, 0x62, 0x41, 0x39, 0x20, 0x08, 0x21, 0x22, 0x18, 0x20, 0x31, 0x20,
	0x62, 0xe0, 0x61, 0x00, 0x62, 0x00, 0x6a, 0xc0, 0x61, 0x00, 0x72, 0xc0, 0x8a, 0x01, 0xbc, 0xa0, 0xd4, 0xc0, 0xdc, 0xa0,
	0xe4, 0xa0, 0xec, 0xa0, 0xe4, 0xa0, 0xe4, 0xc0, 0xe4, 0x81, 0xb3, 0xc0, 0x71, 0xe0, 0x71, 0x00, 0x6a, 0x00, 0x6a, 0x00,
	0x62, 0x41, 0x62, 0x41, 0x31, 0x22, 0x22, 0x17, 0xe1, 0x20, 0x40, 0x6a, 0x00, 0x62, 0x00, 0x62, 0x00, 0x62, 0x00, 0x6a,
	0x00, 0x6a, 0xe0, 0x69, 0xc0, 0x69, 0x80, 0x8a, 0x81, 0xd4, 0xe0, 0xe4, 0xa0, 0xe4, 0xa0, 0xe4, 0xc0, 0xec, 0xc1, 0xb3,
	0xe0, 0x71, 0xe0, 0x69, 0x00, 0x6a, 0x00, 0x6a, 0x00, 0x6a, 0x40, 0x62, 0x41, 0x31, 0x23, 0x22, 0x16, 0x20, 0x08, 0xa0,
	0x18, 0xa1, 0x49, 0x20, 0x5a, 0x00, 0x5a, 0x00, 0x62, 0x00, 0x62, 0x00, 0x6a, 0xe0, 0x71, 0xc0, 0x71, 0x40, 0x82, 0x81,
	0xab, 0x81, 0xd4, 0xe0, 0xe4, 0xa1, 0xb3, 0x00, 0x72, 0x00, 0x6a, 0x00, 0x62, 0x00, 0x62, 0x20, 0x6a, 0xe0, 0x59, 0x21,
	0x31, 0x24, 0x25, 0x12, 0x01, 0x29, 0x20, 0x5a, 0x20, 0x5a, 0x00, 0x62, 0xe0, 0x61, 0xe0, 0x69, 0xe0, 0x69, 0xe0, 0x69,
	0xc0, 0x69, 0x60, 0x7a, 0x41, 0x93, 0x00, 0x6a, 0x00, 0x6a, 0x00, 0x6a, 0x00, 0x62, 0x20, 0x62, 0xe0, 0x51, 0x60, 0x10,
	0x25, 0x26, 0x10, 0x60, 0x10, 0x60, 0x39, 0xe0, 0x59, 0x00, 0x62, 0x00, 0x62, 0xe0, 0x61, 0xe0, 0x69, 0xe0, 0x69, 0xe0,
	0x61, 0xc0, 0x61, 0xe0, 0x61, 0x00, 0x62, 0xe0, 0x61, 0x00, 0x6a, 0xc1, 0x51, 0x40, 0x10, 0x26, 0x28, 0x0d, 0x60, 0x10,
	0x41, 0x31, 0x01, 0x5a, 0x20, 0x6a, 0x00, 0x6a, 0xe0, 0x61, 0x00, 0x62, 0x00, 0x62, 0x00, 0x62, 0xe0, 0x61, 0x00, 0x6a,
	0xc0, 0x59, 0x40, 0x10, 0x27, 0x2a, 0x0a, 0x60, 0x10, 0x61, 0x41, 0xe0, 0x61, 0x20, 0x62, 0x00, 0x62, 0x00, 0x62, 0x00,
	0x62, 0x20, 0x6a, 0xc0, 0x51, 0x40, 0x10, 0x28, 0x2c, 0x07, 0xa0, 0x20, 0xe1, 0x59, 0x20, 0x62, 0x20, 0x6a, 0x00, 0x62,
	0x00, 0x31, 0x40, 0x08, 0x29, 0x2d, 0x04, 0x20, 0x08, 0x21, 0x31, 0xc1, 0x49, 0xe0, 0x28, 0x31, 0x2c, 0x08, 0x61, 0x10,
	0xc2, 0x18, 0xa1, 0x18, 0x21, 0x29, 0x21, 0x31, 0x81, 0x18, 0xa1, 0x18, 0x61, 0x10, 0x32, 0x28, 0x10, 0x20, 0x10, 0x03,
	0x5a, 0x23, 0x5a, 0x02, 0x5a, 0x03, 0xbc, 0xe5, 0xd4, 0x23, 0x93, 0x00, 0x62, 0xe0, 0x61, 0x23, 0x83, 0xe3, 0xdc, 0x23,
	0xbc, 0x22, 0x62, 0x23, 0x5a, 0x23, 0x5a, 0x20, 0x08, 0x33, 0x22, 0x1c, 0xc2, 0x20, 0xe1, 0x28, 0xe1, 0x28, 0x44, 0x8b,
	0xe3, 0xab, 0xa2, 0xa3, 0xc2, 0xbb, 0xe1, 0xec, 0x01, 0xed, 0x00, 0xf5, 0xe0, 0xf4, 0x41, 0x9b, 0xc0, 0x61, 0xe0, 0x69,
	0xe0, 0x61, 0xe0, 0x61, 0x60, 0xab, 0x00, 0xed, 0x00, 0xf5, 0x00, 0xf5, 0x01, 0xed, 0xe1, 0xbb, 0xa2, 0xb3, 0xe2, 0xb3,
	0x63, 0x93, 0xe1, 0x28, 0xe1, 0x28, 0xe2, 0x20, 0x34, 0x1e, 0x24, 0xc2, 0x18, 0xa4, 0x6a, 0x63, 0x6a, 0x41, 0x6a, 0x82,
	0xcc, 0xc1, 0xdc, 0xc1, 0xe4, 0xe0, 0xec, 0xe0, 0xf4, 0xe0, 0xf4, 0xe0, 0xec, 0xa0, 0xe4, 0x80, 0xe4, 0xc1, 0xe4, 0x62,
	0xa3, 0xc0, 0x61, 0x00, 0x62, 0xe0, 0x61, 0xe0, 0x61, 0x00, 0x62, 0xe0, 0x69, 0x61, 0xa3, 0xc0, 0xdc, 0x80, 0xdc, 0x80,
	0xdc, 0xe0, 0xec, 0xe0, 0xec, 0xe0, 0xec, 0xe0, 0xec, 0xc1, 0xdc, 0xc1, 0xe4, 0xa2, 0xdc, 0x81, 0x7a, 0x00, 0x62, 0x41,
	0x6a, 0xa1, 0x20, 0x35, 0x18, 0x30, 0x42, 0x31, 0x42, 0x39, 0x42, 0x31, 0x82, 0x72, 0x23, 0xbc, 0xe2, 0xbb, 0x42, 0xc4,
	0x00, 0xed, 0x00, 0xf5, 0xe0, 0xf4, 0xa0, 0xec, 0xa0, 0xe4, 0xa0, 0xe4, 0xa0, 0xe4, 0xa0, 0xe4, 0xa0, 0xe4, 0xa0, 0xe4,
	0xa0, 0xe4, 0xc1, 0xe4, 0x41, 0xa3, 0xe0, 0x61, 0x00, 0x6a, 0xe0, 0x61, 0xe0, 0x61, 0xe0, 0x69, 0xe0, 0x69, 0x00, 0x6a,
	0xe0, 0x69, 0x41, 0xa3, 0xe0, 0xe4, 0xa0, 0xe4, 0xa0, 0xe4, 0xa0, 0xe4, 0xa0, 0xe4, 0xa0, 0xe4, 0xa0, 0xe4, 0xa0, 0xe4,
	0xa0, 0xe4, 0x00, 0xed, 0xe0, 0xec, 0x00, 0xf5, 0x42, 0xcc, 0x03, 0xb4, 0x43, 0xbc, 0x83, 0x72, 0x21, 0x39, 0x41, 0x39,
	0x42, 0x31, 0x36, 0x14, 0x38, 0xa0, 0x20, 0xa4, 0x7a, 0x04, 0x93, 0xc2, 0xb3, 0xe2, 0xe4, 0xe1, 0xec, 0xe1, 0xec, 0xe0,
	0xf4, 0xc0, 0xec, 0xc0, 0xf4, 0xc0, 0xe4, 0x80, 0xdc, 0xa0, 0xe4, 0xa0, 0xe4, 0xa0, 0xec, 0xa0, 0xec, 0xa0, 0xec, 0xa0,
	0xec, 0xa0, 0xec, 0xa0, 0xe4, 0xa0, 0xe4, 0xe1, 0xe4, 0x41, 0x9b, 0xe0, 0x61, 0x00, 0x62, 0x00, 0x62, 0x00, 0x62, 0x00,
	0x6a, 0xe0, 0x69, 0x00, 0x6a, 0xe0, 0x69, 0x00, 0x6a, 0xc0, 0x61, 0x41, 0xa3, 0xe0, 0xe4, 0xa0, 0xe4, 0xa0, 0xec, 0xa0,
	0xe4, 0xa0, 0xe4, 0xa0, 0xe4, 0xa0, 0xe4, 0xa0, 0xe4, 0xa0, 0xdc, 0xa0, 0xdc, 0xa0, 0xdc, 0xc0, 0xec, 0xc0, 0xf4, 0xc0,
	0xec, 0xe0, 0xec, 0xe1, 0xec, 0xe1, 0xe4, 0x02, 0xe5, 0xc3, 0xa3, 0x23, 0x8b, 0xc4, 0x7a, 0x80, 0x20, 0x37, 0x14, 0x38,
	0x41, 0x31, 0x81, 0x82, 0x41, 0xa3, 0x60, 0xcc, 0xc0, 0xe4, 0xa0, 0xec, 0x80, 0xe4, 0xa0, 0xe4, 0xa0, 0xe4, 0xa0, 0xe4,
	0xa0, 0xdc, 0xa0, 0xe4, 0xa0, 0xe4, 0xa0, 0xe4, 0xa0, 0xe4, 0xa0, 0xe4, 0xa0, 0xe4, 0xa0, 0xec, 0xa0, 0xe4, 0xa0, 0xe4,
	0xc1, 0xdc, 0x41, 0xa3, 0xe0, 0x69, 0x00, 0x62, 0x20, 0x62, 0x00, 0x62, 0x00, 0x62, 0x20, 0x6a, 0x20, 0x6a, 0x00, 0x6a,
	0x00, 0x6a, 0x00, 0x6a, 0x00, 0x6a, 0xe0, 0x69, 0x40, 0xa3, 0xe0, 0xe4, 0xa0, 0xe4, 0xa0, 0xe4, 0xa0, 0xe4, 0xa0, 0xe4,
	0xa0, 0xe4, 0xa0, 0xe4, 0xa0, 0xe4, 0xa0, 0xe4, 0xa0, 0xe4, 0xa0, 0xe4, 0xa0, 0xe4, 0xa0, 0xe4, 0xa0, 0xe4, 0x80, 0xe4,
	0xa0, 0xe4, 0xc0, 0xe4, 0x81, 0xd4, 0x81, 0xa3, 0xa1, 0x7a, 0x20, 0x31, 0x38, 0x14, 0x38, 0x40, 0x08, 0xc0, 0x51, 0xc0,
	0x59, 0x00, 0x6a, 0x02, 0xbc, 0xa0, 0xe4, 0xc0, 0xe4, 0xa0, 0xdc, 0xa0, 0xdc, 0xa0, 0xdc, 0xa0, 0xe4, 0xa0, 0xe4, 0xa0,
	0xe4, 0xa0, 0xe4, 0xa0, 0xe4, 0xa0, 0xe4, 0xa0, 0xe4, 0xa0, 0xe4, 0xa0, 0xe4, 0xc0, 0xec, 0x21, 0x9b, 0xc0, 0x61, 0x00,
	0x6a, 0x00, 0x6a, 0x00, 0x62, 0x00, 0x62, 0x20, 0x6a, 0x00, 0x5a, 0xe0, 0x61, 0x20, 0x6a, 0x00, 0x62, 0x00, 0x62, 0x00,
	0x6a, 0x00, 0x72, 0xc0, 0x69, 0x40, 0xab, 0xc0, 0xe4, 0xa0, 0xe4, 0xa0, 0xe4, 0xa0, 0xe4, 0xa0, 0xe4, 0xa0, 0xe4, 0xa0,
	0xe4, 0xa0, 0xe4, 0xa0, 0xe4, 0xa0, 0xe4, 0xa0, 0xe4, 0xa0, 0xe4, 0xa0, 0xe4, 0xc0, 0xe4, 0xc0, 0xdc, 0xe1, 0xb3, 0x20,
	0x72, 0xc0, 0x61, 0xe0, 0x51, 0x60, 0x08, 0x39, 0x15, 0x36, 0xc0, 0x51, 0x20, 0x6a, 0xe0, 0x69, 0xe0, 0x71, 0xc1, 0x92,
	0x21, 0xc4, 0xc1, 0xdc, 0xc0, 0xe4, 0xa0, 0xdc, 0xa0, 0xdc, 0xa0, 0xe4, 0xa0, 0xe4, 0xa0, 0xdc, 0xa0, 0xdc, 0xa0, 0xdc,
	0xa0, 0xe4, 0xa0, 0xe4, 0xe0, 0xec, 0x61, 0xab, 0xc0, 0x61, 0x00, 0x62, 0x00, 0x62, 0x00, 0x62, 0x20, 0x62, 0x00, 0x62,
	0x81, 0x41, 0x80, 0x18, 0x60, 0x10, 0x80, 0x41, 0x00, 0x62, 0x00, 0x62, 0x00, 0x62, 0x00, 0x6a, 0x00, 0x6a, 0xe0, 0x71,
	0x61, 0xab, 0xe0, 0xe4, 0xa0, 0xe4, 0xa0, 0xe4, 0xa0, 0xe4, 0xa0, 0xe4, 0xa0, 0xe4, 0xa0, 0xe4, 0xa0, 0xe4, 0xa0, 0xe4,
	0xa0, 0xe4, 0xc0, 0xec, 0xc0, 0xec, 0xe0, 0xc3, 0xe0, 0x92, 0xe0, 0x69, 0x00, 0x72, 0x20, 0x72, 0xc0, 0x51, 0x3a, 0x15,
	0x19, 0x82, 0x41, 0x00, 0x62, 0x00, 0x62, 0x00, 0x6a, 0xe0, 0x69, 0x00, 0x6a, 0xa0, 0x8a, 0xe1, 0xb3, 0xc2, 0xd4, 0xe0,
	0xe4, 0xa0, 0xdc, 0xa0, 0xdc, 0xa0, 0xdc, 0xa0, 0xdc, 0xa0, 0xdc, 0xa0, 0xdc, 0xc0, 0xe4, 0x61, 0xab, 0xe0, 0x71, 0x00,
	0x6a, 0x00, 0x62, 0x00, 0x62, 0x00, 0x62, 0x40, 0x62, 0x01, 0x29, 0x3a, 0x32, 0x19, 0xe1, 0x28, 0x00, 0x5a, 0x00, 0x62,
	0xe0, 0x61, 0x00, 0x62, 0x00, 0x6a, 0xe0, 0x69, 0x40, 0xa3, 0xc0, 0xdc, 0xa0, 0xdc, 0xa0, 0xe4, 0xa0, 0xe4, 0xa0, 0xe4,
	0xa0, 0xe4, 0x80, 0xdc, 0xe0, 0xe4, 0xa1, 0xdc, 0x01, 0xc4, 0xa0, 0x92, 0xe0, 0x71, 0xe0, 0x69, 0x20, 0x6a, 0x00, 0x6a,
	0x20, 0x6a, 0xa1, 0x41, 0x3b, 0x15, 0x18, 0x81, 0x10, 0x40, 0x62, 0x00, 0x62, 0xe0, 0x61, 0x00, 0x62, 0x00, 0x62, 0xc0,
	0x61, 0xc0, 0x61, 0xa1, 0x8a, 0xc1, 0xbb, 0xc0, 0xe4, 0xa0, 0xe4, 0x80, 0xdc, 0xa0, 0xdc, 0xa0, 0xdc, 0xe1, 0xe4, 0x21,
	0xa3, 0xe0, 0x69, 0x00, 0x72, 0x00, 0x6a, 0x00, 0x6a, 0x00, 0x6a, 0x20, 0x6a, 0x01, 0x31, 0x3b, 0x33, 0x18, 0xe1, 0x28,
	0x20, 0x62, 0xe0, 0x61, 0xe0, 0x61, 0xe0, 0x61, 0x20, 0x6a, 0xe0, 0x61, 0x21, 0x9b, 0xe1, 0xe4, 0xa0, 0xdc, 0xa0, 0xdc,
	0xa0, 0xe4, 0xa0, 0xe4, 0xe0, 0xe4, 0xe0, 0xb3, 0xa1, 0x82, 0xe0, 0x69, 0xe0, 0x61, 0x00, 0x62, 0x00, 0x6a, 0x00, 0x6a,
	0x00, 0x62, 0x40, 0x6a, 0x80, 0x10, 0x3c, 0x15, 0x17, 0x60, 0x10, 0xc1, 0x49, 0x00, 0x62, 0x20, 0x62, 0xe0, 0x61, 0x00,
	0x62, 0x00, 0x6a, 0x00, 0x6a, 0xc0, 0x69, 0xe0, 0x71, 0x81, 0xab, 0x80, 0xd4, 0xc0, 0xe4, 0xa0, 0xdc, 0xc0, 0xe4, 0x61,
	0xa3, 0xe0, 0x69, 0x00, 0x6a, 0x00, 0x6a, 0x00, 0x6a, 0x20, 0x6a, 0x40, 0x62, 0xe1, 0x28, 0x3c, 0x34, 0x17, 0x01, 0x29,
	0x40, 0x6a, 0x00, 0x62, 0x00, 0x62, 0x00, 0x6a, 0x00, 0x6a, 0xc0, 0x61, 0x41, 0x9b, 0xe1, 0xdc, 0xa0, 0xdc, 0xe0, 0xe4,
	0x60, 0xd4, 0xa1, 0xab, 0x00, 0x6a, 0xe0, 0x61, 0x00, 0x6a, 0x20, 0x6a, 0x00, 0x6a, 0x00, 0x62, 0x00, 0x62, 0x20, 0x6a,
	0xa0, 0x51, 0x40, 0x08, 0x3d, 0x17, 0x14, 0xc1, 0x20, 0xc1, 0x49, 0x20, 0x62, 0x00, 0x5a, 0x00, 0x62, 0x00, 0x62, 0x00,
	0x62, 0x00, 0x6a, 0xe0, 0x61, 0x40, 0x7a, 0x61, 0xa3, 0xa2, 0xcc, 0x21, 0x93, 0xe0, 0x61, 0x00, 0x6a, 0x00, 0x6a, 0x00,
	0x62, 0x20, 0x6a, 0xa0, 0x49, 0xa0, 0x18, 0x3d, 0x35, 0x14, 0xc1, 0x20, 0xa1, 0x49, 0x40, 0x6a, 0x00, 0x62, 0x20, 0x62,
	0x20, 0x6a, 0xe0, 0x61, 0x61, 0x9b, 0xa2, 0xcc, 0x81, 0xab, 0x60, 0x7a, 0xc0, 0x61, 0x00, 0x6a, 0x00, 0x6a, 0x00, 0x62,
	0x00, 0x62, 0x00, 0x6a, 0x40, 0x6a, 0xa1, 0x41, 0xc1, 0x20, 0x3e, 0x18, 0x11, 0x40, 0x08, 0x60, 0x41, 0x21, 0x5a, 0x20,
	0x62, 0x00, 0x62, 0x00, 0x62, 0x00, 0x62, 0x00, 0x6a, 0xe0, 0x69, 0xc0, 0x61, 0x40, 0x72, 0x00, 0x6a, 0x00, 0x6a, 0x00,
	0x6a, 0x00, 0x62, 0x20, 0x6a, 0x80, 0x49, 0x3e, 0x37, 0x11, 0xa1, 0x49, 0x40, 0x6a, 0x20, 0x62, 0x20, 0x6a, 0x00, 0x6a,
	0x00, 0x6a, 0x41, 0x72, 0xe0, 0x69, 0x00, 0x6a, 0x00, 0x6a, 0x00, 0x62, 0x00, 0x62, 0x00, 0x62, 0x40, 0x62, 0x20, 0x62,
	0x81, 0x41, 0x40, 0x08, 0x3f, 0x1a, 0x0e, 0x81, 0x18, 0x41, 0x39, 0x01, 0x5a, 0x20, 0x62, 0x20, 0x62, 0x00, 0x62, 0x00,
	0x6a, 0x00, 0x6a, 0xe0, 0x61, 0x00, 0x6a, 0x00, 0x6a, 0x00, 0x62, 0x20, 0x62, 0xa1, 0x49, 0x3f, 0x37, 0x0f, 0x20, 0x08,
	0xa1, 0x49, 0x40, 0x6a, 0x00, 0x62, 0x00, 0x6a, 0x00, 0x6a, 0xe0, 0x61, 0x00, 0x6a, 0x00, 0x6a, 0x00, 0x62, 0x00, 0x62,
	0x20, 0x6a, 0x01, 0x5a, 0x61, 0x39, 0x80, 0x18, 0x40, 0x1c, 0x0b, 0x61, 0x08, 0x20, 0x31, 0x00, 0x5a, 0x20, 0x62, 0x00,
	0x62, 0x00, 0x6a, 0x00, 0x6a, 0x00, 0x62, 0x00, 0x62, 0x20, 0x6a, 0x80, 0x49, 0x40, 0x39, 0x0b, 0xa1, 0x49, 0x40, 0x6a,
	0x20, 0x62, 0x00, 0x62, 0x00, 0x62, 0x00, 0x62, 0x00, 0x62, 0x20, 0x6a, 0x00, 0x62, 0x40, 0x39, 0x60, 0x10, 0x41, 0x1e,
	0x08, 0x60, 0x10, 0x61, 0x39, 0x40, 0x62, 0x20, 0x62, 0x00, 0x62, 0x00, 0x62, 0x20, 0x5a, 0x81, 0x41, 0x41, 0x39, 0x09,
	0x20, 0x08, 0x81, 0x49, 0xe0, 0x59, 0x00, 0x62, 0x00, 0x62, 0x00, 0x62, 0x60, 0x62, 0x80, 0x41, 0x60, 0x10, 0x42, 0x20,
	0x05, 0x01, 0x31, 0xe0, 0x51, 0x20, 0x62, 0xe1, 0x51, 0x80, 0x10, 0x42, 0x3b, 0x05, 0x80, 0x18, 0x01, 0x5a, 0x20, 0x6a,
	0xe1, 0x59, 0x21, 0x29, 0x43, 0x21, 0x03, 0x40, 0x08, 0x01, 0x29, 0xa1, 0x18, 0x43, 0x3c, 0x03, 0xa1, 0x18, 0x01, 0x29,
	0x40, 0x08, 0x1a, 0x30, 0x0e, 0x80, 0x10, 0x60, 0x10, 0x60, 0x10, 0x60, 0x10, 0x60, 0x10, 0x60, 0x10, 0x60, 0x10, 0x60,
	0x10, 0x80, 0x10, 0x60, 0x10, 0xa1, 0x18, 0xe2, 0x20, 0xc1, 0x20, 0xc1, 0x18, 0x1b, 0x22, 0x1c, 0x83, 0x31, 0x43, 0x52,
	0x02, 0x52, 0x03, 0x52, 0x03, 0x52, 0x02, 0x52, 0x02, 0x52, 0x22, 0x52, 0x22, 0x52, 0x22, 0x52, 0x22, 0x52, 0x22, 0x52,
	0x22, 0x52, 0x62, 0x8b, 0x40, 0xbc, 0x20, 0xb4, 0x20, 0xb4, 0x20, 0xb4, 0x20, 0xb4, 0x20, 0xb4, 0x20, 0xb4, 0x20, 0xb4,
	0x20, 0xb4, 0x40, 0xbc, 0x42, 0xb4, 0x62, 0x93, 0x61, 0x6a, 0xe0, 0x28, 0x1c, 0x21, 0x1d, 0x40, 0x08, 0x62, 0x62, 0x01,
	0x83, 0x81, 0xbc, 0xe1, 0xcc, 0xa1, 0xc4, 0xc1, 0xcc, 0xc1, 0xcc, 0xa0, 0xd4, 0xa0, 0xd4, 0xa0, 0xd4, 0xa0, 0xd4, 0xa0,
	0xd4, 0xa0, 0xd4, 0x80, 0xcc, 0x60, 0xc4, 0x60, 0xc4, 0x60, 0xc4, 0x60, 0xc4, 0x60, 0xc4, 0x60, 0xc4, 0x60, 0xc4, 0x60,
	0xc4, 0x60, 0xc4, 0xe0, 0xab, 0xa0, 0x82, 0xc0, 0x61, 0x20, 0x6a, 0xc0, 0x20, 0x1d, 0x21, 0x1d, 0x20, 0x08, 0xe0, 0x59,
	0xe0, 0x61, 0x60, 0x7a, 0x61, 0x9b, 0x61, 0xc4, 0x60, 0xc4, 0x40, 0xc4, 0x40, 0xc4, 0x40, 0xc4, 0x40, 0xc4, 0x40, 0xc4,
	0x40, 0xc4, 0x40, 0xc4, 0x40, 0xc4, 0x60, 0xc4, 0x40, 0xc4, 0x40, 0xc4, 0x60, 0xc4, 0x60, 0xc4, 0x60, 0xc4, 0x60, 0xc4,
	0x80, 0xc4, 0x20, 0x9b, 0xc0, 0x69, 0xe0, 0x61, 0x00, 0x62, 0x20, 0x6a, 0xc0, 0x20, 0x1e, 0x21, 0x1d, 0x20, 0x08, 0x00,
	0x5a, 0x20, 0x6a, 0xe0, 0x69, 0xa0, 0x61, 0x01, 0x93, 0x41, 0xb4, 0xa0, 0xcc, 0x60, 0xc4, 0x60, 0xc4, 0x60, 0xc4, 0x60,
	0xc4, 0x60, 0xc4, 0x60, 0xc4, 0x60, 0xc4, 0x60, 0xc4, 0x60, 0xc4, 0x60, 0xc4, 0x60, 0xc4, 0x60, 0xc4, 0x80, 0xc4, 0x41,
	0xbc, 0x41, 0x93, 0xe0, 0x69, 0x00, 0x6a, 0x00, 0x6a, 0x00, 0x6a, 0x20, 0x6a, 0xc0, 0x20, 0x1f, 0x21, 0x1d, 0x20, 0x08,
	0x00, 0x5a, 0x20, 0x62, 0x00, 0x6a, 0x00, 0x6a, 0xc0, 0x69, 0x20, 0x72, 0xe1, 0x92, 0x41, 0xbc, 0x80, 0xc4, 0x40, 0xbc,
	0x60, 0xbc, 0x60, 0xc4, 0x60, 0xc4, 0x60, 0xc4, 0x60, 0xc4, 0x60, 0xc4, 0x40, 0xc4, 0x60, 0xc4, 0x80, 0xc4, 0x21, 0xb4,
	0x40, 0x72, 0xe0, 0x61, 0x20, 0x6a, 0x00, 0x6a, 0x00, 0x6a, 0x00, 0x6a, 0x20, 0x6a, 0xc0, 0x20, 0x20, 0x21, 0x1d, 0x20,
	0x08, 0x00, 0x5a, 0x20, 0x62, 0x00, 0x62, 0x00, 0x6a, 0x00, 0x6a, 0xe0, 0x69, 0xc0, 0x69, 0xa0, 0x82, 0xa1, 0xa3, 0x81,
	0xbc, 0x60, 0xbc, 0x40, 0xc4, 0x60, 0xc4, 0x60, 0xc4, 0x40, 0xc4, 0x40, 0xc4, 0x80, 0xc4, 0x61, 0xc4, 0xe1, 0x92, 0x20,
	0x6a, 0x00, 0x6a, 0x20, 0x6a, 0x20, 0x6a, 0x00, 0x6a, 0x00, 0x6a, 0x20, 0x62, 0x60, 0x6a, 0xc1, 0x20, 0x21, 0x21, 0x1d,
	0x20, 0x08, 0x21, 0x5a, 0x20, 0x62, 0x00, 0x62, 0x00, 0x62, 0x00, 0x6a, 0x00, 0x6a, 0x20, 0x6a, 0xe0, 0x61, 0x00, 0x6a,
	0xc0, 0x82, 0xc1, 0xa3, 0x80, 0xc4, 0x60, 0xc4, 0x60, 0xc4, 0x60, 0xc4, 0x80, 0xc4, 0x20, 0xb4, 0xc0, 0x8a, 0xc0, 0x61,
	0x00, 0x62, 0x00, 0x62, 0x00, 0x62, 0x00, 0x62, 0x00, 0x62, 0x40, 0x6a, 0x00, 0x5a, 0xe1, 0x20, 0x20, 0x08, 0x22, 0x22,
	0x1a, 0x22, 0x29, 0xe1, 0x59, 0x20, 0x6a, 0x00, 0x62, 0x00, 0x62, 0x00, 0x6a, 0x00, 0x6a, 0x00, 0x6a, 0x00, 0x6a, 0xc0,
	0x61, 0x20, 0x72, 0x81, 0xa3, 0x60, 0xbc, 0x80, 0xc4, 0xa0, 0xc4, 0xa1, 0xa3, 0x00, 0x6a, 0x00, 0x6a, 0x00, 0x6a, 0x00,
	0x62, 0x00, 0x62, 0x00, 0x62, 0x20, 0x62, 0x20, 0x62, 0x81, 0x41, 0x81, 0x18, 0x23, 0x23, 0x17, 0x40, 0x10, 0x01, 0x31,
	0xe1, 0x51, 0x20, 0x6a, 0x00, 0x6a, 0x00, 0x62, 0x00, 0x62, 0x00, 0x62, 0x00, 0x6a, 0x00, 0x62, 0xc0, 0x61, 0xe1, 0x8a,
	0xe2, 0xab, 0xa0, 0x82, 0x20, 0x72, 0x00, 0x6a, 0x20, 0x6a, 0x00, 0x6a, 0x00, 0x62, 0x20, 0x62, 0x40, 0x62, 0x01, 0x52,
	0x41, 0x31, 0x24, 0x25, 0x14, 0x40, 0x08, 0x00, 0x31, 0xc0, 0x59, 0x20, 0x62, 0x00, 0x62, 0x00, 0x62, 0x00, 0x62, 0x00,
	0x62, 0x00, 0x62, 0x00, 0x62, 0x00, 0x62, 0xe0, 0x61, 0x00, 0x6a, 0x00, 0x6a, 0x00, 0x6a, 0x00, 0x62, 0x40, 0x6a, 0x20,
	0x62, 0x21, 0x31, 0x40, 0x08, 0x25, 0x27, 0x10, 0x20, 0x08, 0x21, 0x39, 0x40, 0x6a, 0x20, 0x62, 0x00, 0x62, 0x00, 0x62,
	0x00, 0x62, 0x00, 0x62, 0x00, 0x62, 0x00, 0x62, 0x00, 0x62, 0x00, 0x62, 0x20, 0x62, 0x40, 0x62, 0xc1, 0x51, 0xe1, 0x28,
	0x26, 0x29, 0x0c, 0xc1, 0x20, 0xa1, 0x49, 0x20, 0x62, 0x20, 0x6a, 0x00, 0x6a, 0x00, 0x6a, 0x00, 0x6a, 0x00, 0x6a, 0x00,
	0x6a, 0x20, 0x6a, 0xc1, 0x51, 0xc1, 0x20, 0x27, 0x2b, 0x09, 0xc1, 0x20, 0xa2, 0x49, 0x20, 0x62, 0x00, 0x62, 0x00, 0x62,
	0x00, 0x6a, 0x00, 0x62, 0x61, 0x49, 0x40, 0x10, 0x28, 0x2d, 0x05, 0xa1, 0x20, 0xc1, 0x49, 0x20, 0x5a, 0x01, 0x52, 0xe1,
	0x28, 0x29, 0x2f, 0x02, 0xc1, 0x20, 0x40, 0x08, 0x34, 0x22, 0x1c, 0xe1, 0x20, 0x01, 0x5a, 0xe1, 0x51, 0x01, 0x52, 0x01,
	0x52, 0x01, 0x52, 0x01, 0x52, 0x01, 0x52, 0xe1, 0x51, 0x01, 0x52, 0xe1, 0x51, 0x42, 0x5a, 0x63, 0x62, 0x22, 0x62, 0x21,
	0x62, 0x63, 0x62, 0x62, 0x62, 0x22, 0x5a, 0xe1, 0x51, 0xe1, 0x51, 0xe1, 0x51, 0xe1, 0x51, 0xe1, 0x51, 0xe1, 0x51, 0xe1,
	0x51, 0xe1, 0x51, 0x01, 0x52, 0xe1, 0x20, 0x35, 0x15, 0x36, 0xc3, 0x49, 0x64, 0x83, 0xa3, 0x93, 0xa3, 0x9b, 0xa3, 0x93,
	0xc3, 0x9b, 0xc2, 0x9b, 0xc2, 0x9b, 0xc2, 0x9b, 0xc2, 0x9b, 0xc2, 0x9b, 0xc3, 0x9b, 0xc2, 0x9b, 0x21, 0xac, 0xc0, 0xcc,
	0xa0, 0xcc, 0xa0, 0xcc, 0xa0, 0xcc, 0xa0, 0xcc, 0xa0, 0xcc, 0xa0, 0xcc, 0xa0, 0xcc, 0xa0, 0xcc, 0xc0, 0xd4, 0x41, 0xbc,
	0xe1, 0x8a, 0x40, 0x7a, 0x20, 0x72, 0xc1, 0x8a, 0x61, 0xc4, 0xc1, 0xcc, 0xa0, 0xcc, 0xa0, 0xcc, 0xa0, 0xcc, 0xa0, 0xcc,
	0xa0, 0xcc, 0xa0, 0xcc, 0xa0, 0xcc, 0xa0, 0xcc, 0xc0, 0xcc, 0x21, 0xb4, 0xc2, 0x9b, 0xc3, 0x9b, 0xc3, 0x9b, 0xc3, 0x9b,
	0xc3, 0x9b, 0xc3, 0x9b, 0xc3, 0x9b, 0xc3, 0x9b, 0xc3, 0x9b, 0xc3, 0x9b, 0xc3, 0x9b, 0x84, 0x8b, 0xe3, 0x51, 0x36, 0x15,
	0x36, 0xe1, 0x59, 0x20, 0x6a, 0x61, 0x93, 0xa1, 0xc4, 0x80, 0xc4, 0x80, 0xc4, 0x80, 0xcc, 0x80, 0xcc, 0x80, 0xcc, 0x80,
	0xcc, 0x80, 0xcc, 0x80, 0xcc, 0xa0, 0xcc, 0x80, 0xc4, 0x40, 0xbc, 0x40, 0xbc, 0x40, 0xbc, 0x40, 0xbc, 0x40, 0xc4, 0x40,
	0xc4, 0x40, 0xc4, 0x40, 0xc4, 0x60, 0xc4, 0x00, 0x93, 0x40, 0x72, 0xe0, 0x61, 0x00, 0x6a, 0x00, 0x6a, 0xe0, 0x61, 0x40,
	0x72, 0x20, 0x93, 0x60, 0xbc, 0x60, 0xbc, 0x40, 0xbc, 0x40, 0xbc, 0x40, 0xbc, 0x40, 0xbc, 0x40, 0xbc, 0x40, 0xbc, 0x40,
	0xbc, 0x80, 0xc4, 0x80, 0xcc, 0x80, 0xcc, 0x80, 0xc4, 0x80, 0xc4, 0x80, 0xc4, 0x80, 0xc4, 0x80, 0xc4, 0x80, 0xc4, 0xa0,
	0xcc, 0xa1, 0xc4, 0x61, 0x9b, 0x20, 0x72, 0xe0, 0x51, 0x37, 0x15, 0x36, 0xc1, 0x51, 0x20, 0x62, 0x00, 0x5a, 0x40, 0x6a,
	0xe2, 0xab, 0xa0, 0xc4, 0x60, 0xc4, 0x40, 0xc4, 0x40, 0xc4, 0x60, 0xc4, 0x60, 0xc4, 0x60, 0xc4, 0x60, 0xc4, 0x60, 0xc4,
	0x60, 0xc4, 0x60, 0xc4, 0x60, 0xc4, 0x60, 0xc4, 0x60, 0xc4, 0x40, 0xc4, 0x80, 0xcc, 0x80, 0xc4, 0x00, 0x8b, 0xe0, 0x61,
	0x00, 0x6a, 0x00, 0x6a, 0x20, 0x6a, 0x00, 0x6a, 0x20, 0x6a, 0x00, 0x6a, 0xe0, 0x69, 0xe0, 0x8a, 0x80, 0xc4, 0x60, 0xc4,
	0x60, 0xc4, 0x60, 0xc4, 0x60, 0xc4, 0x60, 0xc4, 0x60, 0xc4, 0x60, 0xc4, 0x60, 0xc4, 0x60, 0xc4, 0x60, 0xc4, 0x40, 0xc4,
	0x40, 0xc4, 0x40, 0xbc, 0x40, 0xbc, 0x60, 0xc4, 0xa0, 0xc4, 0xe1, 0xab, 0x40, 0x6a, 0x00, 0x62, 0x00, 0x6a, 0xc1, 0x51,
	0x38, 0x15, 0x36, 0xc1, 0x51, 0x20, 0x6a, 0x00, 0x62, 0xe0, 0x61, 0x20, 0x72, 0x21, 0x93, 0x21, 0xbc, 0x60, 0xc4, 0x60,
	0xc4, 0x40, 0xc4, 0x60, 0xc4, 0x60, 0xc4, 0x60, 0xc4, 0x60, 0xc4, 0x60, 0xc4, 0x60, 0xc4, 0x60, 0xc4, 0x40, 0xc4, 0x60,
	0xc4, 0x80, 0xcc, 0x81, 0xab, 0x61, 0x7a, 0x00, 0x6a, 0x20, 0x6a, 0x20, 0x6a, 0x00, 0x6a, 0x00, 0x6a, 0x00, 0x6a, 0x00,
	0x6a, 0x00, 0x6a, 0x00, 0x6a, 0x00, 0x6a, 0x80, 0x7a, 0x80, 0xa3, 0xa0, 0xc4, 0x60, 0xc4, 0x60, 0xc4, 0x60, 0xc4, 0x80,
	0xc4, 0x60, 0xc4, 0x60, 0xc4, 0x60, 0xc4, 0x60, 0xc4, 0x60, 0xc4, 0x40, 0xc4, 0x60, 0xc4, 0x60, 0xc4, 0x41, 0xb4, 0x01,
	0x8b, 0x40, 0x6a, 0xe0, 0x59, 0x20, 0x62, 0x20, 0x6a, 0xc0, 0x51, 0x39, 0x15, 0x36, 0xc1, 0x51, 0x20, 0x6a, 0x00, 0x62,
	0x00, 0x6a, 0xe0, 0x69, 0xc0, 0x69, 0xe0, 0x69, 0x81, 0xa3, 0x80, 0xc4, 0x60, 0xc4, 0x60, 0xc4, 0x60, 0xc4, 0x60, 0xc4,
	0x60, 0xc4, 0x60, 0xc4, 0x60, 0xc4, 0x40, 0xc4, 0x60, 0xc4, 0x41, 0xc4, 0x61, 0x9b, 0xe0, 0x69, 0xe0, 0x69, 0x20, 0x6a,
	0x20, 0x6a, 0x00, 0x6a, 0x20, 0x62, 0x20, 0x6a, 0x20, 0x6a, 0x00, 0x6a, 0x00, 0x6a, 0x00, 0x6a, 0x00, 0x6a, 0xc0, 0x61,
	0xe0, 0x69, 0x41, 0x9b, 0x40, 0xbc, 0x80, 0xc4, 0x40, 0xc4, 0x80, 0xc4, 0x60, 0xc4, 0x60, 0xc4, 0x60, 0xc4, 0x60, 0xc4,
	0x60, 0xc4, 0x60, 0xc4, 0x81, 0xcc, 0x81, 0xa3, 0x00, 0x72, 0xe0, 0x61, 0x00, 0x62, 0x20, 0x62, 0x00, 0x62, 0x20, 0x62,
	0xc0, 0x59, 0x3a, 0x15, 0x36, 0xc1, 0x51, 0x20, 0x6a, 0x00, 0x62, 0x00, 0x62, 0x00, 0x6a, 0x00, 0x6a, 0x00, 0x6a, 0x00,
	0x6a, 0xa0, 0x7a, 0xe1, 0xab, 0x60, 0xbc, 0x60, 0xc4, 0x40, 0xc4, 0x60, 0xc4, 0x40, 0xc4, 0x40, 0xc4, 0x80, 0xcc, 0x41,
	0xbc, 0x81, 0x82, 0xc0, 0x61, 0x00, 0x62, 0x00, 0x6a, 0x00, 0x6a, 0x00, 0x6a, 0x00, 0x62, 0x20, 0x62, 0xe0, 0x59, 0xe1,
	0x59, 0x20, 0x6a, 0x00, 0x62, 0x00, 0x62, 0x00, 0x6a, 0x00, 0x6a, 0x00, 0x6a, 0xc0, 0x61, 0x60, 0x7a, 0x21, 0xb4, 0x80,
	0xc4, 0x40, 0xc4, 0x60, 0xc4, 0x60, 0xc4, 0x40, 0xbc, 0x60, 0xbc, 0x61, 0xc4, 0xe1, 0xab, 0x80, 0x82, 0x00, 0x72, 0x00,
	0x6a, 0x00, 0x6a, 0x00, 0x62, 0x00, 0x62, 0x00, 0x62, 0x20, 0x62, 0xc1, 0x51, 0x3b, 0x15, 0x36, 0xc2, 0x51, 0x40, 0x6a,
	0x20, 0x62, 0x00, 0x62, 0x00, 0x62, 0x00, 0x62, 0x00, 0x62, 0x00, 0x62, 0x00, 0x62, 0xe0, 0x61, 0xc0, 0x82, 0x61, 0xbc,
	0x60, 0xc4, 0x40, 0xbc, 0x60, 0xc4, 0x80, 0xc4, 0x60, 0x9b, 0x60, 0x7a, 0xe0, 0x69, 0x00, 0x6a, 0x00, 0x62, 0xe0, 0x61,
	0xe0, 0x61, 0xe0, 0x61, 0x20, 0x6a, 0xc1, 0x51, 0x40, 0x08, 0x40, 0x08, 0xc1, 0x51, 0x20, 0x6a, 0x00, 0x62, 0x00, 0x62,
	0x00, 0x62, 0x00, 0x62, 0x00, 0x62, 0xe0, 0x61, 0x60, 0x72, 0x61, 0x9b, 0x61, 0xc4, 0x60, 0xbc, 0x40, 0xbc, 0x60, 0xc4,
	0x61, 0xbc, 0xe0, 0x8a, 0x00, 0x6a, 0x00, 0x62, 0x00, 0x62, 0x00, 0x62, 0x00, 0x62, 0x00, 0x62, 0x00, 0x62, 0x00, 0x62,
	0x40, 0x62, 0xe1, 0x49, 0x3c, 0x15, 0x19, 0x41, 0x08, 0x21, 0x31, 0xc0, 0x51, 0x20, 0x62, 0x00, 0x62, 0x00, 0x62, 0x00,
	0x62, 0x00, 0x62, 0x00, 0x62, 0x00, 0x6a, 0xe0, 0x69, 0x60, 0x7a, 0x81, 0xab, 0x81, 0xcc, 0x00, 0xbc, 0x20, 0x9b, 0xc0,
	0x69, 0xe0, 0x69, 0x00, 0x6a, 0x00, 0x6a, 0xe0, 0x61, 0x00, 0x62, 0x00, 0x6a, 0x20, 0x6a, 0x01, 0x29, 0x3c, 0x31, 0x1a,
	0x20, 0x08, 0xe1, 0x30, 0x21, 0x6a, 0x20, 0x62, 0x00, 0x62, 0x00, 0x62, 0x00, 0x62, 0x00, 0x62, 0xe0, 0x61, 0xc0, 0x69,
	0xe1, 0x92, 0x20, 0xb4, 0xa1, 0xc4, 0x81, 0xa3, 0x60, 0x7a, 0x00, 0x6a, 0x00, 0x6a, 0x20, 0x6a, 0x20, 0x6a, 0x20, 0x6a,
	0x00, 0x6a, 0x20, 0x6a, 0x40, 0x6a, 0xe0, 0x59, 0x20, 0x31, 0x60, 0x08, 0x3d, 0x17, 0x16, 0x20, 0x08, 0x01, 0x29, 0x00,
	0x5a, 0x20, 0x6a, 0x00, 0x62, 0x00, 0x62, 0x00, 0x62, 0x00, 0x6a, 0x20, 0x6a, 0xe0, 0x61, 0x00, 0x6a, 0x02, 0x8b, 0x20,
	0x72, 0x00, 0x6a, 0x00, 0x6a, 0x00, 0x6a, 0x00, 0x6a, 0x00, 0x6a, 0x00, 0x62, 0x40, 0x62, 0x81, 0x41, 0xc1, 0x20, 0x3d,
	0x33, 0x16, 0xa1, 0x20, 0x81, 0x41, 0x21, 0x5a, 0x00, 0x62, 0x00, 0x62, 0x00, 0x62, 0x00, 0x62, 0x00, 0x6a, 0xe0, 0x61,
	0x40, 0x6a, 0x01, 0x8b, 0x00, 0x6a, 0xc0, 0x61, 0x00, 0x62, 0x00, 0x6a, 0x00, 0x6a, 0x20, 0x6a, 0x20, 0x6a, 0x20, 0x6a,
	0x00, 0x5a, 0x21, 0x31, 0x40, 0x08, 0x3e, 0x19, 0x12, 0x20, 0x08, 0x21, 0x39, 0xe1, 0x59, 0x20, 0x62, 0x00, 0x62, 0x00,
	0x62, 0x00, 0x62, 0x00, 0x62, 0x00, 0x62, 0xe0, 0x61, 0x00, 0x62, 0x00, 0x6a, 0x00, 0x62, 0x00, 0x62, 0x00, 0x62, 0x40,
	0x6a, 0x00, 0x52, 0xa0, 0x18, 0x3e, 0x35, 0x12, 0xa1, 0x10, 0xe1, 0x51, 0x40, 0x62, 0x00, 0x62, 0x00, 0x5a, 0x00, 0x62,
	0x00, 0x62, 0x00, 0x62, 0xe0, 0x61, 0x00, 0x62, 0x00, 0x62, 0x00, 0x62, 0x00, 0x62, 0x00, 0x62, 0x20, 0x6a, 0x01, 0x5a,
	0x21, 0x31, 0x40, 0x08, 0x3f, 0x1b, 0x0f, 0x40, 0x10, 0xc2, 0x49, 0x21, 0x62, 0x40, 0x62, 0x00, 0x62, 0x00, 0x62, 0x00,
	0x62, 0x00, 0x6a, 0x00, 0x6a, 0x00, 0x62, 0x00, 0x62, 0x00, 0x62, 0x01, 0x5a, 0x21, 0x31, 0x60, 0x10, 0x3f, 0x36, 0x0f,
	0x40, 0x08, 0x21, 0x31, 0xe0, 0x51, 0x20, 0x62, 0x00, 0x62, 0x00, 0x62, 0x00, 0x62, 0x00, 0x62, 0x00, 0x62, 0xe0, 0x61,
	0xe0, 0x61, 0x20, 0x62, 0x20, 0x5a, 0xe1, 0x51, 0x40, 0x10, 0x40, 0x1d, 0x0b, 0xe1, 0x20, 0xa1, 0x49, 0x20, 0x6a, 0x20,
	0x6a, 0xe0, 0x61, 0x00, 0x62, 0x00, 0x6a, 0x00, 0x6a, 0x20, 0x6a, 0x81, 0x49, 0x40, 0x08, 0x40, 0x38, 0x0b, 0x20, 0x08,
	0x81, 0x41, 0x40, 0x62, 0x00, 0x62, 0xe0, 0x61, 0xe0, 0x61, 0xe0, 0x61, 0x00, 0x6a, 0x20, 0x6a, 0x80, 0x41, 0xa1, 0x18,
	0x41, 0x1f, 0x07, 0xc1, 0x18, 0xc1, 0x51, 0x00, 0x6a, 0x20, 0x6a, 0x20, 0x62, 0xe1, 0x59, 0xe1, 0x28, 0x41, 0x3a, 0x07,
	0xe1, 0x20, 0xe1, 0x59, 0x20, 0x6a, 0x00, 0x6a, 0x00, 0x6a, 0xc1, 0x51, 0xc1, 0x20, 0x42, 0x21, 0x04, 0xc1, 0x20, 0xa1,
	0x49, 0xa1, 0x41, 0x80, 0x18, 0x42, 0x3b, 0x04, 0x81, 0x10, 0x82, 0x41, 0xa1, 0x49, 0xe1, 0x20, 0x1b, 0x22, 0x02, 0x61,
	0x08, 0x40, 0x08, 0x1c, 0x22, 0x0c, 0xc2, 0x20, 0xe1, 0x59, 0xe1, 0x59, 0x61, 0x62, 0x61, 0x62, 0x62, 0x62, 0x42, 0x31,
	0xa0, 0x18, 0xa1, 0x18, 0xa1, 0x18, 0xa1, 0x18, 0xa1, 0x10, 0x1d, 0x22, 0x12, 0x62, 0x41, 0x20, 0x6a, 0x20, 0x6a, 0x40,
	0x6a, 0xc0, 0x7a, 0x00, 0x83, 0x20, 0x83, 0x00, 0x83, 0x20, 0x83, 0x01, 0x83, 0x21, 0x83, 0xe1, 0x72, 0xa1, 0x49, 0x81,
	0x49, 0xa1, 0x49, 0x81, 0x41, 0xa3, 0x41, 0x61, 0x08, 0x1e, 0x21, 0x1d, 0x40, 0x08, 0x01, 0x5a, 0x00, 0x62, 0x00, 0x62,
	0x00, 0x62, 0x00, 0x6a, 0x20, 0x72, 0xa0, 0x82, 0xe0, 0x8a, 0xe0, 0x82, 0xe0, 0x82, 0xe0, 0x82, 0x00, 0x83, 0x00, 0x83,
	0x20, 0x8b, 0x20, 0x8b, 0x20, 0x8b, 0x21, 0x8b, 0xc1, 0x72, 0xa1, 0x72, 0x81, 0x72, 0x61, 0x6a, 0x81, 0x6a, 0x62, 0x5a,
	0xe1, 0x20, 0xe1, 0x20, 0xe1, 0x20, 0xe1, 0x20, 0xa1, 0x18, 0x1f, 0x21, 0x1d, 0x20, 0x08, 0x00, 0x5a, 0x00, 0x62, 0x00,
	0x62, 0x00, 0x62, 0x00, 0x6a, 0x00, 0x6a, 0x20, 0x6a, 0x60, 0x72, 0xa0, 0x7a, 0x00, 0x83, 0xe0, 0x82, 0xe0, 0x82, 0xe0,
	0x82, 0xe0, 0x82, 0xe0, 0x82, 0xe0, 0x82, 0xe0, 0x82, 0x00, 0x8b, 0x00, 0x8b, 0x00, 0x8b, 0x00, 0x8b, 0x00, 0x8b, 0x20,
	0x93, 0x20, 0x93, 0xe0, 0x82, 0x81, 0x6a, 0x81, 0x6a, 0x42, 0x5a, 0x20, 0x21, 0x1d, 0xa1, 0x18, 0x20, 0x62, 0x00, 0x62,
	0x00, 0x62, 0x00, 0x62, 0x00, 0x6a, 0x00, 0x6a, 0x00, 0x6a, 0x00, 0x6a, 0x20, 0x6a, 0x80, 0x72, 0xc0, 0x7a, 0x00, 0x83,
	0x00, 0x83, 0xe0, 0x82, 0x00, 0x83, 0xe0, 0x82, 0x00, 0x83, 0xe0, 0x8a, 0xe0, 0x8a, 0xe0, 0x82, 0xc0, 0x82, 0x80, 0x7a,
	0x60, 0x7a, 0x20, 0x72, 0x00, 0x6a, 0xe0, 0x61, 0x00, 0x62, 0x81, 0x41, 0x21, 0x21, 0x1d, 0xa2, 0x41, 0x60, 0x6a, 0x00,
	0x62, 0x00, 0x62, 0x00, 0x6a, 0x00, 0x6a, 0xe0, 0x69, 0x00, 0x6a, 0x00, 0x6a, 0x00, 0x6a, 0x00, 0x6a, 0x00, 0x6a, 0x80,
	0x72, 0xe0, 0x82, 0xe0, 0x82, 0x00, 0x7b, 0xe0, 0x7a, 0xc0, 0x7a, 0xa0, 0x7a, 0x40, 0x6a, 0x20, 0x6a, 0x00, 0x62, 0x00,
	0x6a, 0xe0, 0x69, 0x00, 0x6a, 0x00, 0x6a, 0x00, 0x62, 0x40, 0x6a, 0xe1, 0x28, 0x22, 0x21, 0x1d, 0xc1, 0x18, 0x41, 0x39,
	0xe1, 0x51, 0x21, 0x6a, 0x20, 0x6a, 0x00, 0x6a, 0xe0, 0x69, 0x00, 0x6a, 0x00, 0x6a, 0x00, 0x6a, 0x00, 0x6a, 0x00, 0x6a,
	0x00, 0x62, 0x40, 0x6a, 0x60, 0x72, 0x60, 0x72, 0x60, 0x72, 0x20, 0x6a, 0x00, 0x62, 0x00, 0x62, 0x00, 0x62, 0x00, 0x62,
	0x00, 0x6a, 0x00, 0x6a, 0x00, 0x6a, 0x00, 0x6a, 0x00, 0x62, 0x40, 0x6a, 0x01, 0x29, 0x23, 0x23, 0x1b, 0x41, 0x08, 0x60,
	0x18, 0x61, 0x39, 0x20, 0x62, 0x40, 0x72, 0x00, 0x6a, 0x00, 0x6a, 0x00, 0x62, 0x00, 0x62, 0x00, 0x62, 0x00, 0x62, 0x00,
	0x6a, 0x00, 0x6a, 0xe0, 0x61, 0x00, 0x62, 0x00, 0x62, 0x00, 0x62, 0x00, 0x62, 0x00, 0x62, 0x00, 0x62, 0x00, 0x6a, 0x00,
	0x62, 0x00, 0x6a, 0x00, 0x6a, 0x20, 0x6a, 0xc0, 0x51, 0x20, 0x08, 0x24, 0x26, 0x17, 0x81, 0x18, 0x00, 0x31, 0xc0, 0x51,
	0x20, 0x62, 0x20, 0x62, 0x20, 0x6a, 0x00, 0x62, 0x00, 0x62, 0x00, 0x62, 0x00, 0x62, 0x00, 0x62, 0x00, 0x62, 0x00, 0x62,
	0x00, 0x62, 0x00, 0x62, 0x00, 0x62, 0x00, 0x6a, 0x20, 0x6a, 0x20, 0x6a, 0x20, 0x6a, 0x00, 0x62, 0x01, 0x62, 0x82, 0x41,
	0x25, 0x29, 0x14, 0x40, 0x08, 0x21, 0x31, 0xa0, 0x49, 0x20, 0x5a, 0x40, 0x62, 0x20, 0x62, 0x00, 0x62, 0x00, 0x62, 0x00,
	0x62, 0x00, 0x62, 0x20, 0x6a, 0x20, 0x62, 0x20, 0x6a, 0xc0, 0x61, 0x60, 0x49, 0xa1, 0x49, 0x00, 0x31, 0x40, 0x08, 0x40,
	0x08, 0x40, 0x08, 0x26, 0x2c, 0x0b, 0xa0, 0x18, 0x61, 0x41, 0x01, 0x5a, 0x20, 0x62, 0x00, 0x62, 0xc1, 0x59, 0xe1, 0x59,
	0x00, 0x31, 0xc1, 0x20, 0xc2, 0x20, 0x40, 0x08, 0x27, 0x2e, 0x03, 0x40, 0x08, 0xe1, 0x20, 0x60, 0x10, 0x27, 0x32, 0x01,
	0x20, 0x08, 0x35, 0x15, 0x07, 0x61, 0x10, 0x01, 0x29, 0x80, 0x18, 0xc1, 0x20, 0xc0, 0x18, 0xc1, 0x18, 0x40, 0x08, 0x35,
	0x44, 0x07, 0x40, 0x08, 0xc1, 0x18, 0xa1, 0x18, 0xc1, 0x20, 0xa0, 0x18, 0x01, 0x29, 0x81, 0x10, 0x36, 0x15, 0x0d, 0xa0,
	0x18, 0x40, 0x62, 0x40, 0x62, 0xa1, 0x72, 0xe0, 0x7a, 0x20, 0x7b, 0x61, 0x62, 0xc1, 0x49, 0xa1, 0x49, 0xc1, 0x49, 0xc1,
	0x49, 0xc2, 0x49, 0xa1, 0x10, 0x36, 0x23, 0x01, 0x20, 0x08, 0x36, 0x3b, 0x02, 0x20, 0x08, 0x40, 0x08, 0x36, 0x3e, 0x0d,
	0x81, 0x18, 0xc2, 0x41, 0xc1, 0x41, 0xa1, 0x41, 0xc2, 0x41, 0xc1, 0x49, 0x61, 0x62, 0x22, 0x83, 0xc1, 0x72, 0x81, 0x6a,
	0x60, 0x6a, 0x40, 0x6a, 0xa0, 0x20, 0x37, 0x15, 0x17, 0x81, 0x41, 0x20, 0x6a, 0x00, 0x62, 0x00, 0x62, 0x40, 0x6a, 0xa0,
	0x72, 0xe0, 0x7a, 0x20, 0x83, 0x00, 0x83, 0x20, 0x8b, 0x20, 0x8b, 0x20, 0x8b, 0xe1, 0x72, 0xa2, 0x72, 0x81, 0x7a, 0xa1,
	0x7a, 0xc2, 0x72, 0xa1, 0x41, 0xe1, 0x20, 0x01, 0x29, 0x01, 0x31, 0xe1, 0x20, 0xe2, 0x20, 0x37, 0x34, 0x17, 0xe2, 0x20,
	0xe1, 0x28, 0x01, 0x29, 0xe1, 0x20, 0xe1, 0x20, 0x82, 0x41, 0xc2, 0x72, 0xa1, 0x6a, 0xa1, 0x72, 0xc1, 0x7a, 0xe1, 0x7a,
	0x20, 0x8b, 0x20, 0x8b, 0x20, 0x8b, 0x20, 0x8b, 0x40, 0x8b, 0x00, 0x8b, 0x80, 0x7a, 0x40, 0x6a, 0x00, 0x5a, 0x00, 0x62,
	0x20, 0x62, 0x81, 0x49, 0x38, 0x15, 0x36, 0xe1, 0x51, 0x20, 0x6a, 0x00, 0x6a, 0x00, 0x6a, 0x00, 0x62, 0x00, 0x62, 0x40,
	0x6a, 0xc0, 0x7a, 0xe0, 0x82, 0xe0, 0x82, 0xe0, 0x7a, 0xc0, 0x82, 0xe0, 0x82, 0x00, 0x8b, 0xe0, 0x8a, 0xc0, 0x8a, 0xe0,
	0x82, 0x00, 0x83, 0x01, 0x83, 0x00, 0x8b, 0x00, 0x8b, 0x00, 0x83, 0x01, 0x83, 0x21, 0x5a, 0x22, 0x52, 0xc2, 0x49, 0xa2,
	0x41, 0xe2, 0x49, 0xe1, 0x49, 0x00, 0x52, 0x41, 0x5a, 0x21, 0x7b, 0x20, 0x83, 0x00, 0x83, 0x01, 0x7b, 0x21, 0x83, 0x00,
	0x83, 0xe0, 0x82, 0x00, 0x83, 0x00, 0x8b, 0x00, 0x8b, 0x00, 0x8b, 0xe0, 0x82, 0xc0, 0x82, 0x00, 0x83, 0xe0, 0x82, 0xa0,
	0x7a, 0x20, 0x6a, 0x00, 0x6a, 0x00, 0x62, 0x00, 0x62, 0x00, 0x62, 0x20, 0x62, 0xc1, 0x51, 0x39, 0x15, 0x36, 0xc0, 0x51,
	0x20, 0x6a, 0x00, 0x6a, 0x00, 0x6a, 0x00, 0x6a, 0x00, 0x6a, 0x00, 0x62, 0x00, 0x6a, 0x40, 0x6a, 0xc0, 0x7a, 0xe0, 0x7a,
	0xe0, 0x82, 0xe0, 0x82, 0xe0, 0x82, 0xe0, 0x82, 0xe0, 0x82, 0xc0, 0x82, 0xe0, 0x82, 0xe0, 0x82, 0xc0, 0x8a, 0xc0, 0x8a,
	0xc0, 0x82, 0xc0, 0x82, 0xc0, 0x82, 0xa0, 0x7a, 0x40, 0x72, 0x20, 0x6a, 0x40, 0x72, 0x40, 0x72, 0xa0, 0x7a, 0xc0, 0x7a,
	0xe0, 0x82, 0xe0, 0x82, 0xc0, 0x82, 0xe0, 0x82, 0xe0, 0x82, 0xc0, 0x7a, 0xe0, 0x82, 0xc0, 0x82, 0xe0, 0x82, 0xe0, 0x82,
	0xe0, 0x82, 0xe0, 0x82, 0x00, 0x8b, 0xe0, 0x82, 0x60, 0x6a, 0x20, 0x5a, 0x00, 0x62, 0x00, 0x62, 0x00, 0x62, 0x00, 0x62,
	0x00, 0x62, 0x20, 0x62, 0xc0, 0x51, 0x3a, 0x14, 0x38, 0xa1, 0x18, 0x00, 0x5a, 0x00, 0x62, 0xe0, 0x61, 0x00, 0x6a, 0x00,
	0x6a, 0x00, 0x6a, 0x00, 0x6a, 0x00, 0x6a, 0x00, 0x62, 0x20, 0x62, 0x60, 0x6a, 0xa0, 0x7a, 0x00, 0x8b, 0xe0, 0x82, 0xe0,
	0x82, 0xe0, 0x82, 0x00, 0x83, 0xe0, 0x82, 0xc0, 0x7a, 0xc0, 0x82, 0x60, 0x7a, 0x40, 0x72, 0x20, 0x6a, 0x00, 0x6a, 0xe0,
	0x61, 0x00, 0x6a, 0x00, 0x62, 0x00, 0x62, 0x00, 0x6a, 0xe0, 0x61, 0xe0, 0x61, 0x40, 0x6a, 0x40, 0x6a, 0xa0, 0x7a, 0xc0,
	0x7a, 0xc0, 0x72, 0xe0, 0x7a, 0xe0, 0x82, 0xe0, 0x82, 0xe0, 0x82, 0x00, 0x83, 0xe0, 0x82, 0xc0, 0x7a, 0x60, 0x72, 0x00,
	0x6a, 0x00, 0x62, 0x00, 0x62, 0x00, 0x62, 0x00, 0x62, 0x00, 0x62, 0x00, 0x62, 0x00, 0x62, 0x00, 0x5a, 0x20, 0x5a, 0xe0,
	0x28, 0x3b, 0x14, 0x38, 0x22, 0x29, 0x41, 0x62, 0x00, 0x62, 0x00, 0x6a, 0x00, 0x6a, 0x00, 0x6a, 0x00, 0x6a, 0x00, 0x6a,
	0x00, 0x6a, 0x00, 0x6a, 0x00, 0x62, 0x00, 0x62, 0x20, 0x6a, 0x80, 0x7a, 0xe0, 0x82, 0xe0, 0x82, 0xc0, 0x82, 0xa0, 0x7a,
	0x60, 0x72, 0x20, 0x6a, 0x00, 0x6a, 0xe0, 0x69, 0xe0, 0x69, 0x00, 0x6a, 0x00, 0x6a, 0x00, 0x6a, 0x20, 0x62, 0x00, 0x6a,
	0x00, 0x6a, 0x00, 0x6a, 0x00, 0x62, 0x00, 0x62, 0x00, 0x6a, 0x00, 0x6a, 0x00, 0x6a, 0x20, 0x6a, 0x20, 0x62, 0x80, 0x72,
	0x80, 0x72, 0xc0, 0x7a, 0xe0, 0x82, 0xe0, 0x7a, 0x80, 0x72, 0x40, 0x6a, 0x00, 0x6a, 0x00, 0x62, 0x00, 0x6a, 0x00, 0x6a,
	0x00, 0x62, 0x00, 0x62, 0x00, 0x62, 0x00, 0x6a, 0x20, 0x6a, 0x20, 0x5a, 0x61, 0x62, 0x21, 0x31, 0x3c, 0x15, 0x36, 0x60,
	0x10, 0x21, 0x29, 0xa0, 0x49, 0x00, 0x5a, 0x20, 0x62, 0x00, 0x62, 0x00, 0x6a, 0x00, 0x62, 0x00, 0x62, 0x00, 0x62, 0x00,
	0x62, 0x00, 0x6a, 0x20, 0x6a, 0x20, 0x6a, 0x20, 0x6a, 0x20, 0x6a, 0x00, 0x6a, 0x00, 0x62, 0x00, 0x6a, 0x00, 0x6a, 0x00,
	0x6a, 0x00, 0x6a, 0x00, 0x6a, 0x00, 0x6a, 0x00, 0x62, 0x00, 0x62, 0x00, 0x6a, 0x00, 0x6a, 0x00, 0x6a, 0x00, 0x62, 0x00,
	0x62, 0x00, 0x6a, 0x00, 0x6a, 0x00, 0x62, 0x00, 0x62, 0x00, 0x62, 0x00, 0x62, 0x00, 0x62, 0x00, 0x6a, 0x20, 0x6a, 0x00,
	0x6a, 0x00, 0x62, 0x00, 0x6a, 0x00, 0x6a, 0x00, 0x62, 0x00, 0x62, 0x00, 0x62, 0x00, 0x6a, 0x00, 0x62, 0x20, 0x6a, 0xe0,
	0x61, 0xa0, 0x51, 0x21, 0x29, 0x61, 0x10, 0x3d, 0x18, 0x30, 0x81, 0x18, 0x42, 0x31, 0x01, 0x5a, 0x00, 0x62, 0x20, 0x6a,
	0x00, 0x62, 0x00, 0x62, 0x00, 0x62, 0x00, 0x62, 0x00, 0x62, 0x00, 0x6a, 0x00, 0x62, 0x00, 0x62, 0x00, 0x62, 0x00, 0x6a,
	0x00, 0x6a, 0x00, 0x6a, 0x00, 0x6a, 0x00, 0x6a, 0x00, 0x62, 0x00, 0x6a, 0x20, 0x6a, 0x20, 0x62, 0x20, 0x62, 0x20, 0x6a,
	0x20, 0x6a, 0x20, 0x6a, 0x00, 0x6a, 0x00, 0x62, 0x00, 0x62, 0x00, 0x62, 0x00, 0x62, 0xe0, 0x61, 0x00, 0x62, 0x00, 0x62,
	0xe0, 0x61, 0xe0, 0x61, 0xe0, 0x61, 0x00, 0x62, 0x00, 0x62, 0x00, 0x62, 0x00, 0x62, 0x00, 0x62, 0x20, 0x62, 0x00, 0x62,
	0x00, 0x62, 0x60, 0x41, 0x80, 0x20, 0x3e, 0x1a, 0x2c, 0x40, 0x08, 0xc0, 0x20, 0x81, 0x49, 0xc0, 0x51, 0x40, 0x62, 0x20,
	0x62, 0x00, 0x62, 0x00, 0x62, 0x00, 0x62, 0x00, 0x62, 0x00, 0x62, 0x00, 0x62, 0x00, 0x6a, 0x00, 0x6a, 0x00, 0x6a, 0x20,
	0x6a, 0x20, 0x6a, 0x20, 0x6a, 0x00, 0x62, 0x80, 0x49, 0x61, 0x39, 0x61, 0x31, 0x61, 0x39, 0x80, 0x41, 0x60, 0x49, 0x00,
	0x6a, 0x40, 0x6a, 0x20, 0x6a, 0x20, 0x6a, 0x00, 0x62, 0x00, 0x6a, 0x00, 0x6a, 0xe0, 0x61, 0xe0, 0x61, 0x00, 0x62, 0xe0,
	0x61, 0xe0, 0x61, 0x00, 0x62, 0x20, 0x62, 0x40, 0x6a, 0xe0, 0x59, 0xa2, 0x41, 0xc0, 0x20, 0x40, 0x08, 0x3f, 0x1d, 0x10,
	0x61, 0x10, 0xc1, 0x18, 0x81, 0x39, 0x20, 0x5a, 0x40, 0x6a, 0x20, 0x6a, 0x40, 0x6a, 0x40, 0x6a, 0x20, 0x62, 0x00, 0x62,
	0xe0, 0x59, 0x00, 0x5a, 0x60, 0x41, 0xc0, 0x20, 0xc0, 0x20, 0x80, 0x18, 0x3f, 0x33, 0x10, 0x80, 0x18, 0xe0, 0x28, 0xc0,
	0x20, 0x60, 0x41, 0x00, 0x5a, 0xe0, 0x59, 0xe1, 0x59, 0x20, 0x6a, 0x20, 0x6a, 0x20, 0x6a, 0x00, 0x6a, 0x00, 0x72, 0x20,
	0x62, 0x81, 0x41, 0xc1, 0x20, 0x60, 0x10, 0x40, 0x20, 0x07, 0x81, 0x10, 0x61, 0x39, 0xa1, 0x49, 0x81, 0x41, 0x41, 0x39,
	0x61, 0x39, 0x80, 0x18, 0x40, 0x28, 0x01, 0x40, 0x08, 0x40, 0x37, 0x01, 0x20, 0x08, 0x40, 0x39, 0x07, 0x81, 0x10, 0x62,
	0x39, 0x41, 0x39, 0x80, 0x49, 0xc0, 0x51, 0x61, 0x39, 0x81, 0x18, 0x41, 0x3d, 0x01, 0x40, 0x08, 0x1a, 0x24, 0x02, 0xa1,
	0x18, 0x81, 0x10, 0x1b, 0x23, 0x06, 0x20, 0x08, 0xa1, 0x41, 0x20, 0x5a, 0xe1, 0x51, 0x21, 0x31, 0x40, 0x08, 0x1c, 0x23,
	0x09, 0xc0, 0x28, 0x20, 0x62, 0x00, 0x62, 0x20, 0x62, 0x40, 0x6a, 0xe0, 0x51, 0xc0, 0x49, 0xe0, 0x20, 0x20, 0x08, 0x1d,
	0x23, 0x0b, 0xa1, 0x51, 0x00, 0x62, 0x00, 0x62, 0x00, 0x62, 0x00, 0x62, 0x00, 0x62, 0x00, 0x6a, 0x40, 0x6a, 0xa0, 0x51,
	0x21, 0x39, 0x81, 0x10, 0x1e, 0x22, 0x0f, 0xa1, 0x18, 0x00, 0x62, 0xe0, 0x61, 0x00, 0x62, 0x00, 0x62, 0x00, 0x62, 0x00,
	0x6a, 0x00, 0x6a, 0x00, 0x6a, 0x20, 0x6a, 0x20, 0x6a, 0x01, 0x5a, 0x60, 0x41, 0xa0, 0x20, 0x60, 0x10, 0x1f, 0x22, 0x11,
	0xc2, 0x41, 0x40, 0x6a, 0xe0, 0x61, 0x00, 0x62, 0x00, 0x62, 0x00, 0x62, 0x00, 0x6a, 0x00, 0x6a, 0x00, 0x6a, 0x00, 0x6a,
	0x00, 0x6a, 0x00, 0x6a, 0x20, 0x6a, 0x20, 0x6a, 0xe1, 0x51, 0x21, 0x39, 0x20, 0x08, 0x20, 0x22, 0x13, 0x42, 0x31, 0x60,
	0x41, 0x00, 0x62, 0x20, 0x62, 0x20, 0x62, 0x00, 0x62, 0x00, 0x6a, 0x00, 0x6a, 0x00, 0x6a, 0x00, 0x6a, 0x00, 0x6a, 0x00,
	0x62, 0x00, 0x62, 0x00, 0x62, 0x20, 0x62, 0x40, 0x62, 0xe1, 0x49, 0xa2, 0x39, 0xc1, 0x18, 0x21, 0x24, 0x14, 0xa1, 0x10,
	0x81, 0x41, 0xc0, 0x51, 0x20, 0x62, 0x20, 0x6a, 0x00, 0x6a, 0x00, 0x62, 0x00, 0x62, 0x00, 0x62, 0x00, 0x62, 0x00, 0x62,
	0x00, 0x62, 0x00, 0x62, 0x00, 0x62, 0x00, 0x62, 0x20, 0x62, 0x20, 0x6a, 0x80, 0x51, 0x40, 0x49, 0x60, 0x18, 0x22, 0x27,
	0x13, 0x01, 0x29, 0xe0, 0x51, 0x40, 0x62, 0x20, 0x62, 0x00, 0x62, 0x00, 0x62, 0x00, 0x62, 0x00, 0x62, 0x00, 0x62, 0x00,
	0x6a, 0x00, 0x6a, 0x00, 0x6a, 0x00, 0x62, 0xe0, 0x61, 0x20, 0x6a, 0x20, 0x6a, 0x20, 0x62, 0x40, 0x39, 0xe1, 0x28, 0x23,
	0x28, 0x15, 0x40, 0x08, 0x80, 0x10, 0x41, 0x39, 0x00, 0x5a, 0x40, 0x6a, 0x20, 0x62, 0x00, 0x62, 0x00, 0x62, 0x00, 0x62,
	0x00, 0x62, 0x00, 0x62, 0x00, 0x62, 0x00, 0x62, 0x00, 0x62, 0x00, 0x62, 0x00, 0x6a, 0x00, 0x6a, 0x20, 0x6a, 0xe1, 0x51,
	0x01, 0x29, 0x60, 0x10, 0x24, 0x2b, 0x13, 0x60, 0x10, 0x01, 0x31, 0xa0, 0x49, 0x20, 0x62, 0x20, 0x62, 0x20, 0x62, 0x00,
	0x62, 0x00, 0x62, 0x00, 0x62, 0x00, 0x62, 0x00, 0x62, 0x00, 0x62, 0x00, 0x6a, 0xe0, 0x69, 0x00, 0x62, 0x20, 0x62, 0x20,
	0x62, 0x21, 0x52, 0xc1, 0x18, 0x25, 0x2e, 0x0f, 0xc0, 0x28, 0xa0, 0x49, 0xc0, 0x51, 0x40, 0x62, 0x20, 0x62, 0x00, 0x62,
	0x00, 0x62, 0x00, 0x62, 0x00, 0x6a, 0x00, 0x6a, 0x00, 0x6a, 0x00, 0x62, 0x00, 0x62, 0x20, 0x62, 0xc1, 0x49, 0x26, 0x31,
	0x0c, 0x02, 0x29, 0xc1, 0x51, 0xe0, 0x61, 0x20, 0x6a, 0x00, 0x6a, 0xe0, 0x69, 0x00, 0x6a, 0x00, 0x62, 0x00, 0x62, 0x00,
	0x6a, 0x20, 0x62, 0xc0, 0x20, 0x27, 0x33, 0x09, 0x60, 0x10, 0x61, 0x41, 0x00, 0x62, 0x20, 0x6a, 0x00, 0x6a, 0x00, 0x62,
	0xe0, 0x61, 0x20, 0x6a, 0xc1, 0x51, 0x28, 0x35, 0x07, 0x80, 0x18, 0xc0, 0x20, 0xa1, 0x49, 0x20, 0x62, 0x20, 0x62, 0x40,
	0x62, 0xe1, 0x28, 0x29, 0x38, 0x03, 0xe1, 0x28, 0x61, 0x39, 0xa2, 0x41, 0x2a, 0x3a, 0x01, 0x40, 0x08, 0x34, 0x17, 0x04,
	0xa1, 0x18, 0x61, 0x31, 0xe0, 0x20, 0x40, 0x08, 0x34, 0x46, 0x03, 0xe1, 0x20, 0x41, 0x39, 0xa0, 0x18, 0x35, 0x17, 0x07,
	0xa1, 0x49, 0x40, 0x62, 0x40, 0x5a, 0x01, 0x52, 0x21, 0x31, 0x80, 0x18, 0x20, 0x08, 0x35, 0x42, 0x07, 0x40, 0x08, 0x81,
	0x18, 0x21, 0x31, 0xe1, 0x49, 0x21, 0x5a, 0x40, 0x5a, 0xa1, 0x49, 0x36, 0x16, 0x0a, 0xc1, 0x20, 0x20, 0x62, 0x00, 0x62,
	0x00, 0x62, 0x20, 0x62, 0x20, 0x62, 0x20, 0x62, 0xc0, 0x51, 0xe1, 0x28, 0x20, 0x08, 0x36, 0x41, 0x09, 0xc1, 0x28, 0xa1,
	0x51, 0x21, 0x62, 0x20, 0x62, 0x20, 0x62, 0x00, 0x5a, 0x00, 0x5a, 0x00, 0x62, 0xa1, 0x18, 0x37, 0x16, 0x0c, 0xa1, 0x41,
	0x20, 0x62, 0x00, 0x62, 0x00, 0x62, 0x00, 0x62, 0x00, 0x62, 0x00, 0x62, 0x20, 0x6a, 0x00, 0x62, 0xe1, 0x61, 0x81, 0x41,
	0x81, 0x10, 0x37, 0x3e, 0x0c, 0x81, 0x10, 0x60, 0x39, 0xe1, 0x51, 0x00, 0x5a, 0x20, 0x62, 0x00, 0x62, 0x00, 0x62, 0x00,
	0x62, 0x00, 0x62, 0x00, 0x62, 0x20, 0x62, 0xa1, 0x49, 0x38, 0x15, 0x10, 0xa0, 0x18, 0x20, 0x62, 0xe0, 0x61, 0x00, 0x62,
	0x00, 0x6a, 0x00, 0x62, 0x00, 0x62, 0x00, 0x6a, 0x00, 0x62, 0x00, 0x62, 0x00, 0x62, 0x20, 0x62, 0x00, 0x5a, 0x80, 0x41,
	0x21, 0x31, 0x20, 0x08, 0x38, 0x3c, 0x0f, 0x21, 0x31, 0x80, 0x41, 0x21, 0x5a, 0x20, 0x62, 0x20, 0x62, 0x00, 0x62, 0x00,
	0x62, 0x20, 0x62, 0x20, 0x62, 0x20, 0x62, 0x20, 0x62, 0x00, 0x62, 0x00, 0x62, 0x20, 0x62, 0xa0, 0x18, 0x39, 0x15, 0x12,
	0xc2, 0x41, 0x20, 0x62, 0x00, 0x62, 0x00, 0x62, 0x00, 0x6a, 0x00, 0x6a, 0x00, 0x6a, 0x00, 0x6a, 0x00, 0x6a, 0x00, 0x62,
	0x00, 0x62, 0x00, 0x62, 0x00, 0x62, 0x20, 0x6a, 0x20, 0x62, 0x00, 0x62, 0x20, 0x39, 0xa0, 0x20, 0x39, 0x39, 0x12, 0xa0,
	0x18, 0xc0, 0x28, 0xe1, 0x51, 0x20, 0x62, 0x20, 0x62, 0x00, 0x62, 0x00, 0x62, 0x00, 0x6a, 0x00, 0x6a, 0x00, 0x62, 0x00,
	0x62, 0x00, 0x62, 0x00, 0x62, 0x00, 0x62, 0x00, 0x62, 0x00, 0x62, 0x40, 0x6a, 0xc1, 0x49, 0x3a, 0x15, 0x15, 0x60, 0x10,
	0x80, 0x18, 0x81, 0x41, 0x00, 0x62, 0x40, 0x62, 0x00, 0x62, 0x00, 0x62, 0x00, 0x6a, 0x00, 0x62, 0x00, 0x62, 0x00, 0x62,
	0x00, 0x62, 0x00, 0x62, 0x00, 0x62, 0x00, 0x62, 0x00, 0x62, 0x40, 0x6a, 0x20, 0x62, 0xc1, 0x51, 0xa0, 0x20, 0x60, 0x10,
	0x3a, 0x36, 0x15, 0x40, 0x08, 0xc0, 0x20, 0xa1, 0x49, 0x20, 0x5a, 0x20, 0x62, 0x00, 0x62, 0x00, 0x62, 0x00, 0x62, 0x00,
	0x62, 0x00, 0x62, 0x00, 0x6a, 0x00, 0x6a, 0x00, 0x62, 0x00, 0x62, 0x00, 0x62, 0x00, 0x62, 0x40, 0x6a, 0x20, 0x5a, 0xa1,
	0x49, 0xa0, 0x18, 0x80, 0x10, 0x3b, 0x18, 0x14, 0xa0, 0x18, 0xe1, 0x28, 0xc0, 0x51, 0x20, 0x6a, 0x20, 0x6a, 0x00, 0x62,
	0x00, 0x62, 0x00, 0x62, 0x00, 0x62, 0x00, 0x62, 0x00, 0x62, 0x00, 0x62, 0x00, 0x62, 0x00, 0x6a, 0x00, 0x62, 0x20, 0x6a,
	0x20, 0x62, 0x20, 0x62, 0x60, 0x41, 0x80, 0x18, 0x3b, 0x34, 0x14, 0x61, 0x10, 0x61, 0x39, 0x01, 0x5a, 0x20, 0x62, 0x20,
	0x62, 0x00, 0x5a, 0x00, 0x62, 0x00, 0x62, 0x00, 0x62, 0x00, 0x6a, 0x00, 0x62, 0x00, 0x62, 0x00, 0x62, 0x00, 0x62, 0x00,
	0x6a, 0x20, 0x6a, 0x20, 0x6a, 0xc0, 0x59, 0x20, 0x39, 0xa0, 0x18, 0x3c, 0x1a, 0x15, 0x40, 0x08, 0x01, 0x29, 0xa1, 0x51,
	0xe0, 0x59, 0x40, 0x62, 0x20, 0x62, 0x00, 0x62, 0x00, 0x62, 0x00, 0x62, 0x00, 0x62, 0x00, 0x62, 0x00, 0x62, 0x00, 0x62,
	0x00, 0x6a, 0x00, 0x6a, 0x00, 0x6a, 0x20, 0x6a, 0xe0, 0x61, 0xa1, 0x59, 0x01, 0x29, 0x40, 0x08, 0x3c, 0x31, 0x15, 0x41,
	0x08, 0x01, 0x29, 0xa1, 0x49, 0xc1, 0x51, 0x40, 0x62, 0x00, 0x62, 0x00, 0x62, 0x00, 0x5a, 0x00, 0x62, 0x00, 0x62, 0x00,
	0x62, 0x00, 0x62, 0x00, 0x62, 0xe0, 0x61, 0xe0, 0x61, 0x00, 0x62, 0x40, 0x62, 0xe0, 0x59, 0xc0, 0x49, 0x00, 0x31, 0x40,
	0x10, 0x3d, 0x1d, 0x26, 0x61, 0x10, 0x22, 0x31, 0x01, 0x52, 0x20, 0x62, 0x20, 0x6a, 0x00, 0x6a, 0x00, 0x62, 0x00, 0x62,
	0x00, 0x6a, 0x00, 0x6a, 0x00, 0x6a, 0x00, 0x6a, 0x00, 0x6a, 0xe0, 0x61, 0x00, 0x6a, 0x00, 0x6a, 0x40, 0x6a, 0xe0, 0x51,
	0x20, 0x39, 0x20, 0x39, 0xc1, 0x51, 0x20, 0x62, 0x20, 0x62, 0x00, 0x62, 0x00, 0x62, 0x00, 0x62, 0x00, 0x62, 0x00, 0x62,
	0x00, 0x62, 0x00, 0x62, 0x00, 0x62, 0xe0, 0x61, 0xe0, 0x61, 0x00, 0x6a, 0x00, 0x6a, 0x01, 0x5a, 0x42, 0x31, 0x61, 0x10,
	0x3e, 0x1f, 0x22, 0x40, 0x08, 0xc0, 0x20, 0xa1, 0x49, 0x20, 0x6a, 0x20, 0x6a, 0x00, 0x62, 0x00, 0x62, 0x00, 0x62, 0x00,
	0x62, 0x00, 0x6a, 0x00, 0x6a, 0x00, 0x6a, 0x00, 0x6a, 0x00, 0x6a, 0x00, 0x62, 0x00, 0x62, 0x20, 0x6a, 0x20, 0x6a, 0x00,
	0x62, 0x00, 0x62, 0x00, 0x62, 0x00, 0x62, 0x00, 0x62, 0x00, 0x62, 0x00, 0x62, 0x00, 0x62, 0x00, 0x62, 0x00, 0x62, 0x00,
	0x62, 0x20, 0x6a, 0x21, 0x6a, 0xa1, 0x51, 0xa1, 0x20, 0x40, 0x08, 0x3f, 0x22, 0x1c, 0xc1, 0x20, 0x00, 0x31, 0xe1, 0x51,
	0x20, 0x62, 0x40, 0x62, 0x00, 0x5a, 0xe0, 0x61, 0x00, 0x6a, 0x00, 0x6a, 0x00, 0x6a, 0x00, 0x6a, 0x00, 0x62, 0x00, 0x62,
	0xe0, 0x59, 0xe0, 0x59, 0x00, 0x62, 0x00, 0x62, 0x00, 0x62, 0x00, 0x62, 0x00, 0x62, 0x00, 0x62, 0x00, 0x62, 0x00, 0x62,
	0x20, 0x6a, 0x20, 0x62, 0x01, 0x5a, 0x00, 0x31, 0xc1, 0x20, 0x40, 0x25, 0x16, 0x01, 0x21, 0x20, 0x31, 0x01, 0x52, 0x00,
	0x62, 0x00, 0x6a, 0x00, 0x62, 0xe0, 0x61, 0x00, 0x62, 0xe0, 0x61, 0x40, 0x62, 0xc1, 0x20, 0xa0, 0x20, 0x20, 0x6a, 0xe0,
	0x69, 0x00, 0x6a, 0x00, 0x6a, 0x00, 0x62, 0x20, 0x62, 0x20, 0x62, 0x00, 0x62, 0x61, 0x41, 0x00, 0x29, 0x41, 0x27, 0x08,
	0x60, 0x10, 0x60, 0x39, 0xe1, 0x51, 0x00, 0x62, 0x00, 0x6a, 0xe0, 0x61, 0x20, 0x62, 0xe1, 0x49, 0x41, 0x31, 0x08, 0xa0,
	0x51, 0x20, 0x62, 0x00, 0x62, 0x20, 0x62, 0x20, 0x62, 0xe0, 0x59, 0x81, 0x41, 0x81, 0x18, 0x42, 0x2a, 0x05, 0xc1, 0x20,
	0xc0, 0x51, 0x20, 0x62, 0x21, 0x5a, 0xc1, 0x20, 0x42, 0x31, 0x05, 0xe0, 0x20, 0x41, 0x5a, 0x20, 0x5a, 0xc1, 0x49, 0xe1,
	0x20, 0x43, 0x2c, 0x03, 0x80, 0x10, 0x02, 0x29, 0x20, 0x08, 0x43, 0x31, 0x03, 0x40, 0x08, 0x02, 0x29, 0x81, 0x10, 0x19,
	0x28, 0x01, 0x81, 0x10, 0x1a, 0x27, 0x04, 0xa1, 0x18, 0x01, 0x52, 0xa1, 0x49, 0xa1, 0x18, 0x1b, 0x26, 0x07, 0x80, 0x18,
	0x00, 0x5a, 0x20, 0x62, 0x20, 0x62, 0x21, 0x5a, 0x81, 0x41, 0x20, 0x08, 0x1c, 0x25, 0x0a, 0x80, 0x18, 0xe0, 0x59, 0x00,
	0x62, 0x00, 0x62, 0x00, 0x62, 0x00, 0x62, 0x20, 0x62, 0x01, 0x5a, 0x21, 0x29, 0x40, 0x08, 0x1d, 0x24, 0x0c, 0xa1, 0x18,
	0xe0, 0x59, 0x00, 0x62, 0x00, 0x62, 0x00, 0x62, 0x00, 0x6a, 0x00, 0x6a, 0x00, 0x6a, 0x20, 0x6a, 0x20, 0x62, 0xc0, 0x51,
	0x01, 0x31, 0x1e, 0x24, 0x0e, 0xa2, 0x41, 0x40, 0x62, 0x00, 0x62, 0x00, 0x62, 0x00, 0x62, 0x00, 0x62, 0x00, 0x6a, 0x00,
	0x6a, 0x00, 0x62, 0x00, 0x62, 0x00, 0x62, 0x40, 0x6a, 0x60, 0x41, 0x60, 0x10, 0x1f, 0x24, 0x0f, 0x60, 0x10, 0x00, 0x5a,
	0x20, 0x62, 0x00, 0x62, 0x00, 0x62, 0x00, 0x62, 0x00, 0x6a, 0x00, 0x6a, 0x00, 0x6a, 0x00, 0x62, 0x00, 0x62, 0x00, 0x62,
	0x20, 0x62, 0x20, 0x62, 0xa0, 0x18, 0x20, 0x25, 0x0e, 0x60, 0x10, 0xe1, 0x51, 0x40, 0x62, 0x00, 0x5a, 0x00, 0x62, 0x00,
	0x6a, 0x00, 0x6a, 0x00, 0x6a, 0x00, 0x62, 0x00, 0x62, 0x00, 0x62, 0x00, 0x62, 0x20, 0x6a, 0x81, 0x39, 0x21, 0x26, 0x0e,
	0x61, 0x08, 0x01, 0x52, 0x20, 0x62, 0x00, 0x62, 0x00, 0x6a, 0x00, 0x6a, 0x00, 0x6a, 0x00, 0x6a, 0x00, 0x62, 0x00, 0x62,
	0x00, 0x62, 0x00, 0x5a, 0x20, 0x62, 0x80, 0x41, 0x22, 0x27, 0x0e, 0x61, 0x10, 0xe0, 0x59, 0x20, 0x6a, 0x00, 0x6a, 0x00,
	0x6a, 0x00, 0x6a, 0x00, 0x6a, 0x00, 0x62, 0x00, 0x62, 0x00, 0x62, 0x00, 0x62, 0x00, 0x62, 0x40, 0x6a, 0xe1, 0x28, 0x23,
	0x28, 0x0e, 0x60, 0x10, 0xe0, 0x59, 0x20, 0x6a, 0xe0, 0x69, 0x00, 0x6a, 0x00, 0x62, 0x00, 0x62, 0x00, 0x62, 0x00, 0x6a,
	0x00, 0x6a, 0x00, 0x62, 0x00, 0x62, 0xe0, 0x51, 0x61, 0x10, 0x24, 0x29, 0x0d, 0x60, 0x10, 0xe0, 0x59, 0x20, 0x6a, 0x00,
	0x6a, 0x00, 0x62, 0x00, 0x62, 0x00, 0x62, 0x00, 0x62, 0x00, 0x6a, 0x00, 0x6a, 0x00, 0x62, 0x20, 0x62, 0x82, 0x41, 0x25,
	0x2a, 0x0d, 0x40, 0x10, 0xe1, 0x59, 0x40, 0x6a, 0x00, 0x62, 0x00, 0x62, 0x00, 0x62, 0x00, 0x62, 0x00, 0x62, 0x00, 0x62,
	0x00, 0x62, 0x00, 0x62, 0x00, 0x5a, 0xe1, 0x28, 0x26, 0x2b, 0x0d, 0x40, 0x08, 0xe0, 0x51, 0x20, 0x6a, 0x00, 0x6a, 0x00,
	0x6a, 0x00, 0x62, 0x00, 0x62, 0x00, 0x62, 0x00, 0x62, 0x00, 0x62, 0x00, 0x62, 0x20, 0x62, 0xe1, 0x20, 0x27, 0x2c, 0x0c,
	0x60, 0x08, 0xe0, 0x51, 0x20, 0x6a, 0x00, 0x6a, 0x00, 0x6a, 0x00, 0x62, 0x00, 0x62, 0x00, 0x62, 0x00, 0x62, 0x00, 0x62,
	0x00, 0x6a, 0xc1, 0x49, 0x28, 0x2d, 0x0c, 0x60, 0x10, 0xe1, 0x51, 0x20, 0x6a, 0x00, 0x62, 0x00, 0x6a, 0x00, 0x62, 0x00,
	0x62, 0x00, 0x62, 0x00, 0x62, 0x00, 0x6a, 0x20, 0x6a, 0x60, 0x41, 0x29, 0x2e, 0x0c, 0x60, 0x10, 0xe0, 0x59, 0x20, 0x6a,
	0x00, 0x62, 0x00, 0x62, 0x00, 0x62, 0x00, 0x62, 0x00, 0x62, 0x00, 0x6a, 0x00, 0x62, 0x00, 0x5a, 0x80, 0x10, 0x2a, 0x2f,
	0x0c, 0x60, 0x10, 0xe1, 0x59, 0x20, 0x6a, 0x20, 0x6a, 0x00, 0x62, 0x00, 0x6a, 0x00, 0x6a, 0x00, 0x62, 0x00, 0x62, 0x20,
	0x62, 0x02, 0x52, 0x81, 0x10, 0x2b, 0x30, 0x0b, 0x40, 0x10, 0xe0, 0x59, 0x40, 0x6a, 0x20, 0x6a, 0x00, 0x62, 0x00, 0x62,
	0x00, 0x62, 0x00, 0x62, 0x00, 0x62, 0x20, 0x62, 0xa1, 0x49, 0x2c, 0x31, 0x0b, 0x60, 0x10, 0xe1, 0x59, 0x40, 0x6a, 0x00,
	0x62, 0x00, 0x62, 0x00, 0x62, 0x00, 0x62, 0x00, 0x62, 0x20, 0x62, 0x20, 0x62, 0xa1, 0x18, 0x2d, 0x32, 0x09, 0x60, 0x10,
	0xe0, 0x59, 0x20, 0x6a, 0x00, 0x62, 0x00, 0x62, 0x00, 0x62, 0x40, 0x6a, 0xa0, 0x49, 0xc0, 0x20, 0x2e, 0x33, 0x06, 0x60,
	0x10, 0x01, 0x5a, 0x20, 0x6a, 0x00, 0x62, 0x40, 0x6a, 0x81, 0x41, 0x2f, 0x34, 0x04, 0x61, 0x10, 0xe1, 0x51, 0x00, 0x5a,
	0xe0, 0x28, 0x30, 0x35, 0x02, 0x60, 0x10, 0x81, 0x18, 0x33, 0x1b, 0x02, 0x01, 0x21, 0xc1, 0x20, 0x33, 0x43, 0x02, 0xc1,
	0x18, 0xe2, 0x20, 0x34, 0x1a, 0x05, 0xe1, 0x28, 0x20, 0x5a, 0x20, 0x62, 0x81, 0x49, 0xa2, 0x18, 0x34, 0x41, 0x05, 0xc2,
	0x18, 0x81, 0x41, 0x20, 0x5a, 0x21, 0x5a, 0xe0, 0x28, 0x35, 0x19, 0x08, 0x00, 0x31, 0x20, 0x62, 0x00, 0x62, 0x00, 0x62,
	0x20, 0x62, 0x02, 0x5a, 0xc1, 0x28, 0x40, 0x08, 0x35, 0x3f, 0x08, 0x40, 0x08, 0xe1, 0x20, 0xe1, 0x51, 0x20, 0x62, 0x00,
	0x62, 0x00, 0x62, 0x20, 0x62, 0xe0, 0x28, 0x36, 0x18, 0x0a, 0xe0, 0x28, 0x20, 0x6a, 0x00, 0x62, 0x00, 0x62, 0x00, 0x62,
	0x00, 0x62, 0x00, 0x62, 0x20, 0x6a, 0xe1, 0x51, 0x01, 0x29, 0x36, 0x3e, 0x0a, 0x01, 0x31, 0xe0, 0x51, 0x20, 0x62, 0x00,
	0x62, 0x00, 0x62, 0x00, 0x62, 0x00, 0x62, 0x00, 0x62, 0x20, 0x62, 0xe1, 0x28, 0x37, 0x17, 0x0d, 0x01, 0x29, 0x20, 0x62,
	0x00, 0x62, 0x00, 0x6a, 0x00, 0x6a, 0x00, 0x6a, 0x00, 0x62, 0x00, 0x62, 0x00, 0x62, 0x20, 0x62, 0x20, 0x62, 0x00, 0x5a,
	0xc1, 0x20, 0x37, 0x3c, 0x0d, 0xc1, 0x20, 0x01, 0x52, 0x20, 0x62, 0x00, 0x62, 0x00, 0x62, 0x00, 0x62, 0x00, 0x62, 0x00,
	0x62, 0x00, 0x62, 0x00, 0x62, 0x00, 0x62, 0x20, 0x62, 0x01, 0x29, 0x38, 0x17, 0x0f, 0x01, 0x29, 0x40, 0x6a, 0x00, 0x62,
	0x00, 0x6a, 0x00, 0x6a, 0x00, 0x6a, 0x00, 0x62, 0x00, 0x62, 0x00, 0x62, 0x00, 0x62, 0x00, 0x62, 0x20, 0x62, 0x00, 0x5a,
	0x61, 0x39, 0x40, 0x08, 0x38, 0x3a, 0x0f, 0x40, 0x08, 0x61, 0x39, 0x00, 0x5a, 0x20, 0x62, 0x00, 0x62, 0xe0, 0x61, 0xe0,
	0x61, 0x00, 0x6a, 0x00, 0x6a, 0x00, 0x6a, 0x00, 0x6a, 0x00, 0x6a, 0x00, 0x62, 0x20, 0x62, 0x01, 0x29, 0x39, 0x18, 0x0e,
	0x00, 0x29, 0x40, 0x62, 0x00, 0x62, 0x00, 0x62, 0x00, 0x62, 0x00, 0x62, 0x00, 0x62, 0x00, 0x62, 0x00, 0x62, 0x00, 0x62,
	0x00, 0x62, 0x00, 0x62, 0x40, 0x6a, 0x61, 0x41, 0x39, 0x3a, 0x0e, 0x60, 0x41, 0x40, 0x62, 0x00, 0x62, 0xe0, 0x61, 0x00,
	0x62, 0x00, 0x62, 0x00, 0x62, 0x00, 0x6a, 0x00, 0x6a, 0x00, 0x6a, 0x00, 0x6a, 0x00, 0x62, 0x00, 0x62, 0xe1, 0x28, 0x3a,
	0x19, 0x0e, 0x00, 0x29, 0x20, 0x62, 0x20, 0x6a, 0x00, 0x62, 0x00, 0x62, 0x00, 0x62, 0x00, 0x62, 0x00, 0x62, 0x00, 0x62,
	0x00, 0x62, 0x00, 0x62, 0x00, 0x62, 0x00, 0x5a, 0xc0, 0x20, 0x3a, 0x39, 0x0e, 0xc0, 0x20, 0xe0, 0x61, 0xe0, 0x61, 0x00,
	0x62, 0x00, 0x62, 0x00, 0x62, 0x00, 0x62, 0x00, 0x62, 0x00, 0x6a, 0x00, 0x6a, 0x00, 0x6a, 0x20, 0x6a, 0x20, 0x62, 0xe1,
	0x28, 0x3b, 0x1a, 0x0e, 0xe0, 0x28, 0x20, 0x62, 0x20, 0x62, 0x00, 0x62, 0x00, 0x6a, 0x00, 0x6a, 0x00, 0x62, 0x00, 0x62,
	0x00, 0x62, 0x00, 0x62, 0x00, 0x62, 0x00, 0x62, 0x20, 0x6a, 0xc0, 0x30, 0x3b, 0x38, 0x0e, 0xa0, 0x20, 0x00, 0x62, 0x00,
	0x62, 0x00, 0x62, 0x00, 0x62, 0x00, 0x62, 0x00, 0x62, 0x00, 0x62, 0x00, 0x6a, 0x00, 0x6a, 0x00, 0x6a, 0x20, 0x6a, 0x40,
	0x62, 0xe1, 0x28, 0x3c, 0x1b, 0x0d, 0xe1, 0x28, 0x21, 0x62, 0x00, 0x62, 0x00, 0x62, 0x00, 0x6a, 0x00, 0x6a, 0x00, 0x6a,
	0x00, 0x6a, 0x00, 0x6a, 0x00, 0x62, 0x00, 0x62, 0x20, 0x6a, 0x80, 0x51, 0x3c, 0x38, 0x0d, 0xa1, 0x49, 0x00, 0x62, 0x00,
	0x62, 0x00, 0x62, 0x00, 0x62, 0x00, 0x62, 0x00, 0x62, 0x00, 0x62, 0x00, 0x6a, 0x00, 0x62, 0x00, 0x62, 0x00, 0x5a, 0xc1,
	0x20, 0x3d, 0x1c, 0x0d, 0xc1, 0x20, 0x21, 0x62, 0x00, 0x62, 0x00, 0x6a, 0x00, 0x6a, 0x00, 0x6a, 0x00, 0x6a, 0x00, 0x6a,
	0x00, 0x62, 0x00, 0x62, 0x00, 0x62, 0x20, 0x62, 0x61, 0x31, 0x3d, 0x37, 0x0d, 0x22, 0x39, 0x00, 0x6a, 0xe0, 0x61, 0x00,
	0x62, 0x00, 0x62, 0x00, 0x62, 0x00, 0x6a, 0x00, 0x62, 0x00, 0x62, 0x00, 0x62, 0x00, 0x62, 0x40, 0x62, 0xe0, 0x28, 0x3e,
	0x1d, 0x0d, 0xe1, 0x28, 0x40, 0x62, 0x00, 0x62, 0x00, 0x6a, 0x00, 0x6a, 0x00, 0x6a, 0x00, 0x6a, 0x20, 0x62, 0x00, 0x62,
	0x00, 0x62, 0x00, 0x62, 0x00, 0x5a, 0x40, 0x10, 0x3e, 0x36, 0x0d, 0x61, 0x10, 0x01, 0x5a, 0x00, 0x62, 0x00, 0x62, 0x00,
	0x62, 0x00, 0x62, 0xe0, 0x61, 0x00, 0x62, 0xe0, 0x69, 0xe0, 0x61, 0x00, 0x62, 0x21, 0x5a, 0xe1, 0x28, 0x3f, 0x1e, 0x0d,
	0xe1, 0x28, 0x20, 0x62, 0x20, 0x6a, 0x00, 0x6a, 0x00, 0x6a, 0x00, 0x6a, 0x00, 0x62, 0x20, 0x6a, 0x00, 0x62, 0x00, 0x62,
	0x00, 0x62, 0xe1, 0x51, 0x60, 0x10, 0x3f, 0x35, 0x0d, 0x60, 0x10, 0xc1, 0x51, 0x00, 0x62, 0x00, 0x62, 0x00, 0x62, 0x00,
	0x62, 0x00, 0x62, 0x00, 0x62, 0x00, 0x62, 0x00, 0x6a, 0x00, 0x6a, 0x41, 0x62, 0xe2, 0x20, 0x40, 0x1f, 0x0c, 0x01, 0x29,
	0x40, 0x62, 0x20, 0x6a, 0x00, 0x6a, 0x00, 0x62, 0x00, 0x62, 0x00, 0x6a, 0x00, 0x6a, 0x00, 0x6a, 0x00, 0x62, 0x00, 0x6a,
	0xc1, 0x51, 0x40, 0x35, 0x0c, 0xc0, 0x49, 0x20, 0x62, 0x00, 0x62, 0x00, 0x62, 0x00, 0x62, 0x00, 0x62, 0x00, 0x62, 0x00,
	0x6a, 0x20, 0x62, 0x20, 0x62, 0x40, 0x6a, 0x01, 0x29, 0x41, 0x20, 0x0c, 0xe1, 0x20, 0x40, 0x62, 0x20, 0x6a, 0x00, 0x62,
	0x00, 0x62, 0x00, 0x62, 0x00, 0x62, 0x00, 0x6a, 0x00, 0x6a, 0xe0, 0x69, 0x20, 0x62, 0xe0, 0x28, 0x41, 0x34, 0x0c, 0xe1,
	0x28, 0x00, 0x62, 0x00, 0x62, 0x00, 0x62, 0xe0, 0x61, 0xe0, 0x61, 0x00, 0x62, 0x00, 0x62, 0x00, 0x62, 0x20, 0x6a, 0x40,
	0x62, 0x01, 0x29, 0x42, 0x21, 0x0c, 0xc1, 0x20, 0x20, 0x62, 0x00, 0x62, 0x00, 0x62, 0x00, 0x6a, 0x00, 0x6a, 0x00, 0x6a,
	0x00, 0x62, 0x00, 0x62, 0x00, 0x62, 0x20, 0x62, 0x40, 0x10, 0x42, 0x33, 0x0c, 0x40, 0x08, 0x20, 0x62, 0x00, 0x62, 0x00,
	0x62, 0x00, 0x62, 0x00, 0x62, 0x00, 0x62, 0x00, 0x62, 0x00, 0x62, 0x00, 0x6a, 0x40, 0x6a, 0x01, 0x29, 0x43, 0x22, 0x0b,
	0xe1, 0x28, 0x20, 0x6a, 0x00, 0x62, 0x00, 0x62, 0x00, 0x6a, 0x00, 0x62, 0x00, 0x62, 0x00, 0x62, 0x00, 0x62, 0x20, 0x62,
	0x61, 0x39, 0x43, 0x33, 0x0b, 0x60, 0x39, 0x20, 0x62, 0x00, 0x62, 0x00, 0x62, 0x00, 0x62, 0xe0, 0x61, 0x00, 0x62, 0x00,
	0x62, 0xe0, 0x61, 0x20, 0x6a, 0x01, 0x31, 0x44, 0x23, 0x0b, 0xe0, 0x28, 0x20, 0x62, 0x20, 0x62, 0x00, 0x62, 0x00, 0x62,
	0x00, 0x62, 0x00, 0x62, 0x00, 0x62, 0x00, 0x62, 0x40, 0x62, 0x61, 0x39, 0x44, 0x32, 0x0b, 0x61, 0x31, 0x40, 0x62, 0x00,
	0x62, 0x00, 0x62, 0x00, 0x62, 0x00, 0x6a, 0x00, 0x62, 0x00, 0x6a, 0x20, 0x62, 0x20, 0x62, 0xe1, 0x30, 0x45, 0x24, 0x0b,
	0xe0, 0x20, 0x40, 0x5a, 0x20, 0x62, 0x00, 0x62, 0x00, 0x62, 0x00, 0x6a, 0x00, 0x6a, 0x00, 0x62, 0x00, 0x5a, 0x20, 0x62,
	0xa1, 0x18, 0x45, 0x31, 0x0b, 0xa1, 0x18, 0x21, 0x5a, 0x00, 0x62, 0x00, 0x62, 0x00, 0x6a, 0x00, 0x6a, 0x00, 0x6a, 0x00,
	0x6a, 0x00, 0x6a, 0x20, 0x62, 0xe0, 0x28, 0x46, 0x25, 0x0a, 0xe1, 0x28, 0x20, 0x62, 0x00, 0x62, 0x00, 0x62, 0x00, 0x6a,
	0x00, 0x6a, 0x00, 0x62, 0x00, 0x62, 0x00, 0x5a, 0xc1, 0x20, 0x46, 0x31, 0x0a, 0xa1, 0x18, 0xe1, 0x51, 0x20, 0x62, 0x00,
	0x6a, 0xe0, 0x69, 0x00, 0x6a, 0x00, 0x6a, 0x00, 0x6a, 0x20, 0x62, 0xe0, 0x28, 0x47, 0x26, 0x08, 0xe1, 0x28, 0x00, 0x5a,
	0x00, 0x62, 0x00, 0x62, 0x00, 0x6a, 0x20, 0x62, 0x40, 0x39, 0x20, 0x08, 0x47, 0x32, 0x08, 0x20, 0x08, 0x41, 0x39, 0x20,
	0x62, 0x00, 0x62, 0x00, 0x62, 0x00, 0x62, 0x20, 0x62, 0xe1, 0x28, 0x48, 0x27, 0x05, 0xe0, 0x20, 0x40, 0x62, 0x20, 0x62,
	0x00, 0x5a, 0x21, 0x31, 0x48, 0x34, 0x05, 0x42, 0x31, 0x01, 0x5a, 0x40, 0x6a, 0x20, 0x5a, 0xe1, 0x20, 0x49, 0x28, 0x03,
	0x21, 0x29, 0xc2, 0x49, 0x40, 0x10, 0x49, 0x35, 0x03, 0x61, 0x08, 0xe1, 0x51, 0x01, 0x29, 0x19, 0x2a, 0x01, 0x60, 0x10,
	0x1a, 0x29, 0x04, 0xc0, 0x20, 0xe0, 0x59, 0xa1, 0x49, 0x61, 0x10, 0x1b, 0x27, 0x07, 0x40, 0x08, 0xa1, 0x49, 0x00, 0x62,
	0x20, 0x62, 0x40, 0x6a, 0xe1, 0x51, 0xe2, 0x20, 0x1c, 0x26, 0x0a, 0x20, 0x08, 0xc1, 0x51, 0x00, 0x6a, 0xe0, 0x61, 0xe0,
	0x61, 0x00, 0x62, 0x20, 0x62, 0x40, 0x62, 0x60, 0x41, 0x60, 0x18, 0x1d, 0x25, 0x0c, 0xc1, 0x20, 0xa0, 0x51, 0x20, 0x6a,
	0xe0, 0x61, 0x00, 0x62, 0x00, 0x62, 0x00, 0x62, 0x00, 0x62, 0x00, 0x62, 0x20, 0x62, 0x21, 0x6a, 0xc0, 0x28, 0x1e, 0x24,
	0x0f, 0xa1, 0x10, 0x82, 0x62, 0x20, 0x62, 0xe0, 0x59, 0x00, 0x62, 0x00, 0x62, 0x00, 0x62, 0x00, 0x62, 0x00, 0x62, 0x00,
	0x6a, 0x00, 0x6a, 0x00, 0x6a, 0x00, 0x62, 0x80, 0x49, 0x40, 0x10, 0x1f, 0x25, 0x0e, 0x82, 0x39, 0xe0, 0x7a, 0x80, 0x6a,
	0x60, 0x6a, 0x00, 0x62, 0x00, 0x62, 0x00, 0x62, 0x00, 0x62, 0x00, 0x6a, 0x00, 0x6a, 0x00, 0x6a, 0x00, 0x6a, 0x40, 0x72,
	0x21, 0x31, 0x20, 0x25, 0x0e, 0x40, 0x08, 0xc2, 0x6a, 0x20, 0x7b, 0xc0, 0x7a, 0xa0, 0x72, 0x60, 0x72, 0x40, 0x6a, 0x00,
	0x62, 0x00, 0x6a, 0x00, 0x6a, 0x00, 0x6a, 0x00, 0x6a, 0x00, 0x6a, 0xe1, 0x51, 0x21, 0x26, 0x0e, 0x61, 0x10, 0x82, 0x62,
	0x00, 0x83, 0xc0, 0x82, 0xe0, 0x82, 0xe0, 0x82, 0xa0, 0x7a, 0x20, 0x6a, 0x00, 0x6a, 0x00, 0x6a, 0x00, 0x6a, 0x00, 0x6a,
	0x00, 0x62, 0x21, 0x39, 0x22, 0x27, 0x0e, 0x61, 0x10, 0xa0, 0x72, 0xe0, 0x82, 0xe0, 0x82, 0xe0, 0x82, 0xe0, 0x82, 0xa0,
	0x7a, 0x00, 0x6a, 0x00, 0x6a, 0x00, 0x6a, 0x00, 0x6a, 0x00, 0x62, 0x00, 0x5a, 0x40, 0x08, 0x23, 0x28, 0x0d, 0x81, 0x49,
	0x20, 0x8b, 0xe0, 0x82, 0xe0, 0x82, 0xe0, 0x82, 0xc0, 0x82, 0x40, 0x72, 0x00, 0x6a, 0x00, 0x6a, 0x00, 0x6a, 0x00, 0x62,
	0x20, 0x62, 0x21, 0x31, 0x24, 0x29, 0x0d, 0xe1, 0x51, 0x00, 0x83, 0xe0, 0x82, 0xe0, 0x82, 0xe0, 0x82, 0xa0, 0x7a, 0x00,
	0x6a, 0x00, 0x6a, 0x00, 0x6a, 0x00, 0x62, 0x00, 0x62, 0x00, 0x5a, 0x40, 0x10, 0x25, 0x2a, 0x0c, 0xe1, 0x51, 0xe0, 0x82,
	0xe0, 0x82, 0xe0, 0x82, 0xe0, 0x82, 0x40, 0x72, 0x00, 0x6a, 0x00, 0x6a, 0x00, 0x62, 0x00, 0x62, 0x20, 0x62, 0x20, 0x31,
	0x26, 0x2a, 0x0d, 0x61, 0x08, 0x03, 0x7b, 0x00, 0x7b, 0xe0, 0x82, 0xe0, 0x82, 0x80, 0x72, 0x00, 0x6a, 0x00, 0x6a, 0x00,
	0x62, 0x00, 0x62, 0x00, 0x62, 0xe0, 0x59, 0x60, 0x20, 0x27, 0x2b, 0x0c, 0x22, 0x29, 0x01, 0x73, 0x00, 0x83, 0xe0, 0x82,
	0xc0, 0x7a, 0x20, 0x6a, 0x00, 0x6a, 0x00, 0x62, 0x00, 0x62, 0x00, 0x62, 0x20, 0x6a, 0x40, 0x49, 0x28, 0x2c, 0x0c, 0x01,
	0x21, 0xe0, 0x7a, 0xc0, 0x82, 0xe0, 0x8a, 0x60, 0x72, 0x00, 0x6a, 0x00, 0x62, 0x00, 0x62, 0x00, 0x62, 0x00, 0x62, 0xe0,
	0x61, 0x40, 0x10, 0x29, 0x2d, 0x0b, 0xa1, 0x49, 0x00, 0x93, 0xc0, 0x8a, 0x80, 0x7a, 0x00, 0x6a, 0x00, 0x62, 0x00, 0x62,
	0x00, 0x62, 0x00, 0x62, 0x20, 0x6a, 0x41, 0x31, 0x2a, 0x2d, 0x0c, 0x60, 0x10, 0x61, 0x6a, 0x00, 0x8b, 0xc0, 0x82, 0x20,
	0x6a, 0x00, 0x62, 0x00, 0x62, 0x00, 0x62, 0x00, 0x62, 0x00, 0x62, 0xe1, 0x49, 0x40, 0x08, 0x2b, 0x2e, 0x0b, 0x60, 0x08,
	0x62, 0x5a, 0x20, 0x8b, 0xa0, 0x7a, 0x00, 0x62, 0x00, 0x62, 0x00, 0x62, 0x00, 0x62, 0x00, 0x62, 0x20, 0x62, 0x20, 0x31,
	0x2c, 0x2f, 0x0b, 0x40, 0x08, 0x81, 0x6a, 0xe0, 0x8a, 0x40, 0x6a, 0x00, 0x62, 0x00, 0x62, 0x00, 0x62, 0x00, 0x62, 0x00,
	0x62, 0xe0, 0x59, 0x40, 0x08, 0x2d, 0x30, 0x0a, 0xe1, 0x28, 0x41, 0x93, 0x60, 0x72, 0x00, 0x62, 0x00, 0x62, 0x00, 0x62,
	0x00, 0x62, 0x00, 0x62, 0x20, 0x62, 0x41, 0x39, 0x2e, 0x31, 0x0a, 0xc2, 0x49, 0xe2, 0x7a, 0x00, 0x62, 0x00, 0x62, 0x00,
	0x62, 0x00, 0x62, 0x00, 0x62, 0x40, 0x6a, 0xc1, 0x51, 0x41, 0x08, 0x2f, 0x32, 0x08, 0xe1, 0x51, 0x40, 0x6a, 0xe0, 0x61,
	0x00, 0x62, 0x00, 0x62, 0x20, 0x62, 0x40, 0x39, 0x60, 0x10, 0x30, 0x33, 0x05, 0x42, 0x62, 0x40, 0x6a, 0x00, 0x62, 0x21,
	0x5a, 0x01, 0x29, 0x31, 0x33, 0x04, 0xe1, 0x28, 0x62, 0x6a, 0x80, 0x41, 0x60, 0x10, 0x32, 0x34, 0x02, 0x81, 0x18, 0x20,
	0x08, 0x33, 0x1d, 0x02, 0xe2, 0x20, 0xa1, 0x18, 0x33, 0x41, 0x02, 0xa1, 0x18, 0x02, 0x29, 0x34, 0x1b, 0x05, 0x61, 0x10,
	0x41, 0x39, 0x00, 0x5a, 0x41, 0x62, 0x42, 0x39, 0x34, 0x40, 0x05, 0x41, 0x31, 0x21, 0x5a, 0x20, 0x5a, 0x40, 0x31, 0x60,
	0x10, 0x35, 0x1a, 0x08, 0x80, 0x18, 0xe1, 0x51, 0x00, 0x62, 0x00, 0x62, 0x00, 0x62, 0x20, 0x62, 0xe2, 0x51, 0xc1, 0x20,
	0x35, 0x3e, 0x08, 0xc1, 0x20, 0xc1, 0x49, 0x00, 0x5a, 0x00, 0x62, 0x00, 0x62, 0x40, 0x62, 0x00, 0x5a, 0x80, 0x18, 0x36,
	0x19, 0x0b, 0x80, 0x20, 0xe1, 0x61, 0x20, 0x62, 0xe0, 0x61, 0xe0, 0x69, 0x00, 0x6a, 0x00, 0x6a, 0x20, 0x6a, 0x00, 0x62,
	0x60, 0x41, 0x40, 0x08, 0x36, 0x3c, 0x0b, 0x40, 0x08, 0x41, 0x39, 0xe1, 0x59, 0x00, 0x62, 0xe0, 0x61, 0x00, 0x62, 0x00,
	0x62, 0x00, 0x62, 0x00, 0x6a, 0xe0, 0x61, 0x80, 0x18, 0x37, 0x18, 0x0d, 0x61, 0x39, 0x00, 0x5a, 0x20, 0x62, 0x00, 0x62,
	0x00, 0x6a, 0xe0, 0x69, 0x00, 0x6a, 0x00, 0x6a, 0x00, 0x62, 0x00, 0x62, 0x40, 0x6a, 0xa1, 0x51, 0xa1, 0x18, 0x37, 0x3b,
	0x0d, 0xa1, 0x18, 0xa1, 0x41, 0x40, 0x62, 0xe0, 0x61, 0xe0, 0x61, 0xe0, 0x61, 0x00, 0x62, 0x00, 0x62, 0x00, 0x6a, 0x00,
	0x6a, 0x00, 0x6a, 0x00, 0x62, 0x61, 0x41, 0x38, 0x18, 0x0e, 0x02, 0x4a, 0x80, 0x6a, 0x00, 0x62, 0x00, 0x62, 0xe0, 0x61,
	0xe0, 0x69, 0x00, 0x6a, 0x00, 0x6a, 0x00, 0x6a, 0x00, 0x6a, 0x00, 0x62, 0x00, 0x62, 0x20, 0x6a, 0x01, 0x31, 0x38, 0x3a,
	0x0e, 0x01, 0x29, 0x41, 0x5a, 0x00, 0x5a, 0xe0, 0x61, 0xe0, 0x61, 0xe0, 0x61, 0xe0, 0x61, 0x00, 0x6a, 0x00, 0x6a, 0x00,
	0x6a, 0x00, 0x6a, 0x00, 0x6a, 0x60, 0x72, 0x03, 0x52, 0x39, 0x18, 0x0f, 0x61, 0x08, 0x02, 0x7b, 0xe0, 0x7a, 0xa0, 0x7a,
	0x40, 0x72, 0x00, 0x6a, 0x00, 0x62, 0x00, 0x62, 0x00, 0x6a, 0x00, 0x6a, 0x00, 0x6a, 0x00, 0x62, 0x00, 0x62, 0xc0, 0x59,
	0x20, 0x08, 0x39, 0x39, 0x0f, 0x40, 0x08, 0xe1, 0x51, 0x00, 0x5a, 0xe0, 0x61, 0xe0, 0x61, 0xe0, 0x61, 0xe0, 0x61, 0xe0,
	0x61, 0xe0, 0x61, 0xe0, 0x69, 0x40, 0x72, 0x80, 0x7a, 0xe0, 0x82, 0xe1, 0x7a, 0x41, 0x08, 0x3a, 0x19, 0x0e, 0x61, 0x39,
	0x01, 0x7b, 0x00, 0x83, 0xe0, 0x82, 0xa0, 0x7a, 0x60, 0x72, 0x40, 0x6a, 0x20, 0x6a, 0x00, 0x6a, 0x00, 0x6a, 0x00, 0x62,
	0x00, 0x62, 0x40, 0x62, 0x01, 0x31, 0x3a, 0x39, 0x0e, 0x01, 0x29, 0x20, 0x62, 0xe0, 0x59, 0x00, 0x62, 0xe0, 0x61, 0xe0,
	0x61, 0x20, 0x6a, 0x40, 0x72, 0x80, 0x72, 0xa0, 0x7a, 0xc0, 0x82, 0xe0, 0x82, 0x21, 0x83, 0x61, 0x39, 0x3b, 0x1a, 0x0e,
	0x41, 0x31, 0x00, 0x7b, 0x00, 0x7b, 0x00, 0x83, 0xe0, 0x82, 0x00, 0x83, 0xa0, 0x7a, 0x20, 0x6a, 0x00, 0x6a, 0x00, 0x62,
	0x00, 0x62, 0x00, 0x62, 0xe0, 0x61, 0x40, 0x18, 0x3b, 0x38, 0x0e, 0x20, 0x08, 0xe0, 0x59, 0x00, 0x62, 0x00, 0x62, 0x00,
	0x62, 0x00, 0x6a, 0x00, 0x6a, 0x80, 0x72, 0xe0, 0x82, 0xe0, 0x82, 0xe0, 0x82, 0xe0, 0x82, 0x00, 0x83, 0x61, 0x39, 0x3c,
	0x1b, 0x0d, 0xa0, 0x49, 0x20, 0x83, 0x00, 0x83, 0xe0, 0x82, 0x00, 0x83, 0xe0, 0x82, 0x20, 0x6a, 0x00, 0x6a, 0x00, 0x62,
	0x00, 0x62, 0x00, 0x62, 0x20, 0x6a, 0x00, 0x39, 0x3c, 0x38, 0x0d, 0x00, 0x31, 0x20, 0x6a, 0x00, 0x62, 0x00, 0x62, 0x00,
	0x62, 0x00, 0x6a, 0x20, 0x6a, 0xc0, 0x7a, 0xe0, 0x82, 0xe0, 0x82, 0xe0, 0x82, 0x40, 0x8b, 0xe1, 0x49, 0x3d, 0x1b, 0x0e,
	0x81, 0x10, 0xa1, 0x6a, 0x00, 0x83, 0xe0, 0x82, 0xe0, 0x82, 0x00, 0x83, 0x80, 0x7a, 0x00, 0x6a, 0x00, 0x62, 0x00, 0x62,
	0x00, 0x62, 0x20, 0x62, 0xc0, 0x59, 0x40, 0x08, 0x3d, 0x37, 0x0e, 0x40, 0x10, 0xc1, 0x59, 0x00, 0x62, 0x00, 0x62, 0x00,
	0x62, 0x00, 0x62, 0x00, 0x6a, 0x80, 0x7a, 0xe0, 0x82, 0xe0, 0x82, 0xe0, 0x82, 0x00, 0x8b, 0xc1, 0x72, 0x81, 0x10, 0x3e,
	0x1c, 0x0d, 0x60, 0x10, 0x81, 0x6a, 0xe0, 0x82, 0xe0, 0x82, 0xe0, 0x82, 0xc0, 0x82, 0x40, 0x6a, 0x00, 0x6a, 0x20, 0x62,
	0x00, 0x62, 0x00, 0x62, 0x20, 0x62, 0x01, 0x21, 0x3e, 0x37, 0x0d, 0x01, 0x31, 0x00, 0x6a, 0xe0, 0x61, 0x00, 0x62, 0x00,
	0x62, 0x00, 0x62, 0x40, 0x72, 0xc0, 0x82, 0xe0, 0x82, 0xe0, 0x82, 0x00, 0x83, 0xa1, 0x6a, 0x81, 0x18, 0x3f, 0x1d, 0x0c,
	0xa1, 0x18, 0xe1, 0x7a, 0xe0, 0x82, 0xe0, 0x82, 0xe0, 0x82, 0x60, 0x72, 0x00, 0x62, 0x20, 0x62, 0x20, 0x62, 0x00, 0x62,
	0x20, 0x62, 0xe1, 0x49, 0x3f, 0x37, 0x0c, 0xe1, 0x59, 0x00, 0x62, 0x00, 0x62, 0x00, 0x62, 0x00, 0x62, 0xe0, 0x61, 0xa0,
	0x7a, 0xe0, 0x82, 0xe0, 0x82, 0xe0, 0x82, 0xe1, 0x7a, 0x60, 0x10, 0x40, 0x1e, 0x0c, 0x03, 0x52, 0x20, 0x8b, 0xe0, 0x82,
	0xe0, 0x82, 0x80, 0x7a, 0x00, 0x62, 0x20, 0x62, 0x20, 0x62, 0x00, 0x62, 0x00, 0x62, 0x20, 0x62, 0x21, 0x31, 0x40, 0x36,
	0x0c, 0xe0, 0x30, 0x20, 0x6a, 0x00, 0x62, 0x00, 0x62, 0x00, 0x62, 0x00, 0x62, 0x00, 0x6a, 0xc0, 0x82, 0xe0, 0x82, 0xe0,
	0x82, 0x20, 0x8b, 0xe2, 0x49, 0x41, 0x1f, 0x0c, 0x01, 0x52, 0x20, 0x83, 0xe0, 0x82, 0xe0, 0x82, 0x60, 0x72, 0x20, 0x62,
	0x20, 0x62, 0x00, 0x62, 0x00, 0x62, 0x20, 0x62, 0xe1, 0x51, 0x40, 0x08, 0x41, 0x35, 0x0c, 0x40, 0x08, 0xe0, 0x51, 0x00,
	0x62, 0x00, 0x62, 0x00, 0x62, 0x00, 0x62, 0x00, 0x62, 0x60, 0x72, 0xe0, 0x82, 0xe0, 0x82, 0x00, 0x83, 0x01, 0x52, 0x42,
	0x20, 0x0b, 0x01, 0x52, 0x00, 0x83, 0xe0, 0x82, 0xc0, 0x7a, 0x20, 0x62, 0x00, 0x62, 0x00, 0x62, 0x00, 0x62, 0x00, 0x62,
	0x20, 0x62, 0x00, 0x31, 0x42, 0x35, 0x0b, 0x01, 0x31, 0x20, 0x62, 0x00, 0x62, 0x00, 0x62, 0x00, 0x62, 0x00, 0x62, 0x00,
	0x62, 0xa0, 0x72, 0xe0, 0x7a, 0x00, 0x7b, 0x02, 0x52, 0x43, 0x20, 0x0c, 0xa1, 0x18, 0x01, 0x7b, 0xe0, 0x7a, 0xc0, 0x7a,
	0x40, 0x6a, 0x00, 0x62, 0x00, 0x62, 0x00, 0x62, 0x00, 0x62, 0x00, 0x62, 0xe0, 0x59, 0x20, 0x08, 0x43, 0x35, 0x0b, 0xc1,
	0x51, 0x00, 0x62, 0x00, 0x62, 0x00, 0x62, 0x00, 0x62, 0x00, 0x62, 0x00, 0x62, 0xa0, 0x72, 0x00, 0x7b, 0x21, 0x83, 0xc1,
	0x18, 0x44, 0x21, 0x0b, 0x21, 0x29, 0xe1, 0x72, 0xe0, 0x7a, 0x80, 0x72, 0x00, 0x6a, 0x00, 0x62, 0x00, 0x62, 0x00, 0x62,
	0x00, 0x62, 0x20, 0x62, 0x00, 0x31, 0x44, 0x34, 0x0b, 0x02, 0x29, 0x20, 0x62, 0x00, 0x62, 0x00, 0x62, 0x00, 0x62, 0x00,
	0x62, 0x00, 0x62, 0x60, 0x72, 0xe0, 0x7a, 0x01, 0x7b, 0x21, 0x31, 0x45, 0x22, 0x0b, 0x02, 0x29, 0xe1, 0x7a, 0xa0, 0x7a,
	0x20, 0x6a, 0x00, 0x6a, 0x00, 0x6a, 0x00, 0x6a, 0x00, 0x6a, 0x00, 0x62, 0xe0, 0x59, 0x40, 0x08, 0x45, 0x33, 0x0b, 0x20,
	0x08, 0xe0, 0x59, 0x00, 0x62, 0x00, 0x62, 0x00, 0x62, 0x00, 0x62, 0x00, 0x62, 0x20, 0x62, 0xc0, 0x7a, 0xe1, 0x7a, 0x01,
	0x29, 0x46, 0x23, 0x0a, 0x41, 0x31, 0x00, 0x8b, 0x40, 0x7a, 0x00, 0x6a, 0x00, 0x6a, 0x00, 0x6a, 0x00, 0x6a, 0x00, 0x62,
	0x20, 0x62, 0x01, 0x31, 0x46, 0x33, 0x0a, 0x21, 0x31, 0x20, 0x62, 0x00, 0x62, 0x00, 0x62, 0x00, 0x62, 0x00, 0x62, 0x00,
	0x62, 0x60, 0x6a, 0x20, 0x83, 0x21, 0x31, 0x47, 0x23, 0x0b, 0x40, 0x08, 0x82, 0x72, 0xa0, 0x82, 0x00, 0x62, 0x00, 0x6a,
	0x00, 0x6a, 0x00, 0x6a, 0x00, 0x62, 0x20, 0x62, 0xe1, 0x49, 0x41, 0x08, 0x47, 0x32, 0x0b, 0x40, 0x08, 0x00, 0x52, 0x00,
	0x62, 0x00, 0x62, 0x00, 0x62, 0x00, 0x62, 0x00, 0x62, 0x00, 0x62, 0xe0, 0x82, 0x81, 0x6a, 0x40, 0x08, 0x48, 0x24, 0x0a,
	0x60, 0x10, 0x82, 0x72, 0x40, 0x6a, 0x00, 0x62, 0x00, 0x6a, 0x00, 0x6a, 0x00, 0x62, 0x20, 0x5a, 0xa1, 0x41, 0x40, 0x08,
	0x48, 0x32, 0x0a, 0x40, 0x08, 0xa2, 0x41, 0x21, 0x5a, 0x00, 0x62, 0x00, 0x62, 0x00, 0x62, 0x00, 0x62, 0x60, 0x72, 0x81,
	0x6a, 0x60, 0x10, 0x49, 0x25, 0x07, 0xa1, 0x18, 0x41, 0x62, 0x00, 0x62, 0x00, 0x62, 0x20, 0x6a, 0x00, 0x62, 0xc0, 0x20,
	0x49, 0x34, 0x07, 0xa1, 0x18, 0x01, 0x5a, 0x20, 0x62, 0x00, 0x62, 0x20, 0x62, 0x41, 0x62, 0x81, 0x10, 0x4a, 0x26, 0x05,
	0x82, 0x39, 0xa1, 0x72, 0x00, 0x62, 0xa1, 0x49, 0xa1, 0x18, 0x4a, 0x35, 0x05, 0xa1, 0x18, 0xc1, 0x41, 0x20, 0x5a, 0xa0,
	0x72, 0x62, 0x39, 0x4b, 0x27, 0x02, 0xa2, 0x41, 0x41, 0x31, 0x4b, 0x37, 0x02, 0x41, 0x39, 0x81, 0x41, 0x1c, 0x30, 0x03,
	0x60, 0x10, 0x61, 0x10, 0x41, 0x08, 0x1d, 0x2c, 0x07, 0x40, 0x10, 0x41, 0x39, 0x21, 0x31, 0x01, 0x5a, 0xa0, 0x6a, 0xe2,
	0x72, 0x83, 0x39, 0x1e, 0x28, 0x0b, 0x61, 0x10, 0xa1, 0x18, 0xc0, 0x20, 0xc1, 0x49, 0x00, 0x62, 0xe0, 0x82, 0xe0, 0x82,
	0xe0, 0x82, 0x00, 0x83, 0x20, 0x8b, 0x02, 0x5a, 0x1f, 0x28, 0x0c, 0x42, 0x31, 0x41, 0x5a, 0x20, 0x62, 0x00, 0x62, 0x40,
	0x6a, 0xe0, 0x82, 0xe0, 0x82, 0xe0, 0x82, 0xe0, 0x82, 0xe0, 0x82, 0x02, 0x7b, 0xa1, 0x18, 0x20, 0x28, 0x0c, 0x40, 0x08,
	0x01, 0x5a, 0x00, 0x62, 0x00, 0x62, 0x40, 0x6a, 0xe0, 0x82, 0xe0, 0x82, 0xe0, 0x82, 0xe0, 0x82, 0xe0, 0x82, 0x01, 0x7b,
	0xa1, 0x18, 0x21, 0x29, 0x0b, 0xc1, 0x49, 0x20, 0x62, 0x00, 0x6a, 0x20, 0x6a, 0xa0, 0x7a, 0xe0, 0x82, 0xe0, 0x82, 0xe0,
	0x82, 0xe0, 0x82, 0x01, 0x7b, 0x81, 0x10, 0x22, 0x29, 0x0b, 0xe1, 0x28, 0x40, 0x6a, 0x00, 0x62, 0x00, 0x6a, 0xa0, 0x72,
	0x00, 0x83, 0xe0, 0x82, 0xe0, 0x82, 0xe0, 0x82, 0x00, 0x83, 0x61, 0x39, 0x23, 0x29, 0x0b, 0xa1, 0x18, 0x20, 0x62, 0x20,
	0x6a, 0x00, 0x62, 0x80, 0x72, 0x00, 0x83, 0xe0, 0x82, 0xe0, 0x82, 0xe0, 0x82, 0xe0, 0x82, 0x62, 0x62, 0x24, 0x2a, 0x0a,
	0xa0, 0x49, 0x40, 0x6a, 0x00, 0x6a, 0x80, 0x72, 0x00, 0x83, 0xe0, 0x82, 0xe0, 0x82, 0xe0, 0x82, 0xe0, 0x8a, 0x62, 0x62,
	0x25, 0x2a, 0x0a, 0x21, 0x31, 0x20, 0x62, 0x00, 0x6a, 0xa0, 0x7a, 0x00, 0x83, 0xe0, 0x82, 0xe0, 0x82, 0xe0, 0x82, 0x00,
	0x8b, 0x61, 0x62, 0x26, 0x2a, 0x0b, 0x40, 0x08, 0x00, 0x5a, 0x00, 0x62, 0x40, 0x6a, 0xe0, 0x82, 0xe0, 0x82, 0xe0, 0x82,
	0xe0, 0x82, 0xe0, 0x82, 0xc0, 0x7a, 0xe1, 0x20, 0x27, 0x2b, 0x0a, 0xa1, 0x41, 0x40, 0x6a, 0x00, 0x62, 0xc0, 0x7a, 0xe0,
	0x82, 0xe0, 0x82, 0xe0, 0x82, 0xc0, 0x82, 0x00, 0x8b, 0x81, 0x41, 0x28, 0x2b, 0x0a, 0xc1, 0x20, 0x20, 0x62, 0x20, 0x62,
	0xc0, 0x82, 0xe0, 0x82, 0xe0, 0x82, 0xe0, 0x82, 0xc0, 0x82, 0x00, 0x8b, 0x41, 0x39, 0x29, 0x2c, 0x09, 0xc1, 0x49, 0x40,
	0x62, 0xc0, 0x7a, 0xe0, 0x82, 0xe0, 0x82, 0xe0, 0x82, 0xc0, 0x82, 0x00, 0x8b, 0x01, 0x5a, 0x2a, 0x2c, 0x0a, 0x81, 0x41,
	0x20, 0x62, 0xc0, 0x82, 0xe0, 0x82, 0xe0, 0x82, 0xe0, 0x82, 0xe0, 0x82, 0xe0, 0x82, 0xe1, 0x7a, 0x81, 0x10, 0x2b, 0x2c,
	0x0a, 0x61, 0x10, 0x21, 0x62, 0xa0, 0x7a, 0xe0, 0x82, 0xe0, 0x82, 0xe0, 0x82, 0xe0, 0x82, 0xe0, 0x82, 0xe0, 0x7a, 0x80,
	0x18, 0x2c, 0x2c, 0x0a, 0x41, 0x08, 0xe1, 0x51, 0x80, 0x72, 0xe0, 0x82, 0xe0, 0x82, 0xe0, 0x82, 0xc0, 0x82, 0xe0, 0x82,
	0x01, 0x83, 0x40, 0x10, 0x2d, 0x2d, 0x09, 0x20, 0x31, 0xa0, 0x72, 0x00, 0x83, 0xe0, 0x82, 0xe0, 0x82, 0xc0, 0x82, 0xe0,
	0x82, 0x20, 0x8b, 0x82, 0x39, 0x2e, 0x2d, 0x09, 0xc1, 0x20, 0x60, 0x6a, 0x00, 0x83, 0xe0, 0x82, 0xe0, 0x82, 0xe0, 0x7a,
	0xe0, 0x7a, 0x20, 0x83, 0x41, 0x5a, 0x2f, 0x2e, 0x08, 0x21, 0x5a, 0x00, 0x7b, 0xe0, 0x82, 0xe0, 0x82, 0xe0, 0x82, 0xe0,
	0x82, 0x20, 0x8b, 0x21, 0x52, 0x30, 0x2e, 0x08, 0x62, 0x31, 0x00, 0x73, 0xe0, 0x82, 0xe0, 0x82, 0xe0, 0x82, 0xe0, 0x82,
	0x00, 0x8b, 0x21, 0x5a, 0x31, 0x2e, 0x09, 0x80, 0x10, 0xe0, 0x7a, 0xe0, 0x82, 0xe0, 0x82, 0xe0, 0x82, 0xe0, 0x82, 0xe0,
	0x82, 0xc0, 0x82, 0xc1, 0x28, 0x32, 0x2e, 0x09, 0x40, 0x08, 0x61, 0x6a, 0x21, 0x83, 0x01, 0x7b, 0x01, 0x7b, 0x01, 0x7b,
	0x01, 0x7b, 0x61, 0x8b, 0x61, 0x39, 0x33, 0x2f, 0x08, 0x42, 0x31, 0xe1, 0x20, 0xa1, 0x18, 0xa1, 0x18, 0xa1, 0x18, 0xa1,
	0x10, 0xa1, 0x18, 0x40, 0x08, 0x36, 0x22, 0x04, 0x81, 0x10, 0x61, 0x31, 0x81, 0x39, 0x22, 0x29, 0x36, 0x3a, 0x04, 0x42,
	0x31, 0x61, 0x39, 0x61, 0x31, 0x81, 0x10, 0x37, 0x1e, 0x08, 0x81, 0x18, 0xc1, 0x20, 0x02, 0x52, 0x21, 0x5a, 0x81, 0x62,
	0x00, 0x83, 0x40, 0x8b, 0x42, 0x5a, 0x37, 0x3a, 0x08, 0x40, 0x62, 0x20, 0x8b, 0x00, 0x83, 0x81, 0x6a, 0x41, 0x62, 0x01,
	0x5a, 0xe0, 0x30, 0x81, 0x20, 0x38, 0x1b, 0x0c, 0xa1, 0x18, 0x61, 0x39, 0x60, 0x41, 0x01, 0x5a, 0x40, 0x6a, 0xc0, 0x7a,
	0xe0, 0x82, 0xe0, 0x7a, 0xe0, 0x82, 0x00, 0x83, 0xc1, 0x7a, 0xc1, 0x18, 0x38, 0x39, 0x0c, 0xc1, 0x18, 0xc0, 0x7a, 0xc0,
	0x82, 0xe0, 0x82, 0xe0, 0x82, 0x00, 0x8b, 0x00, 0x8b, 0x40, 0x72, 0x01, 0x62, 0x61, 0x39, 0x81, 0x39, 0xa1, 0x18, 0x39,
	0x1b, 0x0c, 0xa0, 0x18, 0x20, 0x5a, 0x20, 0x6a, 0x00, 0x6a, 0x20, 0x72, 0xc0, 0x82, 0xc0, 0x82, 0xc0, 0x82, 0xe0, 0x82,
	0xe0, 0x82, 0x21, 0x8b, 0x41, 0x31, 0x39, 0x39, 0x0c, 0x42, 0x31, 0x21, 0x8b, 0xc0, 0x82, 0xe0, 0x82, 0xc0, 0x82, 0xe0,
	0x82, 0xe0, 0x82, 0x20, 0x6a, 0x00, 0x62, 0x20, 0x6a, 0x20, 0x62, 0xa0, 0x20, 0x3a, 0x1c, 0x0b, 0xa1, 0x49, 0x20, 0x62,
	0x00, 0x6a, 0x20, 0x6a, 0xc0, 0x82, 0xe0, 0x82, 0xc0, 0x82, 0xe0, 0x8a, 0xe0, 0x82, 0x00, 0x8b, 0x21, 0x31, 0x3a, 0x39,
	0x0b, 0x21, 0x31, 0x00, 0x8b, 0xe0, 0x82, 0xe0, 0x82, 0x00, 0x7b, 0x00, 0x83, 0xe0, 0x7a, 0x20, 0x62, 0x00, 0x62, 0x00,
	0x6a, 0xa1, 0x51, 0x3b, 0x1c, 0x0b, 0x01, 0x29, 0x20, 0x62, 0x00, 0x6a, 0x00, 0x6a, 0x60, 0x7a, 0xe0, 0x82, 0xc0, 0x82,
	0xe0, 0x82, 0xc0, 0x82, 0x00, 0x83, 0x20, 0x31, 0x3b, 0x39, 0x0b, 0x20, 0x39, 0x00, 0x8b, 0xe0, 0x8a, 0xe0, 0x82, 0xe0,
	0x82, 0x00, 0x83, 0x80, 0x72, 0x00, 0x6a, 0x20, 0x62, 0x40, 0x62, 0x21, 0x29, 0x3c, 0x1c, 0x0c, 0x61, 0x10, 0x21, 0x62,
	0x00, 0x62, 0x00, 0x62, 0x60, 0x72, 0xe0, 0x8a, 0xe0, 0x82, 0xe0, 0x8a, 0xe0, 0x8a, 0xe0, 0x82, 0x61, 0x62, 0x20, 0x08,
	0x3c, 0x38, 0x0c, 0x40, 0x08, 0x81, 0x6a, 0xc0, 0x82, 0xe0, 0x8a, 0xe0, 0x82, 0xc0, 0x82, 0x00, 0x83, 0x60, 0x72, 0x00,
	0x6a, 0x00, 0x62, 0x21, 0x62, 0x40, 0x08, 0x3d, 0x1d, 0x0b, 0x81, 0x41, 0x20, 0x6a, 0x00, 0x62, 0x60, 0x72, 0x00, 0x83,
	0xc0, 0x82, 0xe0, 0x82, 0xe0, 0x82, 0xc0, 0x82, 0xc1, 0x7a, 0x40, 0x08, 0x3d, 0x38, 0x0b, 0x40, 0x08, 0xc1, 0x72, 0xc0,
	0x82, 0x00, 0x83, 0xe0, 0x82, 0xc0, 0x82, 0xe0, 0x82, 0x60, 0x72, 0x00, 0x6a, 0x20, 0x62, 0x81, 0x41, 0x3e, 0x1d, 0x0b,
	0x21, 0x31, 0x40, 0x6a, 0xe0, 0x61, 0x60, 0x72, 0x00, 0x83, 0xe0, 0x82, 0xe0, 0x82, 0xe0, 0x82, 0xe0, 0x82, 0xc1, 0x72,
	0x40, 0x08, 0x3e, 0x38, 0x0b, 0x40, 0x08, 0xa1, 0x72, 0xe0, 0x82, 0xe0, 0x82, 0xe0, 0x82, 0xc0, 0x82, 0xe0, 0x82, 0x80,
	0x72, 0x00, 0x62, 0x40, 0x6a, 0x21, 0x31, 0x3f, 0x1d, 0x0b, 0x60, 0x10, 0x00, 0x5a, 0x00, 0x62, 0x40, 0x72, 0x00, 0x83,
	0xe0, 0x82, 0xe0, 0x82, 0xe0, 0x82, 0xe0, 0x82, 0xc0, 0x72, 0x60, 0x10, 0x3f, 0x38, 0x0b, 0x60, 0x10, 0xa1, 0x72, 0xe0,
	0x82, 0xe0, 0x82, 0xe0, 0x82, 0xe0, 0x82, 0xe0, 0x82, 0x40, 0x72, 0x00, 0x62, 0x00, 0x5a, 0x80, 0x10, 0x40, 0x1e, 0x0a,
	0xe1, 0x51, 0x00, 0x62, 0x00, 0x62, 0xc0, 0x7a, 0xe0, 0x82, 0xc0, 0x82, 0xe0, 0x82, 0xe0, 0x7a, 0x20, 0x83, 0x01, 0x5a,
	0x40, 0x38, 0x0a, 0xc1, 0x49, 0x00, 0x83, 0xe0, 0x82, 0xe0, 0x82, 0xe0, 0x82, 0x00, 0x83, 0xa0, 0x7a, 0x20, 0x6a, 0x40,
	0x62, 0xc1, 0x49, 0x41, 0x1e, 0x0a, 0x01, 0x29, 0x40, 0x6a, 0xe0, 0x61, 0xc0, 0x7a, 0xe0, 0x82, 0xe0, 0x82, 0xe0, 0x82,
	0xe0, 0x7a, 0x20, 0x83, 0x01, 0x62, 0x41, 0x38, 0x0a, 0xe1, 0x51, 0x20, 0x83, 0x00, 0x83, 0xe0, 0x8a, 0xe0, 0x82, 0x00,
	0x83, 0xa0, 0x7a, 0x00, 0x6a, 0x40, 0x62, 0xe1, 0x28, 0x42, 0x1f, 0x09, 0xc0, 0x51, 0x20, 0x6a, 0xc0, 0x7a, 0xe0, 0x82,
	0xe0, 0x82, 0xe0, 0x82, 0xe0, 0x7a, 0x20, 0x83, 0xe0, 0x59, 0x42, 0x38, 0x0a, 0xe1, 0x51, 0x20, 0x8b, 0x00, 0x83, 0x00,
	0x83, 0xe0, 0x82, 0x00, 0x83, 0xa0, 0x7a, 0x20, 0x6a, 0xc0, 0x49, 0x20, 0x08, 0x43, 0x1f, 0x0a, 0x62, 0x39, 0x40, 0x62,
	0xc0, 0x7a, 0x00, 0x83, 0xe0, 0x82, 0xe0, 0x82, 0xe0, 0x82, 0x00, 0x83, 0xe0, 0x7a, 0xa1, 0x18, 0x43, 0x37, 0x0a, 0xc1,
	0x18, 0xe1, 0x72, 0xe0, 0x82, 0x00, 0x83, 0x00, 0x83, 0xe0, 0x82, 0x00, 0x83, 0xc0, 0x7a, 0x60, 0x6a, 0x61, 0x39, 0x44,
	0x1f, 0x0a, 0xc1, 0x20, 0xe0, 0x59, 0xa0, 0x72, 0xe0, 0x82, 0xe0, 0x82, 0xe0, 0x82, 0xe0, 0x82, 0xe0, 0x7a, 0x20, 0x83,
	0x01, 0x31, 0x44, 0x37, 0x0a, 0x01, 0x21, 0x00, 0x83, 0xe0, 0x82, 0x00, 0x83, 0xe0, 0x82, 0xe0, 0x82, 0xe0, 0x82, 0xc0,
	0x7a, 0x00, 0x5a, 0xa1, 0x18, 0x45, 0x20, 0x09, 0xe0, 0x51, 0x60, 0x72, 0xe0, 0x82, 0xe0, 0x7a, 0xe0, 0x82, 0xe0, 0x82,
	0xe0, 0x82, 0x00, 0x83, 0x01, 0x31, 0x45, 0x37, 0x09, 0x00, 0x29, 0x20, 0x8b, 0xe0, 0x82, 0xe0, 0x82, 0xe0, 0x82, 0xe0,
	0x82, 0xe0, 0x82, 0x40, 0x6a, 0xe2, 0x51, 0x46, 0x20, 0x09, 0x21, 0x31, 0x40, 0x72, 0xe0, 0x82, 0xe0, 0x82, 0xe0, 0x82,
	0xe0, 0x82, 0xe0, 0x82, 0x00, 0x83, 0x01, 0x31, 0x46, 0x37, 0x09, 0x01, 0x31, 0x20, 0x8b, 0xe0, 0x82, 0xe0, 0x82, 0xe0,
	0x82, 0x00, 0x7b, 0xe0, 0x82, 0x40, 0x6a, 0x21, 0x31, 0x47, 0x20, 0x09, 0xc1, 0x20, 0x80, 0x72, 0xe0, 0x82, 0xe0, 0x82,
	0xe0, 0x82, 0xe0, 0x82, 0xe0, 0x82, 0xe0, 0x82, 0x82, 0x6a, 0x47, 0x37, 0x09, 0x82, 0x62, 0x00, 0x83, 0xe0, 0x82, 0xe0,
	0x82, 0xe0, 0x82, 0x00, 0x7b, 0xc0, 0x7a, 0x41, 0x72, 0xa1, 0x20, 0x48, 0x20, 0x09, 0x40, 0x08, 0xe1, 0x51, 0x00, 0x7b,
	0x00, 0x83, 0xe0, 0x82, 0xe0, 0x82, 0xe0, 0x82, 0xe0, 0x82, 0xa1, 0x72, 0x48, 0x37, 0x09, 0xc2, 0x6a, 0x00, 0x83, 0xe0,
	0x82, 0xe0, 0x82, 0xe0, 0x82, 0xe0, 0x7a, 0x00, 0x83, 0xc0, 0x59, 0x40, 0x08, 0x49, 0x21, 0x08, 0x82, 0x41, 0x00, 0x7b,
	0xe0, 0x7a, 0xe0, 0x82, 0xe0, 0x82, 0xe0, 0x82, 0xe0, 0x82, 0x81, 0x6a, 0x49, 0x37, 0x08, 0xa1, 0x72, 0x00, 0x83, 0xe0,
	0x82, 0xe0, 0x82, 0xe0, 0x82, 0xe0, 0x82, 0x00, 0x8b, 0xa0, 0x51, 0x4a, 0x21, 0x09, 0x81, 0x10, 0xa1, 0x72, 0xe0, 0x82,
	0xc0, 0x82, 0xe0, 0x82, 0xe0, 0x82, 0xe0, 0x82, 0xa1, 0x72, 0x60, 0x10, 0x4a, 0x36, 0x09, 0x61, 0x10, 0xc1, 0x7a, 0xe0,
	0x82, 0xe0, 0x82, 0xe0, 0x82, 0xe0, 0x82, 0xe0, 0x82, 0xa0, 0x7a, 0x80, 0x18, 0x4b, 0x22, 0x08, 0x81, 0x6a, 0x00, 0x93,
	0xe0, 0x92, 0x00, 0x8b, 0x00, 0x83, 0x00, 0x7b, 0x60, 0x83, 0xe2, 0x41, 0x4b, 0x36, 0x09, 0xc2, 0x41, 0x40, 0x8b, 0x00,
	0x8b, 0x00, 0x8b, 0x00, 0x8b, 0x00, 0x8b, 0x00, 0x8b, 0x60, 0x72, 0x20, 0x08, 0x4c, 0x22, 0x08, 0x82, 0x39, 0xa2, 0x72,
	0x41, 0x62, 0x62, 0x62, 0x62, 0x62, 0x42, 0x5a, 0x62, 0x5a, 0x62, 0x31, 0x4c, 0x36, 0x08, 0x41, 0x31, 0x81, 0x62, 0x41,
	0x62, 0x62, 0x62, 0x62, 0x62, 0x61, 0x62, 0xa2, 0x6a, 0xa2, 0x41, 0x4d, 0x22, 0x02, 0x82, 0x10, 0x41, 0x08, 0x4d, 0x3c,
	0x02, 0x41, 0x08, 0x81, 0x10, 0x1b, 0x2c, 0x07, 0xa2, 0x18, 0x24, 0x52, 0x61, 0x31, 0x61, 0x39, 0x61, 0x31, 0x82, 0x39,
	0xa1, 0x18, 0x1c, 0x2c, 0x07, 0xa1, 0x10, 0x41, 0x83, 0x20, 0x83, 0x20, 0x83, 0x20, 0x83, 0x60, 0x8b, 0x02, 0x52, 0x1d,
	0x2c, 0x08, 0xa1, 0x18, 0x01, 0x7b, 0xe0, 0x82, 0xe0, 0x7a, 0xe0, 0x82, 0xe0, 0x82, 0x81, 0x6a, 0x60, 0x10, 0x1e, 0x2c,
	0x08, 0xa1, 0x18, 0x01, 0x7b, 0xe0, 0x82, 0xe0, 0x82, 0xe0, 0x82, 0x00, 0x83, 0xa1, 0x72, 0x40, 0x08, 0x1f, 0x2c, 0x08,
	0xa1, 0x18, 0x01, 0x7b, 0xe0, 0x82, 0xe0, 0x82, 0xe0, 0x82, 0x00, 0x83, 0xa0, 0x72, 0x01, 0x29, 0x20, 0x2c, 0x08, 0x81,
	0x10, 0x01, 0x83, 0xe0, 0x82, 0xe0, 0x82, 0xe0, 0x82, 0x00, 0x83, 0x80, 0x72, 0xa1, 0x49, 0x21, 0x2c, 0x09, 0xa0, 0x49,
	0x00, 0x83, 0xe0, 0x82, 0xe0, 0x82, 0xe0, 0x82, 0x00, 0x83, 0x60, 0x72, 0xe0, 0x59, 0xa1, 0x18, 0x22, 0x2c, 0x09, 0x20,
	0x5a, 0x00, 0x83, 0xe0, 0x82, 0xe0, 0x82, 0xe0, 0x82, 0xe0, 0x82, 0x60, 0x7a, 0x20, 0x62, 0x02, 0x21, 0x23, 0x2c, 0x09,
	0x20, 0x5a, 0x00, 0x83, 0xe0, 0x82, 0xe0, 0x82, 0xe0, 0x82, 0x00, 0x83, 0x60, 0x72, 0x20, 0x62, 0x21, 0x29, 0x24, 0x2c,
	0x09, 0x20, 0x5a, 0x00, 0x83, 0xe0, 0x82, 0xe0, 0x82, 0xe0, 0x82, 0x00, 0x83, 0x80, 0x7a, 0xe0, 0x59, 0x80, 0x10, 0x25,
	0x2c, 0x08, 0x20, 0x5a, 0x00, 0x83, 0xe0, 0x82, 0xe0, 0x82, 0xe0, 0x82, 0xe0, 0x82, 0x80, 0x7a, 0x80, 0x49, 0x26, 0x2c,
	0x08, 0x20, 0x5a, 0x20, 0x83, 0xe0, 0x82, 0xe0, 0x82, 0xe0, 0x82, 0x00, 0x83, 0x80, 0x7a, 0xa1, 0x49, 0x27, 0x2c, 0x08,
	0x20, 0x5a, 0x20, 0x83, 0xe0, 0x82, 0xe0, 0x82, 0xe0, 0x82, 0x00, 0x83, 0x80, 0x72, 0xa1, 0x49, 0x28, 0x2c, 0x08, 0x20,
	0x5a, 0x20, 0x83, 0xe0, 0x82, 0xe0, 0x82, 0xe0, 0x82, 0x00, 0x83, 0xa0, 0x7a, 0x61, 0x41, 0x29, 0x2c, 0x08, 0x20, 0x5a,
	0x20, 0x83, 0xe0, 0x82, 0xe0, 0x82, 0xe0, 0x82, 0x00, 0x83, 0x80, 0x72, 0x60, 0x18, 0x2a, 0x2c, 0x08, 0x20, 0x5a, 0x20,
	0x83, 0xe0, 0x82, 0xe0, 0x82, 0x00, 0x83, 0x00, 0x83, 0x20, 0x6a, 0x60, 0x18, 0x2b, 0x2c, 0x08, 0x20, 0x5a, 0x20, 0x83,
	0xe0, 0x82, 0xe0, 0x82, 0x00, 0x83, 0xe0, 0x82, 0x40, 0x62, 0x60, 0x10, 0x2c, 0x2c, 0x08, 0x20, 0x5a, 0x20, 0x83, 0xe0,
	0x82, 0xe0, 0x82, 0x00, 0x83, 0xe0, 0x82, 0x40, 0x62, 0x60, 0x10, 0x2d, 0x2c, 0x08, 0x20, 0x5a, 0x20, 0x83, 0xe0, 0x82,
	0xe0, 0x82, 0x00, 0x83, 0xe0, 0x82, 0x21, 0x62, 0x60, 0x10, 0x2e, 0x2b, 0x08, 0x42, 0x29, 0x00, 0x7b, 0xe0, 0x7a, 0xe0,
	0x82, 0xe0, 0x82, 0xe0, 0x82, 0x00, 0x83, 0x61, 0x41, 0x2f, 0x2b, 0x08, 0x82, 0x31, 0x20, 0x83, 0xe0, 0x7a, 0xe0, 0x82,
	0xe0, 0x82, 0xe0, 0x82, 0x00, 0x83, 0x20, 0x39, 0x30, 0x2b, 0x08, 0x62, 0x31, 0x20, 0x7b, 0xe0, 0x7a, 0xe0, 0x82, 0xe0,
	0x82, 0xe0, 0x82, 0x00, 0x83, 0x21, 0x31, 0x31, 0x2b, 0x08, 0x61, 0x31, 0x20, 0x7b, 0xe0, 0x7a, 0xe0, 0x82, 0xe0, 0x82,
	0xe0, 0x82, 0x00, 0x83, 0x41, 0x39, 0x32, 0x2b, 0x08, 0x62, 0x31, 0x00, 0x83, 0xc0, 0x82, 0xe0, 0x82, 0xc0, 0x82, 0xe0,
	0x82, 0xc0, 0x82, 0xc0, 0x20, 0x33, 0x2b, 0x07, 0x82, 0x39, 0x60, 0x8b, 0x00, 0x8b, 0x20, 0x8b, 0x00, 0x8b, 0x20, 0x93,
	0xa0, 0x7a, 0x34, 0x20, 0x01, 0xc2, 0x18, 0x34, 0x2b, 0x08, 0xa1, 0x18, 0xa1, 0x41, 0x61, 0x41, 0x81, 0x41, 0x62, 0x39,
	0x81, 0x41, 0x22, 0x52, 0x20, 0x08, 0x34, 0x3f, 0x01, 0xc2, 0x18, 0x35, 0x1f, 0x07, 0x41, 0x08, 0xc4, 0x62, 0xa2, 0x62,
	0x82, 0x62, 0x82, 0x62, 0xc2, 0x6a, 0xc2, 0x41, 0x35, 0x3a, 0x07, 0xe2, 0x49, 0xa2, 0x6a, 0x82, 0x62, 0x82, 0x62, 0x82,
	0x62, 0xc3, 0x6a, 0x40, 0x08, 0x36, 0x20, 0x07, 0xe1, 0x72, 0x20, 0x8b, 0x00, 0x83, 0x00, 0x83, 0x20, 0x83, 0xc1, 0x72,
	0x60, 0x10, 0x36, 0x39, 0x08, 0x61, 0x10, 0xa0, 0x72, 0x20, 0x83, 0x00, 0x83, 0x00, 0x83, 0x20, 0x8b, 0xc1, 0x7a, 0x20,
	0x08, 0x37, 0x1f, 0x08, 0x20, 0x08, 0xe1, 0x72, 0x00, 0x83, 0xe0, 0x7a, 0xe0, 0x82, 0xe0, 0x82, 0xe0, 0x7a, 0xc0, 0x20,
	0x37, 0x39, 0x08, 0xe1, 0x20, 0xe1, 0x7a, 0xe0, 0x7a, 0xe0, 0x7a, 0xe0, 0x7a, 0x00, 0x83, 0xc1, 0x72, 0x40, 0x08, 0x38,
	0x1f, 0x08, 0x40, 0x08, 0xe1, 0x72, 0x00, 0x83, 0xe0, 0x82, 0xe0, 0x82, 0xe0, 0x82, 0xe0, 0x82, 0xc0, 0x28, 0x38, 0x39,
	0x08, 0xe1, 0x20, 0xc0, 0x7a, 0xe0, 0x82, 0xe0, 0x82, 0xe0, 0x7a, 0x00, 0x83, 0xc1, 0x72, 0x40, 0x08, 0x39, 0x20, 0x07,
	0xc2, 0x72, 0x00, 0x83, 0xe0, 0x82, 0xe0, 0x82, 0x00, 0x83, 0xa0, 0x82, 0xc0, 0x51, 0x39, 0x39, 0x07, 0xe1, 0x49, 0xc0,
	0x7a, 0xe0, 0x82, 0xe0, 0x82, 0xe0, 0x82, 0x00, 0x83, 0xc1, 0x72, 0x3a, 0x1f, 0x09, 0x80, 0x10, 0xc1, 0x7a, 0xe0, 0x82,
	0xe0, 0x82, 0xe0, 0x82, 0xe0, 0x8a, 0xa0, 0x82, 0x00, 0x62, 0x60, 0x10, 0x3a, 0x38, 0x09, 0x60, 0x10, 0x00, 0x5a, 0xc0,
	0x7a, 0xe0, 0x82, 0xe0, 0x82, 0xe0, 0x82, 0x00, 0x83, 0xc0, 0x7a, 0x80, 0x10, 0x3b, 0x1f, 0x09, 0xe1, 0x51, 0x00, 0x8b,
	0xc0, 0x82, 0xc0, 0x82, 0xc0, 0x82, 0xe0, 0x82, 0xa0, 0x82, 0x20, 0x6a, 0x61, 0x41, 0x3b, 0x38, 0x09, 0x61, 0x39, 0x20,
	0x6a, 0xa0, 0x7a, 0x00, 0x83, 0x00, 0x83, 0x00, 0x83, 0xe0, 0x82, 0x20, 0x8b, 0x01, 0x52, 0x3c, 0x1f, 0x09, 0xe1, 0x51,
	0x00, 0x8b, 0xc0, 0x82, 0xe0, 0x82, 0xc0, 0x82, 0xe0, 0x82, 0xa0, 0x7a, 0x20, 0x6a, 0x81, 0x41, 0x3c, 0x38, 0x09, 0x61,
	0x41, 0x20, 0x6a, 0xa0, 0x7a, 0x20, 0x83, 0x00, 0x83, 0x00, 0x83, 0xe0, 0x82, 0x20, 0x8b, 0x01, 0x52, 0x3d, 0x1f, 0x09,
	0xe1, 0x51, 0x00, 0x83, 0xe0, 0x7a, 0xe0, 0x82, 0xe0, 0x82, 0xe0, 0x82, 0xa0, 0x7a, 0x20, 0x6a, 0x60, 0x39, 0x3d, 0x38,
	0x09, 0x61, 0x39, 0x20, 0x6a, 0xa0, 0x7a, 0x20, 0x83, 0x00, 0x83, 0x00, 0x83, 0xe0, 0x82, 0x20, 0x8b, 0x01, 0x52, 0x3e,
	0x1f, 0x09, 0xe1, 0x49, 0x20, 0x83, 0xe0, 0x7a, 0xe0, 0x82, 0xe0, 0x82, 0xe0, 0x82, 0xc0, 0x7a, 0x00, 0x62, 0x60, 0x18,
	0x3e, 0x38, 0x09, 0x60, 0x18, 0xe0, 0x61, 0xc0, 0x7a, 0x20, 0x83, 0x00, 0x83, 0x00, 0x83, 0xe0, 0x82, 0x40, 0x8b, 0x01,
	0x52, 0x3f, 0x1f, 0x09, 0xe1, 0x51, 0x20, 0x83, 0xe0, 0x7a, 0xe0, 0x82, 0xe0, 0x82, 0xe0, 0x82, 0xc0, 0x82, 0x01, 0x62,
	0x40, 0x10, 0x3f, 0x38, 0x09, 0x20, 0x08, 0xe0, 0x59, 0xc0, 0x7a, 0x00, 0x83, 0x00, 0x83, 0x00, 0x83, 0xe0, 0x82, 0x20,
	0x8b, 0x01, 0x52, 0x40, 0x1f, 0x09, 0xe1, 0x51, 0x20, 0x83, 0xe0, 0x7a, 0xe0, 0x82, 0xe0, 0x82, 0xe0, 0x82, 0xc0, 0x82,
	0x01, 0x5a, 0x40, 0x08, 0x40, 0x38, 0x09, 0x40, 0x08, 0xe0, 0x59, 0xc0, 0x7a, 0x00, 0x83, 0xe0, 0x82, 0xe0, 0x82, 0xe0,
	0x82, 0x20, 0x8b, 0x02, 0x52, 0x41, 0x1f, 0x09, 0xe1, 0x51, 0x20, 0x83, 0xe0, 0x7a, 0xe0, 0x82, 0xe0, 0x82, 0xe0, 0x82,
	0xc0, 0x7a, 0x21, 0x62, 0x40, 0x08, 0x41, 0x38, 0x09, 0x40, 0x08, 0x01, 0x5a, 0xc0, 0x7a, 0x00, 0x83, 0xe0, 0x82, 0xe0,
	0x82, 0xe0, 0x82, 0x20, 0x8b, 0x02, 0x52, 0x42, 0x1f, 0x08, 0xe1, 0x51, 0x20, 0x83, 0xe0, 0x7a, 0xe0, 0x82, 0xe0, 0x82,
	0xe0, 0x82, 0xa0, 0x82, 0x60, 0x41, 0x42, 0x39, 0x08, 0x81, 0x49, 0xc0, 0x7a, 0x00, 0x83, 0xe0, 0x82, 0xe0, 0x82, 0xe0,
	0x82, 0x20, 0x8b, 0x02, 0x52, 0x43, 0x1f, 0x08, 0xe1, 0x51, 0x20, 0x83, 0xe0, 0x7a, 0xe0, 0x82, 0xe0, 0x82, 0xc0, 0x82,
	0x60, 0x7a, 0xc0, 0x28, 0x43, 0x39, 0x08, 0xc0, 0x28, 0x60, 0x72, 0xe0, 0x82, 0xe0, 0x82, 0xe0, 0x82, 0xe0, 0x82, 0x20,
	0x8b, 0x02, 0x52, 0x44, 0x1f, 0x08, 0xe1, 0x51, 0x20, 0x8b, 0xe0, 0x82, 0xe0, 0x82, 0xc0, 0x82, 0xc0, 0x82, 0x60, 0x72,
	0xe0, 0x28, 0x44, 0x39, 0x08, 0xe0, 0x28, 0x40, 0x72, 0xe0, 0x82, 0xe0, 0x82, 0xe0, 0x82, 0xe0, 0x82, 0x20, 0x8b, 0x02,
	0x52, 0x45, 0x1f, 0x08, 0xe1, 0x51, 0x20, 0x8b, 0xe0, 0x82, 0xe0, 0x82, 0xc0, 0x82, 0xe0, 0x82, 0x60, 0x72, 0xc1, 0x20,
	0x45, 0x39, 0x08, 0xc0, 0x20, 0x60, 0x6a, 0x00, 0x83, 0x00, 0x83, 0xe0, 0x82, 0xe0, 0x82, 0x20, 0x8b, 0x22, 0x52, 0x46,
	0x1f, 0x08, 0xc1, 0x51, 0x20, 0x8b, 0xe0, 0x82, 0xe0, 0x82, 0xc0, 0x82, 0xc0, 0x82, 0x80, 0x72, 0xe1, 0x28, 0x46, 0x39,
	0x08, 0xe0, 0x28, 0x60, 0x6a, 0x00, 0x83, 0x00, 0x83, 0xe0, 0x82, 0xe0, 0x82, 0x20, 0x8b, 0x02, 0x52, 0x47, 0x1e, 0x09,
	0x40, 0x08, 0x40, 0x62, 0x00, 0x8b, 0xe0, 0x82, 0xe0, 0x82, 0xc0, 0x82, 0xe0, 0x82, 0x41, 0x6a, 0x81, 0x18, 0x47, 0x39,
	0x09, 0x80, 0x10, 0x20, 0x62, 0x00, 0x83, 0xe0, 0x82, 0xe0, 0x82, 0xe0, 0x82, 0x00, 0x83, 0x61, 0x62, 0x40, 0x08, 0x48,
	0x1e, 0x08, 0xe1, 0x20, 0x21, 0x83, 0xc0, 0x82, 0xe0, 0x82, 0xe0, 0x82, 0xc0, 0x82, 0x00, 0x83, 0xa0, 0x51, 0x48, 0x3a,
	0x08, 0x80, 0x49, 0x00, 0x83, 0xe0, 0x82, 0xe0, 0x82, 0xe0, 0x82, 0xe0, 0x82, 0x22, 0x7b, 0xe1, 0x18, 0x49, 0x1e, 0x08,
	0xe1, 0x20, 0x01, 0x83, 0xe0, 0x82, 0xe0, 0x82, 0xe0, 0x82, 0xc0, 0x82, 0x00, 0x83, 0xc1, 0x51, 0x49, 0x3a, 0x08, 0x80,
	0x49, 0x00, 0x83, 0xe0, 0x82, 0xe0, 0x82, 0xe0, 0x82, 0xe0, 0x82, 0x21, 0x7b, 0xc1, 0x18, 0x4a, 0x1e, 0x08, 0xe1, 0x20,
	0x01, 0x83, 0xe0, 0x82, 0xe0, 0x82, 0xe0, 0x82, 0xc0, 0x7a, 0x00, 0x83, 0xc1, 0x49, 0x4a, 0x3a, 0x08, 0xa0, 0x49, 0x00,
	0x83, 0xe0, 0x82, 0xe0, 0x82, 0xe0, 0x82, 0xe0, 0x82, 0x00, 0x8b, 0xc0, 0x28, 0x4b, 0x1e, 0x08, 0xe1, 0x20, 0x01, 0x83,
	0xe0, 0x82, 0xe0, 0x82, 0xe0, 0x82, 0xe0, 0x7a, 0x00, 0x83, 0xc1, 0x49, 0x4b, 0x3a, 0x08, 0xc0, 0x49, 0x00, 0x8b, 0xe0,
	0x82, 0xe0, 0x82, 0xe0, 0x82, 0xe0, 0x82, 0x00, 0x8b, 0xc0, 0x28, 0x4c, 0x1e, 0x08, 0xe1, 0x20, 0x00, 0x83, 0xc0, 0x8a,
	0xe0, 0x82, 0xe0, 0x82, 0x00, 0x7b, 0x00, 0x7b, 0xa0, 0x20, 0x4c, 0x3a, 0x08, 0xa0, 0x18, 0xe0, 0x82, 0xe0, 0x8a, 0xe0,
	0x82, 0xe0, 0x82, 0xe0, 0x82, 0x00, 0x8b, 0xc0, 0x28, 0x4d, 0x1e, 0x08, 0xc1, 0x20, 0x01, 0x7b, 0xe1, 0x82, 0xe1, 0x7a,
	0xe1, 0x7a, 0xe1, 0x72, 0x01, 0x73, 0x60, 0x10, 0x4d, 0x3a, 0x08, 0x81, 0x10, 0x02, 0x83, 0xe1, 0x7a, 0xe1, 0x7a, 0xe1,
	0x7a, 0xe1, 0x7a, 0x01, 0x83, 0xc1, 0x20, 0x4e, 0x1f, 0x07, 0x60, 0x10, 0x81, 0x10, 0x81, 0x10, 0x81, 0x10, 0x60, 0x10,
	0x42, 0x31, 0x61, 0x10, 0x4e, 0x3a, 0x07, 0x81, 0x10, 0x62, 0x39, 0x60, 0x10, 0x81, 0x10, 0x81, 0x10, 0x81, 0x10, 0x81,
	0x10, 0x1a, 0x2c, 0x06, 0x82, 0x10, 0x23, 0x29, 0x40, 0x08, 0x40, 0x08, 0x40, 0x08, 0x40, 0x08, 0x1b, 0x2c, 0x07, 0xa2,
	0x18, 0x22, 0x73, 0xc0, 0x72, 0xe0, 0x72, 0xc0, 0x6a, 0x01, 0x7b, 0x82, 0x41, 0x1c, 0x2c, 0x08, 0x81, 0x10, 0x21, 0x7b,
	0x00, 0x83, 0x00, 0x83, 0xe0, 0x82, 0x00, 0x83, 0xa0, 0x72, 0x40, 0x10, 0x1d, 0x2c, 0x08, 0x82, 0x39, 0x00, 0x7b, 0xe0,
	0x82, 0xe0, 0x82, 0xe0, 0x82, 0xe0, 0x7a, 0x00, 0x83, 0x81, 0x41, 0x1e, 0x2c, 0x09, 0x41, 0x5a, 0x20, 0x7b, 0xe0, 0x82,
	0xe0, 0x82, 0xe0, 0x82, 0xe0, 0x82, 0x00, 0x83, 0xc1, 0x72, 0x60, 0x10, 0x1f, 0x2c, 0x09, 0x21, 0x52, 0x20, 0x7b, 0xe0,
	0x82, 0xe0, 0x82, 0xe0, 0x82, 0xe0, 0x82, 0xc0, 0x82, 0x20, 0x8b, 0x80, 0x49, 0x20, 0x2c, 0x0a, 0x41, 0x52, 0x20, 0x83,
	0xe0, 0x82, 0xe0, 0x82, 0xe0, 0x82, 0xe0, 0x82, 0xe0, 0x82, 0xe0, 0x82, 0xa1, 0x72, 0x41, 0x08, 0x21, 0x2c, 0x0a, 0x21,
	0x52, 0x20, 0x83, 0xe0, 0x82, 0xe0, 0x82, 0xe0, 0x82, 0xe0, 0x82, 0xe0, 0x82, 0xc0, 0x82, 0x00, 0x8b, 0x81, 0x41, 0x22,
	0x2b, 0x0c, 0x80, 0x18, 0xa0, 0x6a, 0x00, 0x83, 0xe0, 0x82, 0xe0, 0x82, 0xe0, 0x82, 0xe0, 0x82, 0xe0, 0x82, 0xe0, 0x82,
	0xe0, 0x82, 0xa1, 0x72, 0x81, 0x10, 0x23, 0x2b, 0x0c, 0x61, 0x39, 0x20, 0x83, 0xe0, 0x82, 0xe0, 0x82, 0xe0, 0x82, 0xe0,
	0x82, 0xe0, 0x82, 0xe0, 0x82, 0xe0, 0x82, 0xc0, 0x82, 0x40, 0x83, 0x62, 0x31, 0x24, 0x2b, 0x0c, 0x61, 0x39, 0x20, 0x83,
	0xe0, 0x82, 0xe0, 0x82, 0xe0, 0x82, 0xe0, 0x82, 0xe0, 0x82, 0xe0, 0x82, 0xe0, 0x82, 0xe0, 0x82, 0x80, 0x6a, 0x81, 0x10,
	0x25, 0x2b, 0x0b, 0x61, 0x39, 0x20, 0x83, 0xe0, 0x82, 0xe0, 0x82, 0xe0, 0x82, 0xe0, 0x82, 0xe0, 0x82, 0xe0, 0x82, 0xe0,
	0x82, 0x00, 0x83, 0x41, 0x5a, 0x26, 0x2b, 0x0b, 0x41, 0x39, 0x20, 0x8b, 0xe0, 0x82, 0xe0, 0x82, 0xe0, 0x82, 0xe0, 0x82,
	0xe0, 0x82, 0xe0, 0x82, 0xe0, 0x82, 0x21, 0x83, 0x42, 0x31, 0x27, 0x2b, 0x0a, 0xe2, 0x51, 0x00, 0x8b, 0xe0, 0x82, 0xe0,
	0x82, 0xe0, 0x82, 0xe0, 0x82, 0xe0, 0x82, 0xe0, 0x82, 0x00, 0x83, 0x61, 0x62, 0x28, 0x2a, 0x0b, 0x61, 0x10, 0x02, 0x7b,
	0xe0, 0x82, 0xe0, 0x82, 0xe0, 0x82, 0xe0, 0x82, 0xe0, 0x82, 0xe0, 0x82, 0xe0, 0x82, 0x40, 0x8b, 0x81, 0x39, 0x29, 0x2a,
	0x0b, 0x60, 0x08, 0xe1, 0x72, 0xe0, 0x82, 0xe0, 0x82, 0xe0, 0x82, 0xe0, 0x82, 0xe0, 0x82, 0xe0, 0x82, 0xe0, 0x82, 0xc1,
	0x7a, 0xe1, 0x20, 0x2a, 0x2a, 0x0a, 0x61, 0x10, 0xe1, 0x7a, 0xe0, 0x82, 0xe0, 0x82, 0xe0, 0x82, 0xe0, 0x82, 0xe0, 0x82,
	0xe0, 0x82, 0x00, 0x83, 0x82, 0x6a, 0x2b, 0x2a, 0x0a, 0x60, 0x08, 0xe1, 0x7a, 0xe0, 0x82, 0xe0, 0x82, 0xe0, 0x82, 0xe0,
	0x82, 0xe0, 0x82, 0xe0, 0x82, 0x20, 0x7b, 0x82, 0x39, 0x2c, 0x2a, 0x09, 0xc0, 0x20, 0xe0, 0x82, 0xe0, 0x82, 0xe0, 0x82,
	0xe0, 0x82, 0xe0, 0x82, 0xe0, 0x82, 0x00, 0x83, 0xa1, 0x6a, 0x2d, 0x2a, 0x09, 0x42, 0x5a, 0x00, 0x83, 0xe0, 0x82, 0xe0,
	0x82, 0xe0, 0x82, 0xe0, 0x82, 0xe0, 0x82, 0x40, 0x8b, 0xc2, 0x49, 0x2e, 0x2a, 0x09, 0x22, 0x52, 0x00, 0x83, 0xe0, 0x82,
	0xe0, 0x82, 0xe0, 0x82, 0xe0, 0x82, 0xe0, 0x82, 0x00, 0x83, 0x42, 0x31, 0x2f, 0x2a, 0x08, 0x22, 0x52, 0x00, 0x83, 0xe0,
	0x82, 0xe0, 0x82, 0xe0, 0x82, 0xe0, 0x82, 0x00, 0x8b, 0xa0, 0x7a, 0x30, 0x2a, 0x08, 0x21, 0x5a, 0x00, 0x83, 0xc0, 0x82,
	0xe0, 0x82, 0xe0, 0x82, 0xe0, 0x82, 0x00, 0x83, 0x02, 0x52, 0x31, 0x2a, 0x08, 0x41, 0x62, 0xe0, 0x82, 0xc0, 0x82, 0xe0,
	0x82, 0xe0, 0x82, 0xc0, 0x82, 0x21, 0x8b, 0xe1, 0x20, 0x32, 0x29, 0x09, 0x22, 0x29, 0x41, 0x83, 0xe0, 0x82, 0xe0, 0x8a,
	0xc0, 0x82, 0xc0, 0x82, 0xe0, 0x8a, 0xa0, 0x72, 0x81, 0x10, 0x33, 0x29, 0x08, 0x02, 0x29, 0xa1, 0x6a, 0x40, 0x62, 0x80,
	0x72, 0x20, 0x8b, 0x20, 0x8b, 0x20, 0x8b, 0x81, 0x41, 0x34, 0x1f, 0x07, 0x41, 0x08, 0x24, 0x4a, 0x61, 0x31, 0x41, 0x31,
	0x41, 0x31, 0x61, 0x31, 0xe1, 0x20, 0x34, 0x2c, 0x05, 0x40, 0x08, 0x82, 0x41, 0x61, 0x39, 0x44, 0x5a, 0x40, 0x08, 0x34,
	0x3a, 0x07, 0x01, 0x21, 0x61, 0x31, 0x41, 0x31, 0x41, 0x31, 0x41, 0x31, 0x23, 0x4a, 0x40, 0x08, 0x35, 0x20, 0x07, 0xe2,
	0x72, 0x40, 0x8b, 0x20, 0x8b, 0x20, 0x8b, 0x40, 0x8b, 0xa1, 0x6a, 0x40, 0x08, 0x35, 0x39, 0x07, 0x40, 0x08, 0xa0, 0x6a,
	0x20, 0x8b, 0x00, 0x8b, 0x20, 0x8b, 0x20, 0x8b, 0xc1, 0x72, 0x36, 0x1f, 0x08, 0x40, 0x08, 0xe1, 0x72, 0xe0, 0x82, 0xe0,
	0x82, 0xe0, 0x82, 0xe0, 0x82, 0x00, 0x8b, 0x21, 0x31, 0x36, 0x39, 0x08, 0x41, 0x31, 0x20, 0x83, 0xa0, 0x7a, 0xc0, 0x82,
	0xc0, 0x82, 0xe0, 0x82, 0xc1, 0x7a, 0x40, 0x08, 0x37, 0x1f, 0x09, 0xa2, 0x41, 0x20, 0x7b, 0xe0, 0x82, 0xe0, 0x82, 0xe0,
	0x82, 0xe0, 0x82, 0x00, 0x83, 0xa1, 0x6a, 0x40, 0x08, 0x37, 0x39, 0x08, 0xa2, 0x6a, 0x00, 0x7b, 0xc0, 0x82, 0xe0, 0x82,
	0xe0, 0x82, 0xc0, 0x82, 0x20, 0x83, 0xc2, 0x41, 0x38, 0x1f, 0x09, 0xe2, 0x41, 0x40, 0x7b, 0xe0, 0x82, 0xe0, 0x82, 0xe0,
	0x82, 0xe0, 0x82, 0xe0, 0x82, 0x21, 0x83, 0x61, 0x39, 0x38, 0x38, 0x09, 0x62, 0x39, 0x00, 0x7b, 0xe0, 0x7a, 0xe0, 0x82,
	0xe0, 0x82, 0xe0, 0x82, 0xc0, 0x82, 0x20, 0x83, 0x01, 0x4a, 0x39, 0x1f, 0x0a, 0xe2, 0x41, 0x40, 0x7b, 0xe0, 0x82, 0xe0,
	0x82, 0xe0, 0x8a, 0xe0, 0x8a, 0xe0, 0x82, 0x20, 0x83, 0x61, 0x62, 0x40, 0x08, 0x39, 0x37, 0x0a, 0x40, 0x08, 0xa2, 0x6a,
	0x00, 0x7b, 0xe0, 0x7a, 0xe0, 0x82, 0xe0, 0x82, 0xe0, 0x82, 0xc0, 0x82, 0x20, 0x83, 0x02, 0x4a, 0x3a, 0x1f, 0x0a, 0xe2,
	0x49, 0x40, 0x83, 0xe0, 0x82, 0xe0, 0x82, 0xe0, 0x82, 0xe0, 0x82, 0xe0, 0x82, 0xe0, 0x7a, 0x00, 0x83, 0x41, 0x31, 0x3a,
	0x37, 0x0a, 0x41, 0x31, 0x21, 0x83, 0xe0, 0x7a, 0xe0, 0x82, 0xe0, 0x82, 0xe0, 0x82, 0xe0, 0x82, 0xe0, 0x82, 0x20, 0x83,
	0x02, 0x4a, 0x3b, 0x1f, 0x0a, 0xe1, 0x51, 0x20, 0x8b, 0xe0, 0x82, 0xe0, 0x82, 0xe0, 0x82, 0xe0, 0x82, 0xe0, 0x82, 0xe0,
	0x82, 0x00, 0x83, 0x80, 0x6a, 0x3b, 0x37, 0x0a, 0xa1, 0x6a, 0xe0, 0x82, 0xe0, 0x82, 0xe0, 0x82, 0xe0, 0x82, 0xe0, 0x82,
	0xe0, 0x82, 0xe0, 0x82, 0x20, 0x8b, 0xe1, 0x51, 0x3c, 0x1e, 0x0c, 0xa0, 0x18, 0xc0, 0x7a, 0xe0, 0x82, 0xe0, 0x82, 0xe0,
	0x82, 0xe0, 0x82, 0xe0, 0x82, 0xe0, 0x82, 0xe0, 0x82, 0xe0, 0x82, 0x20, 0x83, 0x81, 0x39, 0x3c, 0x36, 0x0c, 0x41, 0x31,
	0x21, 0x7b, 0xe0, 0x82, 0xe0, 0x82, 0xe0, 0x82, 0xe0, 0x82, 0xe0, 0x82, 0x00, 0x83, 0x00, 0x83, 0x00, 0x83, 0xe0, 0x7a,
	0xc1, 0x18, 0x3d, 0x1e, 0x0c, 0xe1, 0x20, 0x00, 0x8b, 0xe0, 0x82, 0xe0, 0x82, 0xe0, 0x82, 0xe0, 0x82, 0xe0, 0x82, 0xe0,
	0x82, 0xe0, 0x82, 0xe0, 0x82, 0x20, 0x83, 0xc2, 0x41, 0x3d, 0x36, 0x0c, 0x81, 0x39, 0x20, 0x83, 0xe0, 0x82, 0xe0, 0x82,
	0xe0, 0x82, 0xe0, 0x82, 0xe0, 0x82, 0x00, 0x83, 0x00, 0x83, 0xe0, 0x82, 0x21, 0x83, 0xe1, 0x20, 0x3e, 0x1e, 0x0c, 0xe1,
	0x20, 0x00, 0x83, 0xc0, 0x7a, 0xe0, 0x82, 0xe0, 0x82, 0xe0, 0x82, 0xe0, 0x82, 0xe0, 0x82, 0xe0, 0x82, 0x00, 0x83, 0x80,
	0x6a, 0x40, 0x08, 0x3e, 0x36, 0x0c, 0x40, 0x08, 0xc1, 0x72, 0x00, 0x83, 0xe0, 0x82, 0xe0, 0x82, 0xe0, 0x82, 0x00, 0x83,
	0x00, 0x83, 0x00, 0x83, 0xe0, 0x82, 0x20, 0x83, 0xe1, 0x20, 0x3f, 0x1e, 0x0b, 0xe1, 0x20, 0x00, 0x83, 0xc0, 0x82, 0xe0,
	0x82, 0xe0, 0x82, 0xe0, 0x82, 0xe0, 0x82, 0xe0, 0x82, 0xe0, 0x82, 0x00, 0x83, 0x61, 0x62, 0x3f, 0x37, 0x0b, 0x82, 0x62,
	0x00, 0x83, 0xe0, 0x82, 0xe0, 0x82, 0xe0, 0x82, 0xe0, 0x82, 0x00, 0x83, 0x00, 0x83, 0xe0, 0x82, 0x20, 0x83, 0xe1, 0x20,
	0x40, 0x1e, 0x0b, 0xe0, 0x28, 0x00, 0x8b, 0xe0, 0x82, 0xe0, 0x82, 0xc0, 0x82, 0xe0, 0x82, 0xe0, 0x82, 0xe0, 0x82, 0xe0,
	0x82, 0x41, 0x83, 0x22, 0x29, 0x40, 0x37, 0x0b, 0x01, 0x29, 0x21, 0x83, 0xc0, 0x82, 0xe0, 0x82, 0xe0, 0x82, 0xe0, 0x82,
	0xe0, 0x82, 0xe0, 0x82, 0xe0, 0x7a, 0x00, 0x83, 0xc0, 0x20, 0x41, 0x1e, 0x0b, 0x02, 0x52, 0x00, 0x83, 0xe0, 0x82, 0xe0,
	0x82, 0xc0, 0x82, 0xe0, 0x82, 0xe0, 0x82, 0xe0, 0x82, 0x20, 0x83, 0x60, 0x62, 0x20, 0x08, 0x41, 0x37, 0x0b, 0x20, 0x08,
	0x61, 0x6a, 0x00, 0x8b, 0xc0, 0x82, 0xe0, 0x82, 0xe0, 0x82, 0xe0, 0x82, 0xe0, 0x82, 0xe0, 0x7a, 0x20, 0x83, 0x22, 0x52,
	0x42, 0x1e, 0x0a, 0x81, 0x6a, 0xe0, 0x82, 0xe0, 0x82, 0xe0, 0x82, 0xc0, 0x82, 0xe0, 0x82, 0xe0, 0x82, 0xe0, 0x82, 0x20,
	0x83, 0x01, 0x5a, 0x42, 0x38, 0x0a, 0x02, 0x52, 0x20, 0x8b, 0xc0, 0x82, 0xe0, 0x82, 0xe0, 0x82, 0xe0, 0x82, 0xe0, 0x82,
	0xe0, 0x82, 0x00, 0x83, 0xc2, 0x6a, 0x43, 0x1e, 0x0a, 0x61, 0x62, 0xe0, 0x82, 0xe0, 0x82, 0xe0, 0x82, 0xc0, 0x82, 0xe0,
	0x82, 0xe0, 0x82, 0xe0, 0x82, 0xe0, 0x82, 0xc1, 0x28, 0x43, 0x38, 0x0a, 0xc0, 0x20, 0xe0, 0x82, 0xe0, 0x82, 0xe0, 0x82,
	0xe0, 0x82, 0xe0, 0x82, 0xe0, 0x82, 0xe0, 0x82, 0x00, 0x83, 0x82, 0x62, 0x44, 0x1e, 0x0a, 0x81, 0x6a, 0xe0, 0x82, 0xe0,
	0x82, 0xe0, 0x82, 0xc0, 0x82, 0xe0, 0x82, 0xe0, 0x82, 0x00, 0x7b, 0xc1, 0x72, 0x40, 0x18, 0x44, 0x38, 0x0a, 0x20, 0x08,
	0xc2, 0x7a, 0xe0, 0x82, 0xe0, 0x82, 0xe0, 0x82, 0xe0, 0x82, 0xe0, 0x82, 0xe0, 0x82, 0x00, 0x83, 0xa2, 0x6a, 0x45, 0x1e,
	0x09, 0x81, 0x72, 0x00, 0x8b, 0xe0, 0x82, 0xe0, 0x82, 0xe0, 0x82, 0xe0, 0x82, 0xe0, 0x82, 0x41, 0x83, 0x82, 0x39, 0x45,
	0x39, 0x09, 0x82, 0x39, 0x20, 0x8b, 0xc0, 0x82, 0xe0, 0x82, 0xe0, 0x82, 0xe0, 0x82, 0xe0, 0x82, 0x00, 0x83, 0xa1, 0x6a,
	0x46, 0x1d, 0x0a, 0x01, 0x29, 0x00, 0x83, 0xe0, 0x82, 0xe0, 0x82, 0xe0, 0x82, 0xe0, 0x82, 0xc0, 0x82, 0x00, 0x83, 0xa1,
	0x6a, 0x61, 0x08, 0x46, 0x39, 0x0a, 0x40, 0x08, 0x80, 0x72, 0xe0, 0x82, 0xe0, 0x82, 0xe0, 0x82, 0xe0, 0x82, 0xe0, 0x82,
	0xe0, 0x82, 0x01, 0x7b, 0xe1, 0x20, 0x47, 0x1d, 0x09, 0xc2, 0x41, 0x20, 0x83, 0xc0, 0x82, 0xe0, 0x82, 0xe0, 0x82, 0xe0,
	0x82, 0xc0, 0x82, 0x20, 0x8b, 0x42, 0x5a, 0x47, 0x3a, 0x09, 0x42, 0x62, 0x20, 0x83, 0xe0, 0x82, 0xe0, 0x82, 0xe0, 0x82,
	0xe0, 0x82, 0xe0, 0x82, 0x40, 0x7b, 0x81, 0x31, 0x48, 0x1d, 0x09, 0xa2, 0x41, 0x20, 0x83, 0xe0, 0x82, 0xe0, 0x82, 0xe0,
	0x82, 0xe0, 0x82, 0xe0, 0x82, 0x00, 0x83, 0x01, 0x31, 0x48, 0x3a, 0x09, 0x22, 0x31, 0x01, 0x7b, 0xe0, 0x7a, 0xe0, 0x82,
	0xe0, 0x82, 0xe0, 0x82, 0xe0, 0x82, 0x20, 0x83, 0x40, 0x39, 0x49, 0x1d, 0x09, 0xa1, 0x41, 0x20, 0x83, 0xe0, 0x82, 0xe0,
	0x82, 0xe0, 0x82, 0xe0, 0x82, 0xe0, 0x82, 0x01, 0x83, 0x60, 0x10, 0x49, 0x3a, 0x09, 0x61, 0x10, 0x02, 0x7b, 0x00, 0x7b,
	0xe0, 0x82, 0xe0, 0x82, 0xe0, 0x82, 0xe0, 0x82, 0x20, 0x8b, 0x60, 0x41, 0x4a, 0x1d, 0x08, 0x82, 0x39, 0x20, 0x8b, 0xe0,
	0x82, 0xe0, 0x82, 0xe0, 0x82, 0xe0, 0x82, 0x20, 0x8b, 0xc1, 0x49, 0x4a, 0x3b, 0x08, 0xa1, 0x41, 0x00, 0x83, 0xc0, 0x82,
	0xe0, 0x82, 0xe0, 0x82, 0xe0, 0x82, 0x20, 0x8b, 0x40, 0x39, 0x4b, 0x1d, 0x08, 0x41, 0x5a, 0xe0, 0x82, 0xc0, 0x82, 0xe0,
	0x82, 0xe0, 0x82, 0xe0, 0x82, 0x20, 0x8b, 0x61, 0x31, 0x4b, 0x3b, 0x09, 0x21, 0x31, 0x00, 0x83, 0xc0, 0x82, 0xe0, 0x82,
	0xe0, 0x82, 0xc0, 0x82, 0x00, 0x83, 0x40, 0x62, 0x40, 0x08, 0x4c, 0x1c, 0x09, 0xa1, 0x18, 0x41, 0x83, 0x20, 0x8b, 0x20,
	0x8b, 0x00, 0x83, 0xe0, 0x82, 0x00, 0x83, 0x61, 0x6a, 0x40, 0x08, 0x4c, 0x3b, 0x09, 0x40, 0x08, 0xa2, 0x6a, 0xe0, 0x8a,
	0xe0, 0x82, 0x00, 0x83, 0x20, 0x8b, 0x20, 0x8b, 0x61, 0x8b, 0xc1, 0x18, 0x4d, 0x1c, 0x08, 0x20, 0x08, 0x41, 0x39, 0x61,
	0x39, 0x61, 0x39, 0xc2, 0x72, 0x01, 0x7b, 0x22, 0x7b, 0x62, 0x39, 0x4d, 0x3c, 0x08, 0x82, 0x39, 0x21, 0x83, 0x01, 0x7b,
	0xe1, 0x72, 0x61, 0x39, 0x41, 0x39, 0x61, 0x39, 0x40, 0x08, 0x4e, 0x20, 0x04, 0x61, 0x10, 0x60, 0x10, 0x43, 0x31, 0x81,
	0x10, 0x4e, 0x3c, 0x04, 0x61, 0x08, 0x42, 0x29, 0x61, 0x10, 0x81, 0x10, 0x17, 0x2d, 0x03, 0x62, 0x31, 0x81, 0x39, 0x41,
	0x08, 0x18, 0x2c, 0x05, 0x60, 0x08, 0x81, 0x6a, 0x40, 0x8b, 0x21, 0x5a, 0x61, 0x10, 0x19, 0x2c, 0x06, 0xa1, 0x18, 0x21,
	0x8b, 0xe0, 0x82, 0xe0, 0x82, 0x01, 0x7b, 0x61, 0x39, 0x1a, 0x2c, 0x07, 0xc2, 0x49, 0x20, 0x83, 0x00, 0x83, 0xe0, 0x82,
	0xc0, 0x82, 0x02, 0xa4, 0xc5, 0x62, 0x1b, 0x2c, 0x08, 0x41, 0x5a, 0x20, 0x83, 0xe0, 0x82, 0x00, 0x83, 0xa0, 0x82, 0x02,
	0xee, 0xc4, 0xd5, 0x41, 0x08, 0x1c, 0x2b, 0x09, 0x41, 0x31, 0x00, 0x7b, 0xe0, 0x82, 0xe0, 0x82, 0x00, 0x83, 0x80, 0x82,
	0x20, 0xdd, 0x40, 0xff, 0x42, 0x5a, 0x1d, 0x2b, 0x0a, 0xa2, 0x41, 0x40, 0x8b, 0xe0, 0x82, 0x00, 0x83, 0xe0, 0x82, 0xa1,
	0x9b, 0x40, 0xf6, 0x00, 0xff, 0xc4, 0xdd, 0x01, 0x00, 0x1e, 0x2a, 0x0b, 0x41, 0x08, 0xc2, 0x72, 0x00, 0x83, 0xe0, 0x82,
	0x00, 0x83, 0x80, 0x7a, 0x41, 0xb4, 0x40, 0xff, 0xa0, 0xfe, 0xe1, 0xfe, 0xe3, 0x93, 0x1f, 0x2a, 0x0c, 0x80, 0x18, 0x00,
	0x83, 0x00, 0x83, 0x00, 0x83, 0xe0, 0x82, 0xe0, 0x8a, 0xa2, 0xdd, 0x00, 0xff, 0xc0, 0xfe, 0xc0, 0xfe, 0x02, 0xff, 0x63,
	0x39, 0x20, 0x2a, 0x0c, 0x01, 0x52, 0x20, 0x83, 0xe0, 0x82, 0x00, 0x83, 0xe0, 0x82, 0x01, 0x8b, 0xa1, 0xfe, 0xe0, 0xfe,
	0xc0, 0xfe, 0xa0, 0xfe, 0x20, 0xff, 0xe5, 0xb4, 0x21, 0x2a, 0x0d, 0x61, 0x6a, 0x00, 0x8b, 0xe0, 0x82, 0x00, 0x83, 0xa0,
	0x82, 0xc1, 0xc4, 0xe0, 0xfe, 0xe0, 0xfe, 0xc0, 0xfe, 0xc0, 0xfe, 0xc0, 0xfe, 0xc3, 0xf6, 0x03, 0x52, 0x22, 0x29, 0x0f,
	0x21, 0x29, 0x20, 0x83, 0xe0, 0x82, 0xe0, 0x82, 0x00, 0x83, 0x80, 0x7a, 0x62, 0xd5, 0x20, 0xff, 0xe0, 0xfe, 0xc0, 0xfe,
	0xc0, 0xfe, 0xa0, 0xfe, 0x20, 0xff, 0xc4, 0xbc, 0x21, 0x08, 0x23, 0x29, 0x0f, 0x81, 0x39, 0x20, 0x83, 0xe0, 0x82, 0xe0,
	0x82, 0xe0, 0x82, 0xe0, 0x8a, 0xa1, 0xe5, 0x00, 0xff, 0xe0, 0xfe, 0xc0, 0xfe, 0xc0, 0xfe, 0xc0, 0xfe, 0xa0, 0xfe, 0x41,
	0xff, 0xa5, 0x8b, 0x24, 0x28, 0x11, 0x40, 0x08, 0xe2, 0x7a, 0xe0, 0x82, 0xe0, 0x82, 0x00, 0x8b, 0xa0, 0x7a, 0x01, 0xac,
	0x01, 0xff, 0xe0, 0xfe, 0xe0, 0xfe, 0xc0, 0xfe, 0xc0, 0xfe, 0xc0, 0xfe, 0xc0, 0xfe, 0xe0, 0xfe, 0x23, 0xe6, 0xa1, 0x18,
	0x25, 0x28, 0x11, 0xe1, 0x20, 0x01, 0x7b, 0x00, 0x83, 0xe0, 0x82, 0xe0, 0x82, 0xc0, 0x82, 0xa2, 0xc4, 0xe0, 0xfe, 0xe0,
	0xfe, 0xe0, 0xfe, 0xc0, 0xfe, 0xc0, 0xfe, 0xc0, 0xfe, 0xc0, 0xfe, 0xa0, 0xfe, 0x40, 0xff, 0x03, 0x73, 0x26, 0x28, 0x12,
	0x02, 0x52, 0x20, 0x8b, 0xe0, 0x82, 0xe0, 0x82, 0xe0, 0x8a, 0xc0, 0x8a, 0x62, 0xf6, 0xe0, 0xfe, 0xc0, 0xfe, 0xe0, 0xfe,
	0xc0, 0xfe, 0xc0, 0xfe, 0xc0, 0xfe, 0xc0, 0xfe, 0xc0, 0xfe, 0xe0, 0xfe, 0x84, 0xee, 0x82, 0x10, 0x27, 0x27, 0x14, 0x40,
	0x08, 0x60, 0x6a, 0x20, 0x83, 0xe0, 0x82, 0x00, 0x83, 0xc0, 0x82, 0xa1, 0xab, 0xa0, 0xfe, 0xc0, 0xfe, 0xc0, 0xfe, 0xe0,
	0xfe, 0xc0, 0xfe, 0xc0, 0xfe, 0xc0, 0xfe, 0xc0, 0xfe, 0xc0, 0xfe, 0xc0, 0xfe, 0xe1, 0xfe, 0xe5, 0xb4, 0x61, 0x10, 0x28,
	0x27, 0x14, 0x21, 0x29, 0x20, 0x8b, 0xe0, 0x82, 0xe0, 0x82, 0x00, 0x83, 0xa0, 0x82, 0x23, 0xd5, 0x40, 0xff, 0xa0, 0xfe,
	0xc0, 0xfe, 0xe0, 0xfe, 0xc0, 0xfe, 0xc0, 0xfe, 0xc0, 0xfe, 0xc0, 0xfe, 0xc0, 0xfe, 0xc0, 0xfe, 0xa0, 0xfe, 0x42, 0xff,
	0x44, 0x52, 0x29, 0x27, 0x14, 0x81, 0x6a, 0x00, 0x83, 0xe0, 0x82, 0xe0, 0x82, 0x00, 0x83, 0xa0, 0x7a, 0x02, 0xcd, 0x20,
	0xff, 0xc0, 0xfe, 0xc0, 0xfe, 0xe0, 0xfe, 0xc0, 0xfe, 0xc0, 0xfe, 0xc0, 0xfe, 0xc0, 0xfe, 0xc0, 0xfe, 0xc0, 0xfe, 0xa0,
	0xfe, 0xc0, 0xfe, 0xa4, 0xd5, 0x2a, 0x26, 0x16, 0x61, 0x10, 0xc1, 0x72, 0x00, 0x83, 0xe0, 0x82, 0x00, 0x83, 0xc0, 0x7a,
	0x81, 0x93, 0x81, 0xf6, 0xe0, 0xfe, 0xc0, 0xfe, 0xc0, 0xfe, 0xe0, 0xfe, 0xc0, 0xfe, 0xc0, 0xfe, 0xc0, 0xfe, 0xc0, 0xfe,
	0xc0, 0xfe, 0xc0, 0xfe, 0xe0, 0xfe, 0x60, 0xff, 0x24, 0xe6, 0x45, 0x5a, 0x2b, 0x26, 0x15, 0xa2, 0x49, 0x00, 0x8b, 0xe0,
	0x82, 0xe0, 0x82, 0x00, 0x83, 0xc0, 0x7a, 0xe1, 0xab, 0x21, 0xff, 0xc0, 0xfe, 0xc0, 0xfe, 0xc0, 0xfe, 0xe0, 0xfe, 0xc0,
	0xfe, 0xc0, 0xfe, 0xa0, 0xfe, 0x80, 0xfe, 0xe0, 0xfe, 0x00, 0xff, 0x42, 0xee, 0xe5, 0x8b, 0x02, 0x21, 0x2c, 0x26, 0x13,
	0x01, 0x5a, 0x00, 0x8b, 0xe0, 0x82, 0x00, 0x83, 0x00, 0x83, 0xe0, 0x7a, 0xa2, 0xdd, 0x00, 0xff, 0xc0, 0xfe, 0xc0, 0xfe,
	0xc0, 0xfe, 0xe0, 0xfe, 0xc0, 0xfe, 0xa0, 0xfe, 0xc0, 0xfe, 0x41, 0xff, 0x63, 0xee, 0xe4, 0x93, 0xc1, 0x20, 0x2d, 0x25,
	0x12, 0xa1, 0x18, 0x01, 0x83, 0xe0, 0x82, 0xe0, 0x82, 0x00, 0x83, 0x00, 0x83, 0xa0, 0x7a, 0xe0, 0xe5, 0x20, 0xff, 0xc0,
	0xfe, 0xc0, 0xfe, 0xc0, 0xfe, 0xe0, 0xfe, 0xc0, 0xfe, 0x00, 0xff, 0xa4, 0xf6, 0xc5, 0x8b, 0x43, 0x31, 0x2e, 0x25, 0x10,
	0x41, 0x31, 0x00, 0x83, 0xe0, 0x82, 0xe0, 0x82, 0x00, 0x83, 0xe0, 0x82, 0x41, 0x9b, 0x20, 0xf6, 0x00, 0xff, 0xc0, 0xfe,
	0xa0, 0xfe, 0xc0, 0xfe, 0x00, 0xff, 0x81, 0xff, 0xa4, 0xb4, 0xe3, 0x20, 0x2f, 0x25, 0x0f, 0x82, 0x62, 0x00, 0x83, 0xe0,
	0x82, 0xe0, 0x82, 0x00, 0x83, 0x80, 0x7a, 0xc2, 0xc4, 0x40, 0xff, 0xa0, 0xfe, 0xc0, 0xfe, 0x00, 0xff, 0x01, 0xff, 0xe4,
	0xdd, 0x03, 0x73, 0x41, 0x10, 0x30, 0x20, 0x02, 0x61, 0x08, 0x41, 0x08, 0x30, 0x24, 0x0e, 0xa1, 0x18, 0xc0, 0x72, 0xe0,
	0x82, 0xe0, 0x82, 0xe0, 0x82, 0xe0, 0x82, 0xe0, 0x8a, 0x62, 0xdd, 0xe0, 0xfe, 0xe0, 0xfe, 0x01, 0xff, 0x84, 0xcd, 0x05,
	0x73, 0x61, 0x10, 0x30, 0x3e, 0x02, 0x41, 0x08, 0x61, 0x08, 0x31, 0x20, 0x03, 0x61, 0x31, 0xe2, 0x6a, 0x62, 0x39, 0x31,
	0x24, 0x0c, 0x61, 0x31, 0xe2, 0x72, 0xe1, 0x7a, 0x00, 0x8b, 0xe0, 0x82, 0xc0, 0x82, 0x20, 0x9b, 0x21, 0xff, 0x22, 0xff,
	0xa4, 0xdd, 0x02, 0x5a, 0x41, 0x10, 0x31, 0x3d, 0x03, 0x62, 0x39, 0xe2, 0x72, 0x62, 0x39, 0x32, 0x20, 0x05, 0xa1, 0x6a,
	0x20, 0x8b, 0x00, 0x7b, 0xc1, 0x41, 0xa1, 0x18, 0x32, 0x26, 0x08, 0x01, 0x29, 0x41, 0x62, 0x21, 0x8b, 0xc0, 0x82, 0xe4,
	0xc4, 0xc4, 0xd5, 0x24, 0x7b, 0x21, 0x08, 0x32, 0x3b, 0x05, 0x81, 0x10, 0xc1, 0x41, 0x01, 0x8b, 0x00, 0x8b, 0x81, 0x72,
	0x33, 0x1f, 0x07, 0x81, 0x18, 0xc1, 0x82, 0x00, 0x83, 0xe0, 0x82, 0x20, 0x8b, 0xa1, 0x72, 0x02, 0x29, 0x33, 0x28, 0x04,
	0xa1, 0x18, 0x61, 0x39, 0x44, 0x52, 0x82, 0x10, 0x33, 0x3a, 0x07, 0x02, 0x29, 0x81, 0x72, 0x20, 0x8b, 0xe0, 0x82, 0xe0,
	0x8a, 0xc1, 0x7a, 0x81, 0x18, 0x34, 0x1f, 0x07, 0xc2, 0x49, 0x20, 0x8b, 0xe0, 0x82, 0x00, 0x83, 0xa0, 0x7a, 0x21, 0xb4,
	0x26, 0xbd, 0x34, 0x3a, 0x07, 0x05, 0xc5, 0x41, 0xbc, 0xa0, 0x82, 0x00, 0x83, 0xe0, 0x82, 0x00, 0x8b, 0xe2, 0x51, 0x35,
	0x1e, 0x09, 0x20, 0x08, 0x21, 0x5a, 0x00, 0x8b, 0xe0, 0x82, 0x00, 0x83, 0x80, 0x7a, 0x01, 0xcd, 0x63, 0xff, 0x04, 0x52,
	0x35, 0x39, 0x09, 0x04, 0x4a, 0x42, 0xff, 0x22, 0xd5, 0xa0, 0x82, 0x00, 0x83, 0xe0, 0x82, 0x00, 0x8b, 0x41, 0x62, 0x20,
	0x08, 0x36, 0x1e, 0x0a, 0xe1, 0x20, 0x41, 0x8b, 0xe0, 0x82, 0x00, 0x83, 0x00, 0x83, 0xa0, 0x82, 0xe1, 0xcc, 0x60, 0xff,
	0x44, 0xcd, 0x61, 0x10, 0x36, 0x38, 0x0a, 0x21, 0x00, 0x24, 0xcd, 0x60, 0xff, 0x21, 0xd5, 0xa0, 0x8a, 0xe0, 0x82, 0xe0,
	0x82, 0xe0, 0x82, 0x21, 0x83, 0xc1, 0x20, 0x37, 0x1e, 0x0a, 0x82, 0x39, 0x20, 0x8b, 0xe0, 0x82, 0x00, 0x83, 0xc0, 0x82,
	0xa1, 0xa3, 0xc1, 0xfe, 0xc0, 0xfe, 0x22, 0xff, 0x24, 0x52, 0x37, 0x38, 0x0a, 0x03, 0x52, 0x02, 0xff, 0xc0, 0xfe, 0xa1,
	0xfe, 0x61, 0x9b, 0xc0, 0x82, 0xe0, 0x82, 0xe0, 0x82, 0x20, 0x83, 0x61, 0x39, 0x38, 0x1e, 0x0b, 0xa2, 0x72, 0x00, 0x8b,
	0xe0, 0x82, 0x00, 0x83, 0xc0, 0x82, 0xc1, 0xb3, 0x00, 0xff, 0xc0, 0xfe, 0xc0, 0xfe, 0x83, 0xee, 0x43, 0x29, 0x38, 0x37,
	0x0b, 0x43, 0x31, 0xc4, 0xf6, 0xc0, 0xfe, 0xc0, 0xfe, 0x00, 0xff, 0xc1, 0xab, 0xc0, 0x82, 0x00, 0x83, 0xe0, 0x82, 0x00,
	0x83, 0xa2, 0x6a, 0x39, 0x1d, 0x0c, 0xa1, 0x18, 0xe0, 0x7a, 0x00, 0x8b, 0xe0, 0x8a, 0x00, 0x83, 0xa0, 0x82, 0xa3, 0xe5,
	0x20, 0xff, 0xe0, 0xfe, 0xa0, 0xfe, 0x40, 0xff, 0xa4, 0x8b, 0x39, 0x37, 0x0c, 0x04, 0x94, 0x41, 0xff, 0xa0, 0xfe, 0xc0,
	0xfe, 0x20, 0xff, 0xe2, 0xdd, 0xa0, 0x7a, 0x00, 0x83, 0x00, 0x83, 0x00, 0x83, 0xe1, 0x6a, 0xa1, 0x10, 0x3a, 0x1d, 0x0d,
	0xa1, 0x41, 0x20, 0x8b, 0xc0, 0x82, 0xe0, 0x82, 0xe0, 0x82, 0x00, 0x93, 0x21, 0xee, 0x00, 0xff, 0xc0, 0xfe, 0xc0, 0xfe,
	0xe0, 0xfe, 0x43, 0xee, 0xc2, 0x20, 0x3a, 0x36, 0x0d, 0xe2, 0x20, 0xa3, 0xf6, 0xe0, 0xfe, 0xc0, 0xfe, 0xc0, 0xfe, 0x00,
	0xff, 0x41, 0xee, 0x20, 0x8b, 0xe0, 0x82, 0x00, 0x83, 0xe0, 0x82, 0x40, 0x83, 0x82, 0x39, 0x3b, 0x1c, 0x0e, 0x40, 0x08,
	0x41, 0x62, 0xe0, 0x8a, 0xc0, 0x82, 0xe0, 0x82, 0x80, 0x7a, 0xa2, 0xbc, 0x20, 0xff, 0xc0, 0xfe, 0xc0, 0xfe, 0xc0, 0xfe,
	0xa0, 0xfe, 0x40, 0xff, 0x24, 0x9c, 0x3b, 0x36, 0x0e, 0x82, 0x93, 0x40, 0xff, 0xa0, 0xfe, 0xc0, 0xfe, 0xc0, 0xfe, 0xc0,
	0xfe, 0x20, 0xff, 0x80, 0xbc, 0xc0, 0x7a, 0x00, 0x83, 0x00, 0x83, 0x20, 0x8b, 0x21, 0x62, 0x40, 0x08, 0x3c, 0x1c, 0x0f,
	0x60, 0x08, 0xe0, 0x7a, 0xe0, 0x82, 0xc0, 0x82, 0x00, 0x83, 0x60, 0x7a, 0x62, 0xbc, 0x20, 0xff, 0xc0, 0xfe, 0xc0, 0xfe,
	0xc0, 0xfe, 0xc0, 0xfe, 0xc0, 0xfe, 0x83, 0xee, 0x64, 0x5a, 0x3c, 0x35, 0x0f, 0x44, 0x5a, 0x62, 0xee, 0xe0, 0xfe, 0xc0,
	0xfe, 0xc0, 0xfe, 0xc0, 0xfe, 0xc0, 0xfe, 0x00, 0xff, 0x40, 0xb4, 0xa0, 0x7a, 0x00, 0x83, 0x00, 0x83, 0xe0, 0x82, 0x21,
	0x83, 0xa1, 0x18, 0x3d, 0x1c, 0x10, 0xa1, 0x41, 0xe0, 0x7a, 0xc0, 0x82, 0xe0, 0x82, 0xe0, 0x82, 0xe0, 0x92, 0xc0, 0xe5,
	0x00, 0xff, 0xc0, 0xfe, 0xc0, 0xfe, 0xc0, 0xfe, 0xc0, 0xfe, 0xa0, 0xfe, 0x20, 0xff, 0x04, 0xe6, 0x21, 0x08, 0x3d, 0x34,
	0x10, 0x21, 0x08, 0x24, 0xe6, 0x00, 0xff, 0xa0, 0xfe, 0xc0, 0xfe, 0xc0, 0xfe, 0xc0, 0xfe, 0xc0, 0xfe, 0xe0, 0xfe, 0xa1,
	0xe5, 0x00, 0x93, 0xe0, 0x82, 0x00, 0x83, 0xe0, 0x82, 0x00, 0x83, 0xa1, 0x41, 0x3e, 0x1c, 0x10, 0xa2, 0x6a, 0x00, 0x83,
	0xe0, 0x82, 0xe0, 0x82, 0xc0, 0x7a, 0x00, 0x93, 0xa0, 0xfe, 0xe0, 0xfe, 0xc0, 0xfe, 0xc0, 0xfe, 0xc0, 0xfe, 0xc0, 0xfe,
	0xc0, 0xfe, 0xa0, 0xfe, 0x21, 0xff, 0x04, 0x73, 0x3e, 0x34, 0x10, 0x05, 0x6b, 0x22, 0xff, 0xa0, 0xfe, 0xc0, 0xfe, 0xc0,
	0xfe, 0xc0, 0xfe, 0xc0, 0xfe, 0xc0, 0xfe, 0xc0, 0xfe, 0xe2, 0xfe, 0x41, 0x93, 0xc0, 0x82, 0x00, 0x83, 0xe0, 0x82, 0x00,
	0x8b, 0x61, 0x6a, 0x3f, 0x1b, 0x12, 0xe2, 0x20, 0xe1, 0x72, 0x00, 0x83, 0xe0, 0x82, 0xe0, 0x82, 0xc0, 0x7a, 0xc2, 0xc4,
	0xc0, 0xfe, 0xc0, 0xfe, 0xc0, 0xfe, 0xc0, 0xfe, 0xc0, 0xfe, 0xc0, 0xfe, 0xc0, 0xfe, 0xa0, 0xfe, 0x00, 0xff, 0xe4, 0xdd,
	0xa2, 0x18, 0x3f, 0x33, 0x12, 0x82, 0x10, 0xe5, 0xdd, 0x00, 0xff, 0xc0, 0xfe, 0xc0, 0xfe, 0xc0, 0xfe, 0xc0, 0xfe, 0xc0,
	0xfe, 0xc0, 0xfe, 0xc0, 0xfe, 0xe1, 0xfe, 0xa2, 0xc4, 0xc0, 0x82, 0xe0, 0x82, 0xe0, 0x82, 0x00, 0x83, 0xe0, 0x7a, 0xe1,
	0x20, 0x40, 0x1b, 0x12, 0x61, 0x39, 0x40, 0x8b, 0xe0, 0x82, 0xe0, 0x7a, 0x00, 0x7b, 0x80, 0x7a, 0xc2, 0xe5, 0x00, 0xff,
	0xc0, 0xfe, 0xc0, 0xfe, 0xc0, 0xfe, 0xc0, 0xfe, 0xc0, 0xfe, 0xc0, 0xfe, 0xc0, 0xfe, 0xa0, 0xfe, 0x41, 0xff, 0x24, 0x7b,
	0x40, 0x33, 0x12, 0x24, 0x7b, 0x41, 0xff, 0xc0, 0xfe, 0xc0, 0xfe, 0xc0, 0xfe, 0xc0, 0xfe, 0xc0, 0xfe, 0xc0, 0xfe, 0xc0,
	0xfe, 0xc0, 0xfe, 0x20, 0xff, 0xa1, 0xe5, 0x80, 0x82, 0xe0, 0x82, 0xe0, 0x82, 0xe0, 0x82, 0x40, 0x93, 0x81, 0x41, 0x41,
	0x1b, 0x13, 0x81, 0x62, 0x00, 0x83, 0xe0, 0x82, 0x00, 0x83, 0xc0, 0x7a, 0xe2, 0xa3, 0xc1, 0xfe, 0xc0, 0xfe, 0xc0, 0xfe,
	0xc0, 0xfe, 0xc0, 0xfe, 0xc0, 0xfe, 0xc0, 0xfe, 0xc0, 0xfe, 0xc0, 0xfe, 0xc0, 0xfe, 0xa0, 0xfe, 0x02, 0xff, 0xe3, 0x41,
	0x41, 0x32, 0x14, 0xe3, 0x49, 0x43, 0xff, 0xc0, 0xfe, 0xc0, 0xfe, 0xc0, 0xfe, 0xc0, 0xfe, 0xc0, 0xfe, 0xc0, 0xfe, 0xc0,
	0xfe, 0xc0, 0xfe, 0xc0, 0xfe, 0xc0, 0xfe, 0xa0, 0xfe, 0xe1, 0xa3, 0xc0, 0x7a, 0x00, 0x83, 0xe0, 0x82, 0x00, 0x8b, 0x82,
	0x62, 0x21, 0x00, 0x42, 0x1a, 0x14, 0x41, 0x31, 0x20, 0x83, 0xe0, 0x82, 0xe0, 0x82, 0xe0, 0x82, 0x80, 0x7a, 0x42, 0xb4,
	0x41, 0xff, 0xc0, 0xfe, 0xc0, 0xfe, 0xc0, 0xfe, 0xc0, 0xfe, 0xc0, 0xfe, 0xc0, 0xfe, 0xc0, 0xfe, 0xc0, 0xfe, 0xc0, 0xfe,
	0xa0, 0xfe, 0x20, 0xff, 0xc4, 0xac, 0x42, 0x32, 0x14, 0xc4, 0xb4, 0x20, 0xff, 0xa0, 0xfe, 0xc0, 0xfe, 0xc0, 0xfe, 0xc0,
	0xfe, 0xc0, 0xfe, 0xc0, 0xfe, 0xc0, 0xfe, 0xc0, 0xfe, 0xc0, 0xfe, 0xc0, 0xfe, 0x20, 0xff, 0x41, 0xb4, 0xa0, 0x7a, 0x00,
	0x83, 0xe0, 0x82, 0xe0, 0x82, 0x00, 0x83, 0x41, 0x31, 0x43, 0x1a, 0x15, 0x41, 0x5a, 0x20, 0x8b, 0xe0, 0x7a, 0xe0, 0x82,
	0xe0, 0x82, 0xa0, 0x82, 0xa1, 0xc4, 0x20, 0xff, 0xc0, 0xfe, 0xc0, 0xfe, 0xc0, 0xfe, 0xc0, 0xfe, 0xc0, 0xfe, 0xc0, 0xfe,
	0xc0, 0xfe, 0xc0, 0xfe, 0xc0, 0xfe, 0xa0, 0xfe, 0xa0, 0xfe, 0x22, 0xff, 0x03, 0x4a, 0x43, 0x31, 0x15, 0x24, 0x4a, 0x63,
	0xff, 0xc0, 0xfe, 0xa0, 0xfe, 0xc0, 0xfe, 0xc0, 0xfe, 0xc0, 0xfe, 0xc0, 0xfe, 0xc0, 0xfe, 0xc0, 0xfe, 0xc0, 0xfe, 0xc0,
	0xfe, 0xa0, 0xfe, 0x00, 0xff, 0xc1, 0xc4, 0xc0, 0x7a, 0x00, 0x83, 0xe0, 0x82, 0xe0, 0x82, 0x00, 0x8b, 0x61, 0x62, 0x44,
	0x19, 0x16, 0xa1, 0x20, 0xa1, 0x72, 0x00, 0x83, 0xe0, 0x82, 0x00, 0x83, 0xc0, 0x82, 0x00, 0x8b, 0xa2, 0xfe, 0xe0, 0xfe,
	0xc0, 0xfe, 0xc0, 0xfe, 0xc0, 0xfe, 0xc0, 0xfe, 0xc0, 0xfe, 0xc0, 0xfe, 0xc0, 0xfe, 0xa0, 0xfe, 0xc0, 0xfe, 0x20, 0xff,
	0x02, 0xff, 0x05, 0xb5, 0x65, 0x52, 0x44, 0x31, 0x16, 0x65, 0x52, 0x03, 0xb5, 0x42, 0xff, 0x20, 0xff, 0xc0, 0xfe, 0xc0,
	0xfe, 0xc0, 0xfe, 0xc0, 0xfe, 0xc0, 0xfe, 0xc0, 0xfe, 0xc0, 0xfe, 0xc0, 0xfe, 0xc0, 0xfe, 0xe0, 0xfe, 0x82, 0xfe, 0x01,
	0x8b, 0xe0, 0x82, 0x00, 0x83, 0xe0, 0x82, 0x00, 0x83, 0xc1, 0x72, 0xa1, 0x18, 0x45, 0x19, 0x15, 0x41, 0x41, 0x20, 0x93,
	0xc0, 0x82, 0xe0, 0x82, 0x00, 0x83, 0xc0, 0x7a, 0xc1, 0xab, 0xc1, 0xfe, 0xe0, 0xfe, 0xc0, 0xfe, 0xc0, 0xfe, 0xc0, 0xfe,
	0xc0, 0xfe, 0xc0, 0xfe, 0xa0, 0xfe, 0xc0, 0xfe, 0x20, 0xff, 0xe2, 0xfe, 0xa2, 0xb4, 0x03, 0x4a, 0x21, 0x00, 0x45, 0x32,
	0x15, 0x01, 0x00, 0x03, 0x4a, 0xc3, 0xbc, 0xc1, 0xfe, 0x40, 0xff, 0xc0, 0xfe, 0xa0, 0xfe, 0xc0, 0xfe, 0xc0, 0xfe, 0xa0,
	0xfe, 0xc0, 0xfe, 0xc0, 0xfe, 0xe0, 0xfe, 0xa1, 0xfe, 0xe1, 0xab, 0xe0, 0x82, 0x00, 0x83, 0x00, 0x83, 0xe0, 0x82, 0x20,
	0x8b, 0x21, 0x39, 0x46, 0x19, 0x12, 0x21, 0x62, 0xe0, 0x8a, 0xc0, 0x82, 0xe0, 0x82, 0x00, 0x83, 0xa0, 0x7a, 0x82, 0xd5,
	0x00, 0xff, 0xc0, 0xfe, 0xc0, 0xfe, 0xc0, 0xfe, 0xc0, 0xfe, 0xc0, 0xfe, 0xa0, 0xfe, 0x20, 0xff, 0x03, 0xff, 0x25, 0xbd,
	0x44, 0x52, 0x46, 0x35, 0x12, 0x44, 0x5a, 0x24, 0xbd, 0x01, 0xff, 0x00, 0xff, 0xa0, 0xfe, 0xc0, 0xfe, 0xc0, 0xfe, 0xc0,
	0xfe, 0xc0, 0xfe, 0xc0, 0xfe, 0x00, 0xff, 0xc3, 0xe5, 0xc0, 0x82, 0x00, 0x83, 0x00, 0x83, 0xe0, 0x82, 0x00, 0x8b, 0x21,
	0x62, 0x47, 0x18, 0x12, 0x40, 0x08, 0xc1, 0x7a, 0xe0, 0x82, 0xe0, 0x82, 0xe0, 0x82, 0x00, 0x83, 0x80, 0x7a, 0x41, 0xd5,
	0x20, 0xff, 0xc0, 0xfe, 0xc0, 0xfe, 0xc0, 0xfe, 0xa0, 0xfe, 0xe0, 0xfe, 0x01, 0xff, 0x25, 0xbd, 0x04, 0x4a, 0x21, 0x00,
	0x47, 0x36, 0x11, 0x21, 0x08, 0x03, 0x4a, 0x25, 0xbd, 0x01, 0xff, 0xe0, 0xfe, 0xa0, 0xfe, 0xc0, 0xfe, 0xc0, 0xfe, 0xc0,
	0xfe, 0x00, 0xff, 0x81, 0xdd, 0xa0, 0x8a, 0x00, 0x83, 0xe0, 0x82, 0xe0, 0x82, 0x00, 0x83, 0x01, 0x7b, 0x48, 0x18, 0x10,
	0x62, 0x31, 0x00, 0x7b, 0xe0, 0x82, 0xe0, 0x82, 0xe0, 0x82, 0xc0, 0x82, 0xc1, 0xa3, 0x82, 0xf6, 0xe0, 0xfe, 0xc0, 0xfe,
	0xa0, 0xfe, 0xc0, 0xfe, 0x21, 0xff, 0xc3, 0xf6, 0xc5, 0x93, 0x01, 0x00, 0x48, 0x39, 0x0f, 0xc5, 0x8b, 0xe3, 0xfe, 0x21,
	0xff, 0xc0, 0xfe, 0xa0, 0xfe, 0xc0, 0xfe, 0xe0, 0xfe, 0x81, 0xf6, 0x81, 0xa3, 0xc0, 0x82, 0x00, 0x83, 0xe0, 0x82, 0xe0,
	0x82, 0x00, 0x7b, 0x42, 0x31, 0x49, 0x18, 0x0e, 0x22, 0x52, 0x20, 0x83, 0xc0, 0x82, 0xe0, 0x82, 0x00, 0x83, 0xa0, 0x7a,
	0x41, 0xbc, 0x21, 0xff, 0xa0, 0xfe, 0x00, 0xff, 0x41, 0xff, 0x43, 0xf6, 0x25, 0x9c, 0x22, 0x31, 0x49, 0x3a, 0x0e, 0x42,
	0x31, 0x25, 0x9c, 0x84, 0xf6, 0x40, 0xff, 0xe0, 0xfe, 0x80, 0xfe, 0x21, 0xff, 0x02, 0xb4, 0xa0, 0x82, 0x00, 0x83, 0xe0,
	0x82, 0xe0, 0x82, 0x20, 0x83, 0xc1, 0x41, 0x4a, 0x17, 0x0d, 0x81, 0x10, 0x21, 0x73, 0x20, 0x83, 0xe0, 0x82, 0xe0, 0x82,
	0xe0, 0x82, 0xc0, 0x8a, 0x82, 0xe5, 0xe0, 0xfe, 0x40, 0xff, 0x21, 0xee, 0xc3, 0x93, 0x22, 0x29, 0x4a, 0x3c, 0x0d, 0x43,
	0x29, 0x03, 0x9c, 0x21, 0xe6, 0x40, 0xff, 0x00, 0xff, 0xa2, 0xe5, 0xc0, 0x92, 0xe0, 0x82, 0xe0, 0x82, 0xe0, 0x82, 0x20,
	0x8b, 0x01, 0x7b, 0xc1, 0x18, 0x4b, 0x17, 0x0b, 0x80, 0x10, 0xa2, 0x39, 0x22, 0x52, 0x21, 0x8b, 0x00, 0x8b, 0xe0, 0x82,
	0x00, 0x93, 0xa2, 0xfe, 0xa3, 0xfe, 0x05, 0x94, 0x02, 0x29, 0x4b, 0x3e, 0x0b, 0x02, 0x21, 0x04, 0x94, 0xc2, 0xfe, 0xe2,
	0xfe, 0x00, 0x9b, 0x00, 0x8b, 0x20, 0x83, 0x20, 0x83, 0x21, 0x5a, 0xc2, 0x41, 0x81, 0x10, 0x4c, 0x1a, 0x06, 0xe1, 0x20,
	0x42, 0x62, 0x40, 0x6a, 0x45, 0xa4, 0x66, 0xa4, 0x22, 0x29, 0x4c, 0x40, 0x06, 0x22, 0x29, 0x46, 0x9c, 0x44, 0xac, 0x61,
	0x6a, 0x42, 0x5a, 0xe1, 0x20, 0x4d, 0x1c, 0x02, 0x61, 0x08, 0xa2, 0x18, 0x4d, 0x42, 0x02, 0xa2, 0x18, 0x41, 0x08, 0x16,
	0x2e, 0x02, 0xa2, 0x41, 0x61, 0x10, 0x17, 0x2d, 0x04, 0x00, 0x29, 0x40, 0x72, 0xe0, 0x59, 0x81, 0x18, 0x18, 0x2c, 0x06,
	0x40, 0x08, 0xe0, 0x59, 0x20, 0x6a, 0x40, 0x6a, 0x00, 0x5a, 0xc1, 0x20, 0x19, 0x2c, 0x07, 0x01, 0x29, 0x40, 0x6a, 0x00,
	0x6a, 0xe0, 0x61, 0xe0, 0x82, 0x67, 0xc5, 0x21, 0x00, 0x1a, 0x2c, 0x07, 0xc1, 0x49, 0x40, 0x6a, 0x20, 0x6a, 0xe0, 0x61,
	0x42, 0xb4, 0x82, 0xff, 0xc4, 0x62, 0x1b, 0x2b, 0x09, 0x60, 0x10, 0x00, 0x5a, 0x20, 0x6a, 0x00, 0x6a, 0x41, 0x72, 0x22,
	0xf6, 0x20, 0xff, 0xa5, 0xcd, 0x61, 0x10, 0x1c, 0x2b, 0x09, 0x61, 0x39, 0x60, 0x6a, 0x00, 0x6a, 0x00, 0x6a, 0x01, 0x8b,
	0x81, 0xfe, 0xc0, 0xfe, 0x21, 0xff, 0x64, 0x5a, 0x1d, 0x2a, 0x0b, 0x41, 0x08, 0x21, 0x62, 0x20, 0x6a, 0x20, 0x6a, 0xa0,
	0x61, 0x22, 0xcd, 0x40, 0xff, 0xa0, 0xfe, 0x00, 0xff, 0xc4, 0xd5, 0x21, 0x00, 0x1e, 0x2a, 0x0b, 0xa0, 0x20, 0x20, 0x62,
	0x20, 0x6a, 0x20, 0x6a, 0x40, 0x72, 0xa2, 0xe5, 0x00, 0xff, 0xc0, 0xfe, 0xa0, 0xfe, 0x21, 0xff, 0xc3, 0x6a, 0x1f, 0x2a,
	0x0c, 0xa1, 0x49, 0x20, 0x6a, 0x20, 0x6a, 0xc0, 0x61, 0xa3, 0x9b, 0x22, 0xff, 0xc0, 0xfe, 0xc0, 0xfe, 0xc0, 0xfe, 0x00,
	0xff, 0xa3, 0xdd, 0x02, 0x21, 0x20, 0x29, 0x0d, 0xa1, 0x18, 0x20, 0x62, 0x00, 0x6a, 0x00, 0x6a, 0x00, 0x6a, 0x03, 0xe6,
	0xe0, 0xfe, 0xe0, 0xfe, 0xc0, 0xfe, 0xc0, 0xfe, 0xa0, 0xfe, 0x60, 0xff, 0xe5, 0xbc, 0x21, 0x29, 0x0e, 0x81, 0x41, 0x20,
	0x6a, 0x00, 0x6a, 0x00, 0x6a, 0x81, 0x82, 0x61, 0xf6, 0xe0, 0xfe, 0xc0, 0xfe, 0xc0, 0xfe, 0xc0, 0xfe, 0xc0, 0xfe, 0xc0,
	0xfe, 0xc3, 0xf6, 0xa3, 0x41, 0x22, 0x29, 0x0e, 0x01, 0x5a, 0x00, 0x6a, 0x20, 0x6a, 0xc0, 0x61, 0xc2, 0xc4, 0x20, 0xff,
	0xc0, 0xfe, 0xc0, 0xfe, 0xc0, 0xfe, 0xc0, 0xfe, 0xc0, 0xfe, 0xa0, 0xfe, 0x21, 0xff, 0x85, 0xac, 0x23, 0x28, 0x10, 0x01,
	0x29, 0x20, 0x62, 0x00, 0x6a, 0xe0, 0x61, 0xc1, 0x82, 0x81, 0xf6, 0x00, 0xff, 0xe0, 0xfe, 0xc0, 0xfe, 0xc0, 0xfe, 0xc0,
	0xfe, 0xc0, 0xfe, 0xc0, 0xfe, 0xc0, 0xfe, 0x03, 0xff, 0x83, 0x31, 0x24, 0x27, 0x11, 0x20, 0x08, 0xc1, 0x51, 0x20, 0x6a,
	0x00, 0x6a, 0xc0, 0x69, 0x41, 0x93, 0x20, 0xff, 0xe0, 0xfe, 0xe0, 0xfe, 0xc0, 0xfe, 0xc0, 0xfe, 0xc0, 0xfe, 0xc0, 0xfe,
	0xc0, 0xfe, 0xa0, 0xfe, 0x40, 0xff, 0xc5, 0xb4, 0x25, 0x27, 0x12, 0x02, 0x21, 0x41, 0x62, 0x00, 0x6a, 0x00, 0x6a, 0xe0,
	0x71, 0xa3, 0xdd, 0x00, 0xff, 0xc0, 0xfe, 0xe0, 0xfe, 0xc0, 0xfe, 0xc0, 0xfe, 0xc0, 0xfe, 0xc0, 0xfe, 0xc0, 0xfe, 0xc0,
	0xfe, 0xc0, 0xfe, 0xe2, 0xf6, 0xa3, 0x39, 0x26, 0x27, 0x12, 0xc1, 0x49, 0x20, 0x62, 0x00, 0x6a, 0x00, 0x6a, 0x01, 0x72,
	0x03, 0xee, 0xe0, 0xfe, 0xc0, 0xfe, 0xe0, 0xfe, 0xc0, 0xfe, 0xc0, 0xfe, 0xc0, 0xfe, 0xc0, 0xfe, 0xc0, 0xfe, 0xc0, 0xfe,
	0xc0, 0xfe, 0x40, 0xff, 0xa5, 0xac, 0x27, 0x26, 0x14, 0x60, 0x10, 0x00, 0x5a, 0x20, 0x62, 0x20, 0x6a, 0xa0, 0x61, 0xe2,
	0xab, 0x01, 0xff, 0xc0, 0xfe, 0xc0, 0xfe, 0xe0, 0xfe, 0xe0, 0xfe, 0xc0, 0xfe, 0xc0, 0xfe, 0xc0, 0xfe, 0xc0, 0xfe, 0xc0,
	0xfe, 0xc0, 0xfe, 0xe0, 0xfe, 0xe3, 0xfe, 0x83, 0x39, 0x28, 0x26, 0x15, 0x61, 0x39, 0x40, 0x62, 0x20, 0x5a, 0x00, 0x62,
	0x61, 0x7a, 0x23, 0xee, 0x00, 0xff, 0xc0, 0xfe, 0xc0, 0xfe, 0xc0, 0xfe, 0xe0, 0xfe, 0xc0, 0xfe, 0xc0, 0xfe, 0xc0, 0xfe,
	0xc0, 0xfe, 0xc0, 0xfe, 0xc0, 0xfe, 0xa0, 0xfe, 0xc0, 0xfe, 0x64, 0xee, 0xe2, 0x20, 0x29, 0x25, 0x16, 0x81, 0x10, 0x21,
	0x5a, 0x00, 0x62, 0x20, 0x62, 0xe0, 0x61, 0xa1, 0x82, 0x02, 0xff, 0xc0, 0xfe, 0xc0, 0xfe, 0xc0, 0xfe, 0xe0, 0xfe, 0xe0,
	0xfe, 0xc0, 0xfe, 0xc0, 0xfe, 0xc0, 0xfe, 0xc0, 0xfe, 0xc0, 0xfe, 0xc0, 0xfe, 0xc0, 0xfe, 0xa0, 0xfe, 0x21, 0xff, 0x85,
	0x83, 0x2a, 0x25, 0x17, 0xa1, 0x18, 0x41, 0x62, 0x00, 0x62, 0x00, 0x62, 0xc0, 0x61, 0xe2, 0xc4, 0x00, 0xff, 0xa0, 0xfe,
	0xc0, 0xfe, 0xc0, 0xfe, 0xc0, 0xfe, 0xe0, 0xfe, 0xc0, 0xfe, 0xc0, 0xfe, 0xc0, 0xfe, 0xc0, 0xfe, 0xc0, 0xfe, 0xc0, 0xfe,
	0xc0, 0xfe, 0xc0, 0xfe, 0xe0, 0xfe, 0x43, 0xee, 0xa2, 0x18, 0x2b, 0x25, 0x17, 0xa1, 0x51, 0x00, 0x62, 0x00, 0x62, 0x00,
	0x6a, 0xc0, 0x69, 0xc2, 0xe5, 0x20, 0xff, 0xc0, 0xfe, 0xc0, 0xfe, 0xc0, 0xfe, 0xc0, 0xfe, 0xc0, 0xfe, 0xc0, 0xfe, 0xc0,
	0xfe, 0xc0, 0xfe, 0xc0, 0xfe, 0xc0, 0xfe, 0xc0, 0xfe, 0xc0, 0xfe, 0xc0, 0xfe, 0xa0, 0xfe, 0x21, 0xff, 0xa5, 0x8b, 0x2c,
	0x24, 0x19, 0xc1, 0x20, 0x00, 0x6a, 0xe0, 0x61, 0x20, 0x6a, 0xa0, 0x61, 0x22, 0x9b, 0xe2, 0xfe, 0xc0, 0xfe, 0xc0, 0xfe,
	0xc0, 0xfe, 0xc0, 0xfe, 0xc0, 0xfe, 0xc0, 0xfe, 0xc0, 0xfe, 0xc0, 0xfe, 0xc0, 0xfe, 0xc0, 0xfe, 0xc0, 0xfe, 0xa0, 0xfe,
	0xa0, 0xfe, 0xa0, 0xfe, 0xa0, 0xfe, 0x00, 0xff, 0x62, 0xee, 0xc2, 0x20, 0x2d, 0x24, 0x19, 0xa1, 0x49, 0x00, 0x6a, 0xe0,
	0x61, 0x00, 0x6a, 0x20, 0x7a, 0xa2, 0xe5, 0x20, 0xff, 0xc0, 0xfe, 0xc0, 0xfe, 0xc0, 0xfe, 0xc0, 0xfe, 0xc0, 0xfe, 0xa0,
	0xfe, 0xc0, 0xfe, 0xc0, 0xfe, 0xc0, 0xfe, 0xa0, 0xfe, 0xc0, 0xfe, 0x40, 0xff, 0x20, 0xff, 0x20, 0xff, 0x01, 0xff, 0xa3,
	0xf6, 0x24, 0xff, 0x86, 0x83, 0x2e, 0x23, 0x1a, 0x40, 0x08, 0x00, 0x62, 0xc0, 0x61, 0x00, 0x62, 0x00, 0x6a, 0x61, 0x7a,
	0xc1, 0xfe, 0xe0, 0xfe, 0xc0, 0xfe, 0xa0, 0xfe, 0xa0, 0xfe, 0xc0, 0xfe, 0xe0, 0xfe, 0xc0, 0xfe, 0xc0, 0xfe, 0x00, 0xff,
	0x41, 0xff, 0x81, 0xff, 0xc3, 0xfe, 0x03, 0xbd, 0xe4, 0xbc, 0x24, 0xbd, 0x64, 0x7b, 0xe2, 0x20, 0x02, 0x21, 0x02, 0x21,
	0x2f, 0x21, 0x01, 0xa1, 0x18, 0x2f, 0x23, 0x13, 0xe1, 0x20, 0x00, 0x62, 0x00, 0x6a, 0x00, 0x62, 0xc0, 0x61, 0x22, 0xb4,
	0xe0, 0xfe, 0xa0, 0xfe, 0xe0, 0xfe, 0x40, 0xff, 0x40, 0xff, 0x01, 0xff, 0x43, 0xee, 0x43, 0xee, 0xa3, 0xf6, 0xa4, 0xb4,
	0x63, 0x62, 0xe4, 0x62, 0xe3, 0x41, 0x2f, 0x3e, 0x01, 0xc2, 0x18, 0x30, 0x20, 0x13, 0x40, 0x08, 0xe2, 0x51, 0x61, 0x39,
	0x20, 0x08, 0xc0, 0x20, 0xa1, 0x41, 0x20, 0x62, 0xa1, 0x7a, 0xc3, 0xf6, 0x42, 0xff, 0x42, 0xff, 0xc3, 0xe5, 0x64, 0xa4,
	0xc5, 0xac, 0x44, 0x7b, 0x81, 0x10, 0x81, 0x18, 0x81, 0x18, 0x20, 0x08, 0x30, 0x3d, 0x03, 0x81, 0x41, 0xc2, 0x49, 0x20,
	0x08, 0x31, 0x20, 0x04, 0xe1, 0x28, 0x20, 0x6a, 0x20, 0x62, 0x81, 0x41, 0x31, 0x26, 0x06, 0xa1, 0x18, 0xc3, 0x49, 0x24,
	0x4a, 0xe3, 0x49, 0x23, 0x4a, 0xe2, 0x20, 0x31, 0x3c, 0x04, 0x60, 0x41, 0x20, 0x62, 0x20, 0x5a, 0xe1, 0x28, 0x32, 0x20,
	0x06, 0xc1, 0x51, 0x00, 0x62, 0x00, 0x62, 0x20, 0x6a, 0xa4, 0x6a, 0x61, 0x10, 0x32, 0x3a, 0x06, 0x61, 0x08, 0x64, 0x62,
	0x20, 0x62, 0x00, 0x62, 0x20, 0x62, 0xe1, 0x51, 0x33, 0x1f, 0x07, 0x00, 0x29, 0x00, 0x62, 0xe0, 0x61, 0xe0, 0x69, 0x60,
	0x7a, 0xe5, 0xfe, 0x03, 0x4a, 0x33, 0x3a, 0x07, 0x03, 0x4a, 0xc6, 0xfe, 0x41, 0x72, 0xe0, 0x61, 0x00, 0x6a, 0x00, 0x6a,
	0x00, 0x31, 0x34, 0x1f, 0x07, 0x41, 0x39, 0x20, 0x6a, 0x00, 0x6a, 0xc0, 0x69, 0x82, 0xbc, 0x80, 0xff, 0x24, 0xc5, 0x34,
	0x3a, 0x07, 0x25, 0xc5, 0x61, 0xff, 0x82, 0xbc, 0xe0, 0x61, 0xe0, 0x69, 0x20, 0x6a, 0x60, 0x41, 0x35, 0x1e, 0x09, 0x41,
	0x08, 0xe2, 0x51, 0x00, 0x62, 0x00, 0x6a, 0xc0, 0x69, 0x02, 0xe6, 0x00, 0xff, 0x02, 0xf7, 0x24, 0x4a, 0x35, 0x39, 0x09,
	0x04, 0x4a, 0xe3, 0xf6, 0x00, 0xff, 0x04, 0xe6, 0xc0, 0x61, 0x00, 0x6a, 0x00, 0x6a, 0x01, 0x5a, 0x61, 0x10, 0x36, 0x1e,
	0x0a, 0x21, 0x39, 0x20, 0x6a, 0x20, 0x62, 0xe0, 0x61, 0x62, 0x9b, 0xa0, 0xf6, 0xe0, 0xfe, 0x00, 0xff, 0x04, 0xc5, 0x21,
	0x00, 0x36, 0x38, 0x0a, 0x21, 0x00, 0x26, 0xc5, 0x20, 0xff, 0xc0, 0xfe, 0x81, 0xf6, 0x42, 0x93, 0xe0, 0x61, 0x00, 0x6a,
	0x20, 0x62, 0x41, 0x39, 0x37, 0x1e, 0x0a, 0xe1, 0x59, 0x20, 0x6a, 0x20, 0x62, 0xa0, 0x61, 0x22, 0xb4, 0x40, 0xff, 0xc0,
	0xfe, 0xc0, 0xfe, 0x02, 0xff, 0xe3, 0x49, 0x37, 0x38, 0x0a, 0x04, 0x4a, 0x02, 0xff, 0xa0, 0xfe, 0xa0, 0xfe, 0x60, 0xff,
	0x42, 0xb4, 0xc0, 0x61, 0x20, 0x6a, 0x00, 0x62, 0xe0, 0x51, 0x38, 0x1d, 0x0b, 0xa0, 0x20, 0x00, 0x62, 0x00, 0x6a, 0x00,
	0x62, 0x21, 0x72, 0xe3, 0xe5, 0xe0, 0xfe, 0xc0, 0xfe, 0xa0, 0xfe, 0x40, 0xff, 0x25, 0xbd, 0x38, 0x38, 0x0b, 0x25, 0xbd,
	0x00, 0xff, 0xa0, 0xfe, 0xc0, 0xfe, 0x00, 0xff, 0xc2, 0xe5, 0x20, 0x72, 0x00, 0x6a, 0x00, 0x6a, 0x20, 0x5a, 0xa1, 0x18,
	0x39, 0x1d, 0x0c, 0x81, 0x49, 0x20, 0x6a, 0x00, 0x6a, 0xe0, 0x61, 0xa2, 0xa3, 0x01, 0xff, 0xc0, 0xfe, 0xc0, 0xfe, 0xc0,
	0xfe, 0xc0, 0xfe, 0x01, 0xff, 0xa6, 0x8b, 0x39, 0x37, 0x0c, 0xa6, 0x8b, 0x01, 0xff, 0xa0, 0xfe, 0xc0, 0xfe, 0xc0, 0xfe,
	0xe0, 0xfe, 0xe1, 0xfe, 0xc3, 0xa3, 0xe0, 0x69, 0x20, 0x6a, 0x40, 0x6a, 0x81, 0x41, 0x3a, 0x1c, 0x0e, 0xa0, 0x18, 0x20,
	0x62, 0x00, 0x62, 0x20, 0x6a, 0xa0, 0x61, 0x63, 0xdd, 0x20, 0xff, 0xc0, 0xfe, 0xc0, 0xfe, 0xc0, 0xfe, 0xc0, 0xfe, 0xe0,
	0xfe, 0xa4, 0xfe, 0x02, 0x29, 0x3a, 0x36, 0x0e, 0x03, 0x21, 0xe4, 0xf6, 0xe0, 0xfe, 0xc0, 0xfe, 0xc0, 0xfe, 0xc0, 0xfe,
	0xa0, 0xfe, 0x00, 0xff, 0x83, 0xdd, 0xa0, 0x61, 0x20, 0x72, 0x20, 0x6a, 0x20, 0x6a, 0xa0, 0x18, 0x3b, 0x1c, 0x0e, 0x80,
	0x49, 0x20, 0x6a, 0x00, 0x62, 0xe0, 0x61, 0x81, 0x8a, 0x21, 0xee, 0xe0, 0xfe, 0xc0, 0xfe, 0xc0, 0xfe, 0xc0, 0xfe, 0xc0,
	0xfe, 0xa0, 0xfe, 0x20, 0xff, 0x04, 0x9c, 0x3b, 0x36, 0x0e, 0x05, 0x9c, 0x60, 0xff, 0xa0, 0xfe, 0xc0, 0xfe, 0xc0, 0xfe,
	0xc0, 0xfe, 0xc0, 0xfe, 0xc0, 0xfe, 0x41, 0xee, 0xa1, 0x82, 0xe0, 0x61, 0x20, 0x6a, 0x20, 0x6a, 0xc0, 0x49, 0x3c, 0x1c,
	0x0f, 0xc1, 0x51, 0x20, 0x6a, 0x00, 0x62, 0xc0, 0x69, 0xa1, 0xc4, 0x20, 0xff, 0xa0, 0xfe, 0xc0, 0xfe, 0xc0, 0xfe, 0xc0,
	0xfe, 0xc0, 0xfe, 0xc0, 0xfe, 0xc0, 0xfe, 0x83, 0xee, 0x23, 0x29, 0x3c, 0x35, 0x0f, 0x23, 0x29, 0x83, 0xee, 0xe0, 0xfe,
	0xc0, 0xfe, 0xc0, 0xfe, 0xc0, 0xfe, 0xc0, 0xfe, 0xc0, 0xfe, 0xa0, 0xfe, 0x20, 0xff, 0x82, 0xc4, 0xe0, 0x69, 0x00, 0x6a,
	0x20, 0x6a, 0xc0, 0x51, 0x3d, 0x1b, 0x10, 0x01, 0x29, 0x20, 0x6a, 0x00, 0x62, 0x20, 0x62, 0x41, 0x72, 0x82, 0xf6, 0xc0,
	0xfe, 0xa0, 0xfe, 0xc0, 0xfe, 0xc0, 0xfe, 0xc0, 0xfe, 0xc0, 0xfe, 0xc0, 0xfe, 0xa0, 0xfe, 0x20, 0xff, 0x05, 0x9c, 0x3d,
	0x35, 0x10, 0x24, 0x9c, 0x40, 0xff, 0xa0, 0xfe, 0xc0, 0xfe, 0xc0, 0xfe, 0xc0, 0xfe, 0xc0, 0xfe, 0xc0, 0xfe, 0xa0, 0xfe,
	0xc0, 0xfe, 0x83, 0xf6, 0x21, 0x72, 0xe0, 0x69, 0x00, 0x6a, 0x20, 0x6a, 0x01, 0x31, 0x3e, 0x1b, 0x11, 0xe1, 0x51, 0x00,
	0x62, 0x00, 0x62, 0xe0, 0x61, 0x41, 0x9b, 0x80, 0xfe, 0xc0, 0xfe, 0xc0, 0xfe, 0xc0, 0xfe, 0xc0, 0xfe, 0xc0, 0xfe, 0xc0,
	0xfe, 0xc0, 0xfe, 0xc0, 0xfe, 0xe0, 0xfe, 0xc3, 0xf6, 0x02, 0x29, 0x3e, 0x34, 0x12, 0x22, 0x29, 0xa2, 0xf6, 0xe0, 0xfe,
	0xc0, 0xfe, 0xc0, 0xfe, 0xc0, 0xfe, 0xc0, 0xfe, 0xc0, 0xfe, 0xc0, 0xfe, 0xc0, 0xfe, 0xc0, 0xfe, 0xc0, 0xfe, 0x41, 0x9b,
	0xe0, 0x61, 0x00, 0x6a, 0x00, 0x6a, 0x01, 0x5a, 0x20, 0x08, 0x3f, 0x1a, 0x12, 0x21, 0x31, 0x20, 0x62, 0x00, 0x62, 0x20,
	0x62, 0xa0, 0x59, 0x22, 0xcd, 0x00, 0xff, 0xa0, 0xfe, 0xc0, 0xfe, 0xc0, 0xfe, 0xc0, 0xfe, 0xc0, 0xfe, 0xc0, 0xfe, 0xc0,
	0xfe, 0xc0, 0xfe, 0xa0, 0xfe, 0x40, 0xff, 0x04, 0x9c, 0x3f, 0x34, 0x12, 0x05, 0x9c, 0x61, 0xff, 0xa0, 0xfe, 0xc0, 0xfe,
	0xc0, 0xfe, 0xc0, 0xfe, 0xc0, 0xfe, 0xc0, 0xfe, 0xc0, 0xfe, 0xc0, 0xfe, 0xa0, 0xfe, 0x20, 0xff, 0x02, 0xd5, 0xa0, 0x61,
	0x20, 0x6a, 0x00, 0x62, 0x20, 0x62, 0xe1, 0x28, 0x40, 0x1a, 0x13, 0xa1, 0x49, 0x20, 0x6a, 0x00, 0x62, 0xe0, 0x61, 0x41,
	0x72, 0xc2, 0xe5, 0xe0, 0xfe, 0xc0, 0xfe, 0xc0, 0xfe, 0xc0, 0xfe, 0xc0, 0xfe, 0xc0, 0xfe, 0xc0, 0xfe, 0xc0, 0xfe, 0xc0,
	0xfe, 0xa0, 0xfe, 0xc0, 0xfe, 0xc3, 0xf6, 0x02, 0x29, 0x40, 0x33, 0x13, 0x03, 0x21, 0xa4, 0xf6, 0xc0, 0xfe, 0xc0, 0xfe,
	0xc0, 0xfe, 0xc0, 0xfe, 0xc0, 0xfe, 0xc0, 0xfe, 0xc0, 0xfe, 0xc0, 0xfe, 0xc0, 0xfe, 0xc0, 0xfe, 0x00, 0xff, 0xa1, 0xe5,
	0x40, 0x72, 0xe0, 0x61, 0x00, 0x62, 0x20, 0x62, 0x81, 0x41, 0x41, 0x19, 0x15, 0x60, 0x10, 0x20, 0x5a, 0x20, 0x62, 0x00,
	0x62, 0xa0, 0x61, 0x02, 0xac, 0x41, 0xff, 0xa0, 0xfe, 0xc0, 0xfe, 0xc0, 0xfe, 0xc0, 0xfe, 0xc0, 0xfe, 0xc0, 0xfe, 0xc0,
	0xfe, 0xc0, 0xfe, 0xc0, 0xfe, 0xc0, 0xfe, 0xc0, 0xfe, 0x00, 0xff, 0x84, 0xac, 0x41, 0x08, 0x41, 0x32, 0x15, 0x61, 0x08,
	0xa4, 0xac, 0x20, 0xff, 0xc0, 0xfe, 0xc0, 0xfe, 0xc0, 0xfe, 0xc0, 0xfe, 0xc0, 0xfe, 0xc0, 0xfe, 0xc0, 0xfe, 0xc0, 0xfe,
	0xc0, 0xfe, 0xc0, 0xfe, 0xa0, 0xfe, 0x20, 0xff, 0xe1, 0xab, 0xc0, 0x61, 0x20, 0x62, 0x20, 0x62, 0x01, 0x52, 0x60, 0x10,
	0x42, 0x19, 0x15, 0x60, 0x39, 0x40, 0x6a, 0x00, 0x62, 0xe0, 0x61, 0x00, 0x72, 0x22, 0xee, 0xe0, 0xfe, 0xc0, 0xfe, 0xc0,
	0xfe, 0xc0, 0xfe, 0xc0, 0xfe, 0xc0, 0xfe, 0xc0, 0xfe, 0xc0, 0xfe, 0xc0, 0xfe, 0xc0, 0xfe, 0xc0, 0xfe, 0xc0, 0xfe, 0xa0,
	0xfe, 0x81, 0xff, 0xe4, 0x62, 0x42, 0x32, 0x15, 0xe4, 0x6a, 0xa1, 0xff, 0xa0, 0xfe, 0xc0, 0xfe, 0xc0, 0xfe, 0xc0, 0xfe,
	0xc0, 0xfe, 0xc0, 0xfe, 0xc0, 0xfe, 0xc0, 0xfe, 0xc0, 0xfe, 0xc0, 0xfe, 0xc0, 0xfe, 0xa0, 0xfe, 0xe0, 0xfe, 0x23, 0xee,
	0xe1, 0x69, 0xe0, 0x61, 0x00, 0x62, 0x00, 0x5a, 0x41, 0x39, 0x43, 0x19, 0x16, 0x00, 0x5a, 0x00, 0x62, 0x00, 0x62, 0xe0,
	0x69, 0xa1, 0x8a, 0x61, 0xf6, 0xe0, 0xfe, 0xc0, 0xfe, 0xc0, 0xfe, 0xc0, 0xfe, 0xc0, 0xfe, 0xc0, 0xfe, 0xc0, 0xfe, 0xc0,
	0xfe, 0xc0, 0xfe, 0xc0, 0xfe, 0xc0, 0xfe, 0xc0, 0xfe, 0xa0, 0xfe, 0xe0, 0xfe, 0xe4, 0xdd, 0x61, 0x10, 0x43, 0x31, 0x17,
	0x61, 0x08, 0xe4, 0xdd, 0xe0, 0xfe, 0xc0, 0xfe, 0xc0, 0xfe, 0xc0, 0xfe, 0xc0, 0xfe, 0xc0, 0xfe, 0xc0, 0xfe, 0xc0, 0xfe,
	0xc0, 0xfe, 0xc0, 0xfe, 0xa0, 0xfe, 0xc0, 0xfe, 0xc0, 0xfe, 0xe0, 0xfe, 0x81, 0xf6, 0x81, 0x82, 0xc0, 0x61, 0xe0, 0x69,
	0x20, 0x62, 0x01, 0x5a, 0x20, 0x08, 0x44, 0x18, 0x17, 0xc1, 0x20, 0x20, 0x5a, 0x00, 0x62, 0x20, 0x6a, 0xa0, 0x61, 0xa3,
	0xc4, 0x20, 0xff, 0xa0, 0xfe, 0xc0, 0xfe, 0xc0, 0xfe, 0xc0, 0xfe, 0xc0, 0xfe, 0xc0, 0xfe, 0xc0, 0xfe, 0xc0, 0xfe, 0xc0,
	0xfe, 0xc0, 0xfe, 0xc0, 0xfe, 0xc0, 0xfe, 0xc0, 0xfe, 0xc0, 0xfe, 0x21, 0xff, 0xe5, 0x6a, 0x44, 0x31, 0x17, 0x04, 0x73,
	0x41, 0xff, 0xc0, 0xfe, 0xc0, 0xfe, 0xc0, 0xfe, 0xc0, 0xfe, 0xc0, 0xfe, 0xc0, 0xfe, 0xc0, 0xfe, 0xc0, 0xfe, 0xc0, 0xfe,
	0xc0, 0xfe, 0xc0, 0xfe, 0xc0, 0xfe, 0xc0, 0xfe, 0xc0, 0xfe, 0x20, 0xff, 0x82, 0xbc, 0x80, 0x61, 0x00, 0x6a, 0x00, 0x62,
	0x20, 0x62, 0xe0, 0x28, 0x45, 0x18, 0x31, 0xa1, 0x49, 0x20, 0x5a, 0x00, 0x5a, 0xe0, 0x61, 0xc0, 0x69, 0x42, 0xd5, 0x20,
	0xff, 0xa0, 0xfe, 0xc0, 0xfe, 0xc0, 0xfe, 0xc0, 0xfe, 0xc0, 0xfe, 0xc0, 0xfe, 0xc0, 0xfe, 0xc0, 0xfe, 0xc0, 0xfe, 0xc0,
	0xfe, 0xc0, 0xfe, 0xc0, 0xfe, 0xc0, 0xfe, 0xc0, 0xfe, 0xe0, 0xfe, 0xc4, 0xd5, 0x41, 0x08, 0x41, 0x08, 0xc3, 0xd5, 0x00,
	0xff, 0xa0, 0xfe, 0xc0, 0xfe, 0xc0, 0xfe, 0xc0, 0xfe, 0xc0, 0xfe, 0xe0, 0xfe, 0xe0, 0xfe, 0xe0, 0xfe, 0xc0, 0xfe, 0xc0,
	0xfe, 0xc0, 0xfe, 0xc0, 0xfe, 0xc0, 0xfe, 0xc0, 0xfe, 0x00, 0xff, 0x21, 0xd5, 0xe0, 0x71, 0xe0, 0x69, 0xe0, 0x61, 0x20,
	0x62, 0xa0, 0x51, 0x20, 0x08, 0x46, 0x17, 0x32, 0xc0, 0x18, 0x20, 0x5a, 0x00, 0x5a, 0x00, 0x62, 0xc0, 0x61, 0x01, 0x93,
	0x01, 0xff, 0xc0, 0xfe, 0xc0, 0xfe, 0xc0, 0xfe, 0xc0, 0xfe, 0xc0, 0xfe, 0xc0, 0xfe, 0xc0, 0xfe, 0xc0, 0xfe, 0xc0, 0xfe,
	0xc0, 0xfe, 0xc0, 0xfe, 0xa0, 0xfe, 0xa0, 0xfe, 0xa0, 0xfe, 0xc0, 0xfe, 0x00, 0xff, 0xc1, 0xff, 0xc3, 0x72, 0xa3, 0x6a,
	0xc1, 0xff, 0x00, 0xff, 0xa0, 0xfe, 0xa0, 0xfe, 0xa0, 0xfe, 0xa0, 0xfe, 0xc0, 0xfe, 0xe0, 0xfe, 0xe0, 0xfe, 0xe0, 0xfe,
	0xe0, 0xfe, 0xc0, 0xfe, 0xc0, 0xfe, 0xc0, 0xfe, 0xc0, 0xfe, 0xc0, 0xfe, 0xc0, 0xfe, 0x01, 0xff, 0x41, 0x9b, 0xa0, 0x61,
	0x00, 0x62, 0x00, 0x62, 0x20, 0x62, 0xc0, 0x20, 0x47, 0x17, 0x32, 0xa1, 0x41, 0x00, 0x5a, 0x00, 0x62, 0x00, 0x62, 0xe0,
	0x69, 0xa2, 0xdd, 0xe0, 0xfe, 0xa0, 0xfe, 0xc0, 0xfe, 0xc0, 0xfe, 0xc0, 0xfe, 0xa0, 0xfe, 0xa0, 0xfe, 0xa0, 0xfe, 0xa0,
	0xfe, 0xe0, 0xfe, 0xe0, 0xfe, 0x00, 0xff, 0x21, 0xff, 0x22, 0xff, 0x41, 0xff, 0xa2, 0xfe, 0xa4, 0xb4, 0xc4, 0xb4, 0x45,
	0xa4, 0x46, 0xa4, 0xc4, 0xac, 0xa4, 0xb4, 0xa3, 0xf6, 0x62, 0xff, 0x22, 0xff, 0x41, 0xff, 0x00, 0xff, 0x00, 0xff, 0xe0,
	0xfe, 0xc0, 0xfe, 0xc0, 0xfe, 0xa0, 0xfe, 0xa0, 0xfe, 0xc0, 0xfe, 0xc0, 0xfe, 0xc0, 0xfe, 0xc0, 0xfe, 0x00, 0xff, 0x82,
	0xdd, 0xc0, 0x61, 0x00, 0x62, 0x00, 0x62, 0x00, 0x62, 0xa0, 0x49, 0x48, 0x16, 0x17, 0x41, 0x08, 0x01, 0x5a, 0x00, 0x62,
	0x00, 0x62, 0x00, 0x62, 0x21, 0x72, 0x02, 0xee, 0xe0, 0xfe, 0xa0, 0xfe, 0xc0, 0xfe, 0xa0, 0xfe, 0xc0, 0xfe, 0x40, 0xff,
	0x40, 0xff, 0x40, 0xff, 0xe1, 0xfe, 0x23, 0xee, 0x43, 0xee, 0xe4, 0xdd, 0x83, 0x6a, 0x43, 0x52, 0x63, 0x5a, 0xc3, 0x41,
	0x48, 0x33, 0x17, 0xa3, 0x39, 0x64, 0x52, 0x43, 0x52, 0x83, 0x5a, 0xe5, 0xd5, 0x63, 0xee, 0x43, 0xe6, 0x21, 0xff, 0x60,
	0xff, 0x40, 0xff, 0x40, 0xff, 0xc0, 0xfe, 0xc0, 0xfe, 0xc0, 0xfe, 0xa0, 0xfe, 0x00, 0xff, 0x02, 0xee, 0x01, 0x6a, 0xe0,
	0x61, 0xe0, 0x61, 0x00, 0x62, 0x01, 0x62, 0x40, 0x08, 0x49, 0x16, 0x13, 0xa1, 0x18, 0xa1, 0x41, 0x20, 0x62, 0x20, 0x6a,
	0xa0, 0x61, 0x61, 0xbc, 0x40, 0xff, 0xe0, 0xfe, 0x00, 0xff, 0x02, 0xff, 0x22, 0xff, 0xc4, 0xfe, 0x43, 0xa4, 0x23, 0x9c,
	0x64, 0xa4, 0x44, 0x7b, 0x41, 0x10, 0x61, 0x10, 0x41, 0x08, 0x49, 0x37, 0x13, 0x41, 0x08, 0x61, 0x10, 0x61, 0x10, 0x45,
	0x7b, 0x64, 0xa4, 0x24, 0x9c, 0x44, 0xa4, 0xc4, 0xfe, 0x42, 0xff, 0x22, 0xff, 0x00, 0xff, 0x00, 0xff, 0x60, 0xff, 0x42,
	0xbc, 0x80, 0x61, 0x20, 0x6a, 0x20, 0x62, 0xa1, 0x41, 0xc1, 0x18, 0x4a, 0x18, 0x0a, 0xc1, 0x20, 0xa0, 0x49, 0x62, 0x6a,
	0x65, 0xcd, 0xe4, 0xd5, 0x04, 0xde, 0xa5, 0xac, 0xa3, 0x39, 0xe3, 0x41, 0x83, 0x39, 0x4a, 0x3e, 0x0a, 0x63, 0x31, 0xc3,
	0x39, 0xa3, 0x39, 0xa5, 0xac, 0x04, 0xde, 0x04, 0xd6, 0x68, 0xc5, 0x42, 0x6a, 0x81, 0x41, 0xa1, 0x18, 0x4b, 0x1a, 0x04,
	0xa1, 0x18, 0x41, 0x08, 0x01, 0x00, 0x21, 0x00, 0x4b, 0x42, 0x04, 0x21, 0x00, 0x01, 0x00, 0x41, 0x08, 0xa1, 0x18, 0x15,
	0x2f, 0x01, 0x41, 0x00, 0x16, 0x2f, 0x02, 0x42, 0x31, 0xe1, 0x20, 0x17, 0x2e, 0x03, 0x40, 0x10, 0xe2, 0x82, 0xc0, 0x59,
	0x18, 0x2e, 0x04, 0x41, 0x39, 0xa4, 0xdd, 0x63, 0xb4, 0x60, 0x18, 0x19, 0x2d, 0x05, 0x40, 0x10, 0x42, 0x8b, 0x21, 0xff,
	0x02, 0xee, 0x02, 0x5a, 0x1a, 0x2d, 0x06, 0x21, 0x41, 0xa3, 0xdd, 0xc0, 0xfe, 0x01, 0xff, 0xe2, 0xab, 0x81, 0x18, 0x1b,
	0x2c, 0x07, 0x20, 0x08, 0x42, 0x93, 0xc1, 0xfe, 0xa0, 0xfe, 0xc0, 0xfe, 0x23, 0xf6, 0xa2, 0x49, 0x1c, 0x2c, 0x08, 0x61,
	0x41, 0xc1, 0xe5, 0x00, 0xff, 0xc0, 0xfe, 0xc0, 0xfe, 0xe1, 0xfe, 0x23, 0xb4, 0x40, 0x18, 0x1d, 0x2b, 0x09, 0x60, 0x10,
	0x42, 0x8b, 0x21, 0xff, 0xc0, 0xfe, 0xc0, 0xfe, 0xc0, 0xfe, 0x00, 0xff, 0x22, 0xee, 0xc1, 0x59, 0x1e, 0x2b, 0x0a, 0x21,
	0x39, 0xa2, 0xdd, 0x00, 0xff, 0xc0, 0xfe, 0xc0, 0xfe, 0xc0, 0xfe, 0xc0, 0xfe, 0xe0, 0xfe, 0xe2, 0xab, 0xa1, 0x18, 0x1f,
	0x2a, 0x0b, 0x20, 0x08, 0x63, 0x93, 0xc2, 0xfe, 0xe0, 0xfe, 0xc0, 0xfe, 0xc0, 0xfe, 0xc0, 0xfe, 0xc0, 0xfe, 0xc0, 0xfe,
	0x42, 0xee, 0xa1, 0x51, 0x20, 0x2a, 0x0c, 0x42, 0x39, 0x83, 0xdd, 0x00, 0xff, 0xc0, 0xfe, 0xc0, 0xfe, 0xc0, 0xfe, 0xc0,
	0xfe, 0xc0, 0xfe, 0xc0, 0xfe, 0x00, 0xff, 0x02, 0xac, 0x60, 0x18, 0x21, 0x29, 0x0d, 0x40, 0x10, 0x22, 0x93, 0x01, 0xff,
	0xc0, 0xfe, 0xc0, 0xfe, 0xc0, 0xfe, 0xc0, 0xfe, 0xc0, 0xfe, 0xc0, 0xfe, 0xc0, 0xfe, 0xe0, 0xfe, 0x22, 0xee, 0xc1, 0x61,
	0x22, 0x29, 0x0e, 0x01, 0x39, 0xa4, 0xdd, 0x00, 0xff, 0xc0, 0xfe, 0xc0, 0xfe, 0xc0, 0xfe, 0xc0, 0xfe, 0xc0, 0xfe, 0xc0,
	0xfe, 0xc0, 0xfe, 0xc0, 0xfe, 0x01, 0xff, 0x03, 0xac, 0x80, 0x18, 0x23, 0x28, 0x0f, 0x40, 0x10, 0x43, 0x93, 0xc2, 0xfe,
	0xc0, 0xfe, 0xc0, 0xfe, 0xe0, 0xfe, 0xc0, 0xfe, 0xc0, 0xfe, 0xc0, 0xfe, 0xc0, 0xfe, 0xc0, 0xfe, 0xc0, 0xfe, 0xe0, 0xfe,
	0x02, 0xee, 0xe2, 0x59, 0x24, 0x28, 0x10, 0x41, 0x41, 0x83, 0xdd, 0x00, 0xff, 0xa0, 0xfe, 0xc0, 0xfe, 0xe0, 0xfe, 0xe0,
	0xfe, 0xc0, 0xfe, 0xc0, 0xfe, 0xc0, 0xfe, 0xc0, 0xfe, 0xc0, 0xfe, 0xa0, 0xfe, 0x01, 0xff, 0x02, 0xac, 0x60, 0x18, 0x25,
	0x27, 0x11, 0x20, 0x10, 0x22, 0x8b, 0xe2, 0xfe, 0xc0, 0xfe, 0xc0, 0xfe, 0xc0, 0xfe, 0xc0, 0xfe, 0xe0, 0xfe, 0xc0, 0xfe,
	0xc0, 0xfe, 0xc0, 0xfe, 0xc0, 0xfe, 0xc0, 0xfe, 0xc0, 0xfe, 0xe0, 0xfe, 0x22, 0xf6, 0xc2, 0x51, 0x26, 0x27, 0x12, 0x01,
	0x39, 0xa2, 0xdd, 0x00, 0xff, 0xc0, 0xfe, 0xc0, 0xfe, 0xc0, 0xfe, 0xc0, 0xfe, 0xe0, 0xfe, 0xc0, 0xfe, 0xc0, 0xfe, 0xc0,
	0xfe, 0xc0, 0xfe, 0xc0, 0xfe, 0xc0, 0xfe, 0xa0, 0xfe, 0xe0, 0xfe, 0x22, 0xb4, 0x60, 0x18, 0x27, 0x26, 0x13, 0x40, 0x08,
	0x43, 0x93, 0x21, 0xff, 0xc0, 0xfe, 0xc0, 0xfe, 0xc0, 0xfe, 0xc0, 0xfe, 0xe0, 0xfe, 0xe0, 0xfe, 0xc0, 0xfe, 0xc0, 0xfe,
	0xa0, 0xfe, 0xc0, 0xfe, 0xc0, 0xfe, 0xc0, 0xfe, 0xa0, 0xfe, 0x00, 0xff, 0x22, 0xee, 0xc1, 0x59, 0x28, 0x26, 0x14, 0x20,
	0x41, 0x62, 0xdd, 0x00, 0xff, 0xc0, 0xfe, 0xc0, 0xfe, 0xc0, 0xfe, 0xc0, 0xfe, 0xc0, 0xfe, 0xc0, 0xfe, 0xc0, 0xfe, 0xc0,
	0xfe, 0xc0, 0xfe, 0xc0, 0xfe, 0xc0, 0xfe, 0xc0, 0xfe, 0xc0, 0xfe, 0xa0, 0xfe, 0xe0, 0xfe, 0xc1, 0xab, 0xa1, 0x20, 0x29,
	0x25, 0x15, 0x40, 0x08, 0x43, 0x8b, 0xc1, 0xfe, 0xe0, 0xfe, 0xc0, 0xfe, 0xc0, 0xfe, 0xc0, 0xfe, 0xc0, 0xfe, 0xc0, 0xfe,
	0xc0, 0xfe, 0xc0, 0xfe, 0xc0, 0xfe, 0xc0, 0xfe, 0xc0, 0xfe, 0xc0, 0xfe, 0xc0, 0xfe, 0xc0, 0xfe, 0xc0, 0xfe, 0xc0, 0xfe,
	0x42, 0xf6, 0xc1, 0x59, 0x2a, 0x25, 0x16, 0x42, 0x31, 0x84, 0xd5, 0x00, 0xff, 0xc0, 0xfe, 0xc0, 0xfe, 0xc0, 0xfe, 0xc0,
	0xfe, 0xc0, 0xfe, 0xc0, 0xfe, 0xc0, 0xfe, 0xc0, 0xfe, 0xc0, 0xfe, 0xc0, 0xfe, 0xc0, 0xfe, 0xc0, 0xfe, 0xc0, 0xfe, 0xc0,
	0xfe, 0xc0, 0xfe, 0xc0, 0xfe, 0x00, 0xff, 0x02, 0xb4, 0x60, 0x10, 0x2b, 0x24, 0x17, 0x40, 0x10, 0x23, 0x8b, 0xe2, 0xfe,
	0xa0, 0xfe, 0xc0, 0xfe, 0xc0, 0xfe, 0xc0, 0xfe, 0xc0, 0xfe, 0xc0, 0xfe, 0xc0, 0xfe, 0xc0, 0xfe, 0xc0, 0xfe, 0xc0, 0xfe,
	0xc0, 0xfe, 0xc0, 0xfe, 0xc0, 0xfe, 0xc0, 0xfe, 0xc0, 0xfe, 0xc0, 0xfe, 0xc0, 0xfe, 0xe0, 0xfe, 0x01, 0xee, 0xe1, 0x59,
	0x2c, 0x24, 0x18, 0x00, 0x39, 0x83, 0xdd, 0xe0, 0xfe, 0xa0, 0xfe, 0xc0, 0xfe, 0xc0, 0xfe, 0xc0, 0xfe, 0xc0, 0xfe, 0xc0,
	0xfe, 0xc0, 0xfe, 0xc0, 0xfe, 0xc0, 0xfe, 0xc0, 0xfe, 0xc0, 0xfe, 0xc0, 0xfe, 0xc0, 0xfe, 0xc0, 0xfe, 0xc0, 0xfe, 0xc0,
	0xfe, 0xc0, 0xfe, 0xa0, 0xfe, 0x01, 0xff, 0xe3, 0xa3, 0x80, 0x18, 0x2d, 0x23, 0x19, 0x20, 0x08, 0x83, 0x9b, 0x22, 0xff,
	0x00, 0xff, 0x00, 0xff, 0x20, 0xff, 0x20, 0xff, 0x20, 0xff, 0x20, 0xff, 0x20, 0xff, 0x20, 0xff, 0x20, 0xff, 0x20, 0xff,
	0x20, 0xff, 0x20, 0xff, 0x20, 0xff, 0x20, 0xff, 0x20, 0xff, 0x20, 0xff, 0x20, 0xff, 0x00, 0xff, 0x00, 0xff, 0x20, 0xff,
	0x82, 0xf6, 0xe2, 0x51, 0x2e, 0x23, 0x1a, 0x01, 0x39, 0x02, 0xac, 0xc3, 0xdd, 0x62, 0xdd, 0x82, 0xdd, 0x82, 0xdd, 0x62,
	0xdd, 0x62, 0xdd, 0x62, 0xdd, 0x62, 0xdd, 0x62, 0xdd, 0x62, 0xdd, 0x62, 0xdd, 0x62, 0xdd, 0x62, 0xdd, 0x62, 0xdd, 0x62,
	0xdd, 0x62, 0xdd, 0x62, 0xdd, 0x62, 0xdd, 0x62, 0xdd, 0x83, 0xdd, 0x62, 0xd5, 0xa3, 0xd5, 0xc3, 0x9b, 0x80, 0x18, 0x2f,
	0x22, 0x1c, 0x81, 0x10, 0x01, 0x5a, 0xc0, 0x59, 0xa1, 0x59, 0xa1, 0x59, 0xa1, 0x59, 0xa1, 0x59, 0xa1, 0x59, 0xa1, 0x59,
	0xa1, 0x59, 0xa1, 0x59, 0xa1, 0x59, 0xa1, 0x59, 0xa1, 0x59, 0xa1, 0x59, 0xa1, 0x59, 0xa1, 0x59, 0xa1, 0x59, 0xa1, 0x59,
	0xa1, 0x59, 0xa1, 0x59, 0xa1, 0x51, 0xa1, 0x51, 0xa0, 0x51, 0xa1, 0x51, 0xe1, 0x59, 0x01, 0x5a, 0x60, 0x10, 0x30, 0x22,
	0x08, 0x61, 0x39, 0xa0, 0x51, 0x20, 0x08, 0x40, 0x08, 0x40, 0x08, 0x40, 0x08, 0x20, 0x08, 0x20, 0x08, 0x30, 0x2b, 0x01,
	0x20, 0x08, 0x30, 0x2e, 0x01, 0x20, 0x08, 0x30, 0x31, 0x01, 0x20, 0x08, 0x30, 0x3c, 0x02, 0xa0, 0x49, 0x41, 0x39, 0x31,
	0x21, 0x04, 0x20, 0x08, 0xa3, 0x93, 0x62, 0x93, 0x40, 0x10, 0x31, 0x3b, 0x04, 0x60, 0x18, 0x62, 0x93, 0x83, 0x93, 0x20,
	0x08, 0x32, 0x21, 0x04, 0x21, 0x41, 0xc3, 0xdd, 0x22, 0xee, 0x41, 0x41, 0x32, 0x3b, 0x04, 0x41, 0x49, 0x23, 0xee, 0xa3,
	0xdd, 0x41, 0x41, 0x33, 0x20, 0x06, 0x60, 0x10, 0x02, 0x8b, 0xa1, 0xfe, 0xc0, 0xfe, 0xc2, 0x9b, 0x40, 0x08, 0x33, 0x3a,
	0x06, 0x40, 0x08, 0x62, 0x93, 0xe1, 0xfe, 0x01, 0xff, 0x22, 0x93, 0x60, 0x10, 0x34, 0x20, 0x06, 0x21, 0x39, 0x84, 0xdd,
	0xc0, 0xfe, 0xe0, 0xfe, 0xc2, 0xe5, 0x81, 0x49, 0x34, 0x3a, 0x06, 0x81, 0x41, 0xa2, 0xdd, 0x00, 0xff, 0x00, 0xff, 0xa3,
	0xdd, 0x01, 0x31, 0x35, 0x1f, 0x08, 0x20, 0x08, 0x43, 0x8b, 0xe2, 0xfe, 0xa0, 0xfe, 0xa0, 0xfe, 0xe1, 0xfe, 0x83, 0x93,
	0x60, 0x10, 0x35, 0x39, 0x08, 0x40, 0x10, 0x63, 0x93, 0x01, 0xff, 0xc0, 0xfe, 0xc0, 0xfe, 0xe1, 0xfe, 0x43, 0x93, 0x40,
	0x10, 0x36, 0x1f, 0x08, 0x21, 0x49, 0x63, 0xdd, 0x00, 0xff, 0xa0, 0xfe, 0xc0, 0xfe, 0xe0, 0xfe, 0xe3, 0xe5, 0x41, 0x39,
	0x36, 0x39, 0x08, 0x61, 0x41, 0xe3, 0xe5, 0x00, 0xff, 0xc0, 0xfe, 0xc0, 0xfe, 0x20, 0xff, 0xc3, 0xe5, 0x61, 0x41, 0x37,
	0x1e, 0x0a, 0x40, 0x10, 0x43, 0x93, 0xe2, 0xfe, 0xa0, 0xfe, 0xa0, 0xfe, 0xc0, 0xfe, 0xc0, 0xfe, 0x01, 0xff, 0x83, 0x93,
	0x40, 0x10, 0x37, 0x38, 0x0a, 0x20, 0x08, 0xa3, 0x9b, 0x01, 0xff, 0xc0, 0xfe, 0xc0, 0xfe, 0xc0, 0xfe, 0xe0, 0xfe, 0xc1,
	0xfe, 0x42, 0x93, 0x40, 0x10, 0x38, 0x1e, 0x0a, 0x41, 0x41, 0x83, 0xdd, 0xe0, 0xfe, 0xa0, 0xfe, 0xa0, 0xfe, 0xc0, 0xfe,
	0xc0, 0xfe, 0x00, 0xff, 0xe3, 0xe5, 0x62, 0x41, 0x38, 0x38, 0x0a, 0x62, 0x41, 0xe2, 0xe5, 0xe0, 0xfe, 0xc0, 0xfe, 0xc0,
	0xfe, 0xc0, 0xfe, 0xc0, 0xfe, 0x00, 0xff, 0x62, 0xdd, 0x21, 0x41, 0x39, 0x1d, 0x0c, 0x40, 0x08, 0x42, 0x8b, 0xe2, 0xfe,
	0xa0, 0xfe, 0xa0, 0xfe, 0xa0, 0xfe, 0xc0, 0xfe, 0xc0, 0xfe, 0xc0, 0xfe, 0x01, 0xff, 0xa3, 0x93, 0x41, 0x08, 0x39, 0x37,
	0x0c, 0x60, 0x10, 0xa3, 0x93, 0x00, 0xff, 0xc0, 0xfe, 0xc0, 0xfe, 0xc0, 0xfe, 0xc0, 0xfe, 0xc0, 0xfe, 0xa0, 0xfe, 0xe2,
	0xfe, 0x23, 0x8b, 0x41, 0x08, 0x3a, 0x1d, 0x0c, 0x21, 0x39, 0xc3, 0xe5, 0xe0, 0xfe, 0xc0, 0xfe, 0xc0, 0xfe, 0xc0, 0xfe,
	0xc0, 0xfe, 0xc0, 0xfe, 0xa0, 0xfe, 0x00, 0xff, 0xa3, 0xdd, 0x62, 0x39, 0x3a, 0x37, 0x0c, 0x61, 0x39, 0xe3, 0xdd, 0x00,
	0xff, 0xa0, 0xfe, 0xc0, 0xfe, 0xc0, 0xfe, 0xc0, 0xfe, 0xc0, 0xfe, 0xa0, 0xfe, 0x00, 0xff, 0xa4, 0xdd, 0x22, 0x39, 0x3b,
	0x1c, 0x0e, 0x20, 0x08, 0x62, 0x93, 0xc1, 0xfe, 0xc0, 0xfe, 0xc0, 0xfe, 0xc0, 0xfe, 0xc0, 0xfe, 0xc0, 0xfe, 0xc0, 0xfe,
	0xc0, 0xfe, 0xa0, 0xfe, 0x22, 0xff, 0x83, 0x93, 0x40, 0x10, 0x3b, 0x36, 0x0e, 0x61, 0x10, 0x84, 0x93, 0x21, 0xff, 0xc0,
	0xfe, 0xc0, 0xfe, 0xc0, 0xfe, 0xc0, 0xfe, 0xc0, 0xfe, 0xc0, 0xfe, 0xa0, 0xfe, 0xc0, 0xfe, 0xe1, 0xfe, 0x62, 0x9b, 0x20,
	0x08, 0x3c, 0x1c, 0x0e, 0x40, 0x41, 0x83, 0xd5, 0x00, 0xff, 0xa0, 0xfe, 0xc0, 0xfe, 0xc0, 0xfe, 0xc0, 0xfe, 0xc0, 0xfe,
	0xc0, 0xfe, 0xc0, 0xfe, 0xc0, 0xfe, 0x00, 0xff, 0xe2, 0xe5, 0x61, 0x41, 0x3c, 0x36, 0x0e, 0x62, 0x39, 0xe3, 0xed, 0xe0,
	0xfe, 0xc0, 0xfe, 0xc0, 0xfe, 0xc0, 0xfe, 0xc0, 0xfe, 0xc0, 0xfe, 0xc0, 0xfe, 0xc0, 0xfe, 0xa0, 0xfe, 0x20, 0xff, 0x21,
	0xd5, 0x61, 0x41, 0x3d, 0x1b, 0x10, 0x60, 0x10, 0x01, 0x8b, 0xc1, 0xfe, 0xc0, 0xfe, 0xc0, 0xfe, 0xc0, 0xfe, 0xc0, 0xfe,
	0xc0, 0xfe, 0xc0, 0xfe, 0xc0, 0xfe, 0xc0, 0xfe, 0xc0, 0xfe, 0xa0, 0xfe, 0xe0, 0xfe, 0xe3, 0x9b, 0x20, 0x08, 0x3d, 0x35,
	0x10, 0x40, 0x08, 0xa3, 0x93, 0x00, 0xff, 0xc0, 0xfe, 0xc0, 0xfe, 0xc0, 0xfe, 0xc0, 0xfe, 0xc0, 0xfe, 0xc0, 0xfe, 0xc0,
	0xfe, 0xc0, 0xfe, 0xc0, 0xfe, 0xc0, 0xfe, 0xe1, 0xfe, 0x42, 0x93, 0x40, 0x10, 0x3e, 0x1b, 0x10, 0x21, 0x31, 0xa4, 0xdd,
	0xe0, 0xfe, 0xc0, 0xfe, 0xc0, 0xfe, 0xc0, 0xfe, 0xc0, 0xfe, 0xc0, 0xfe, 0xc0, 0xfe, 0xc0, 0xfe, 0xc0, 0xfe, 0xc0, 0xfe,
	0xa0, 0xfe, 0xe0, 0xfe, 0xc1, 0xe5, 0x82, 0x49, 0x3e, 0x35, 0x10, 0x61, 0x49, 0xa2, 0xdd, 0x00, 0xff, 0xa0, 0xfe, 0xc0,
	0xfe, 0xc0, 0xfe, 0xc0, 0xfe, 0xc0, 0xfe, 0xc0, 0xfe, 0xc0, 0xfe, 0xc0, 0xfe, 0xc0, 0xfe, 0xc0, 0xfe, 0x00, 0xff, 0xa3,
	0xe5, 0x01, 0x39, 0x3f, 0x1a, 0x12, 0x20, 0x08, 0x63, 0x8b, 0xe2, 0xfe, 0xc0, 0xfe, 0xc0, 0xfe, 0xc0, 0xfe, 0xc0, 0xfe,
	0xc0, 0xfe, 0xc0, 0xfe, 0xc0, 0xfe, 0xc0, 0xfe, 0xc0, 0xfe, 0xc0, 0xfe, 0xc0, 0xfe, 0xa0, 0xfe, 0x01, 0xff, 0xa3, 0x9b,
	0x60, 0x10, 0x3f, 0x34, 0x12, 0x60, 0x10, 0x62, 0x93, 0x01, 0xff, 0xa0, 0xfe, 0xc0, 0xfe, 0xc0, 0xfe, 0xc0, 0xfe, 0xc0,
	0xfe, 0xc0, 0xfe, 0xc0, 0xfe, 0xc0, 0xfe, 0xc0, 0xfe, 0xc0, 0xfe, 0xc0, 0xfe, 0xc0, 0xfe, 0xc1, 0xfe, 0x43, 0x8b, 0x20,
	0x08, 0x40, 0x1a, 0x12, 0x60, 0x49, 0xa1, 0xdd, 0x20, 0xff, 0xc0, 0xfe, 0xc0, 0xfe, 0xc0, 0xfe, 0xc0, 0xfe, 0xc0, 0xfe,
	0xc0, 0xfe, 0xc0, 0xfe, 0xc0, 0xfe, 0xc0, 0xfe, 0xc0, 0xfe, 0xc0, 0xfe, 0xc0, 0xfe, 0xe0, 0xfe, 0x03, 0xee, 0x41, 0x41,
	0x40, 0x34, 0x12, 0x61, 0x39, 0xe3, 0xe5, 0xe0, 0xfe, 0xc0, 0xfe, 0xc0, 0xfe, 0xc0, 0xfe, 0xc0, 0xfe, 0xc0, 0xfe, 0xc0,
	0xfe, 0xc0, 0xfe, 0xc0, 0xfe, 0xc0, 0xfe, 0xc0, 0xfe, 0xc0, 0xfe, 0xa0, 0xfe, 0x00, 0xff, 0x82, 0xdd, 0x41, 0x41, 0x41,
	0x19, 0x14, 0x40, 0x18, 0x02, 0x93, 0x01, 0xff, 0xc0, 0xfe, 0xc0, 0xfe, 0xc0, 0xfe, 0xc0, 0xfe, 0xc0, 0xfe, 0xc0, 0xfe,
	0xc0, 0xfe, 0xc0, 0xfe, 0xc0, 0xfe, 0xc0, 0xfe, 0xc0, 0xfe, 0xc0, 0xfe, 0xc0, 0xfe, 0xc0, 0xfe, 0xe0, 0xfe, 0xc4, 0x9b,
	0x20, 0x10, 0x41, 0x33, 0x14, 0x20, 0x08, 0xa4, 0x93, 0xe0, 0xfe, 0xc0, 0xfe, 0xc0, 0xfe, 0xc0, 0xfe, 0xc0, 0xfe, 0xc0,
	0xfe, 0xc0, 0xfe, 0xc0, 0xfe, 0xc0, 0xfe, 0xc0, 0xfe, 0xc0, 0xfe, 0xc0, 0xfe, 0xc0, 0xfe, 0xc0, 0xfe, 0xc0, 0xfe, 0xe1,
	0xfe, 0x22, 0x93, 0x60, 0x10, 0x42, 0x19, 0x14, 0x01, 0x41, 0x82, 0xdd, 0x00, 0xff, 0xc0, 0xfe, 0xc0, 0xfe, 0xc0, 0xfe,
	0xc0, 0xfe, 0xc0, 0xfe, 0xc0, 0xfe, 0xc0, 0xfe, 0xc0, 0xfe, 0xc0, 0xfe, 0xc0, 0xfe, 0xc0, 0xfe, 0xc0, 0xfe, 0xc0, 0xfe,
	0xa0, 0xfe, 0x00, 0xff, 0xe3, 0xdd, 0xa3, 0x41, 0x42, 0x33, 0x14, 0x62, 0x41, 0xc3, 0xdd, 0x00, 0xff, 0xa0, 0xfe, 0xc0,
	0xfe, 0xc0, 0xfe, 0xc0, 0xfe, 0xc0, 0xfe, 0xc0, 0xfe, 0xc0, 0xfe, 0xc0, 0xfe, 0xc0, 0xfe, 0xc0, 0xfe, 0xc0, 0xfe, 0xc0,
	0xfe, 0xc0, 0xfe, 0xc0, 0xfe, 0x00, 0xff, 0x82, 0xdd, 0x21, 0x41, 0x43, 0x18, 0x16, 0x20, 0x08, 0x62, 0x93, 0xc1, 0xfe,
	0xa0, 0xfe, 0xc0, 0xfe, 0xc0, 0xfe, 0xc0, 0xfe, 0xc0, 0xfe, 0xc0, 0xfe, 0xc0, 0xfe, 0xc0, 0xfe, 0xc0, 0xfe, 0xc0, 0xfe,
	0xc0, 0xfe, 0xc0, 0xfe, 0xc0, 0xfe, 0xc0, 0xfe, 0xc0, 0xfe, 0xc0, 0xfe, 0x00, 0xff, 0x42, 0x93, 0x61, 0x08, 0x43, 0x32,
	0x15, 0x61, 0x10, 0x83, 0x93, 0x21, 0xff, 0xa0, 0xfe, 0xc0, 0xfe, 0xc0, 0xfe, 0xc0, 0xfe, 0xc0, 0xfe, 0xc0, 0xfe, 0xc0,
	0xfe, 0xc0, 0xfe, 0xc0, 0xfe, 0xc0, 0xfe, 0xc0, 0xfe, 0xc0, 0xfe, 0xc0, 0xfe, 0xc0, 0xfe, 0xc0, 0xfe, 0xc0, 0xfe, 0xc1,
	0xfe, 0x22, 0x93, 0x44, 0x18, 0x16, 0x41, 0x41, 0x64, 0xdd, 0xe0, 0xfe, 0xa0, 0xfe, 0xa0, 0xfe, 0xa0, 0xfe, 0xc0, 0xfe,
	0xc0, 0xfe, 0xc0, 0xfe, 0xc0, 0xfe, 0xc0, 0xfe, 0xc0, 0xfe, 0xc0, 0xfe, 0xc0, 0xfe, 0xc0, 0xfe, 0xc0, 0xfe, 0xc0, 0xfe,
	0xc0, 0xfe, 0xc0, 0xfe, 0xe0, 0xfe, 0xc2, 0xed, 0x62, 0x41, 0x44, 0x32, 0x16, 0x62, 0x41, 0x23, 0xe6, 0xe0, 0xfe, 0xa0,
	0xfe, 0xc0, 0xfe, 0xc0, 0xfe, 0xc0, 0xfe, 0xc0, 0xfe, 0xc0, 0xfe, 0xc0, 0xfe, 0xc0, 0xfe, 0xc0, 0xfe, 0xc0, 0xfe, 0xc0,
	0xfe, 0xc0, 0xfe, 0xc0, 0xfe, 0xc0, 0xfe, 0xc0, 0xfe, 0xc0, 0xfe, 0x20, 0xff, 0x63, 0xdd, 0x41, 0x39, 0x45, 0x17, 0x18,
	0x40, 0x10, 0x42, 0x93, 0xc2, 0xfe, 0xa0, 0xfe, 0xa0, 0xfe, 0xa0, 0xfe, 0xa0, 0xfe, 0xc0, 0xfe, 0xc0, 0xfe, 0xc0, 0xfe,
	0xc0, 0xfe, 0xc0, 0xfe, 0xc0, 0xfe, 0xc0, 0xfe, 0xc0, 0xfe, 0xc0, 0xfe, 0xc0, 0xfe, 0xc0, 0xfe, 0xc0, 0xfe, 0xc0, 0xfe,
	0xc0, 0xfe, 0x00, 0xff, 0xc2, 0xa3, 0x40, 0x18, 0x45, 0x31, 0x18, 0x40, 0x10, 0xa2, 0xa3, 0xe1, 0xfe, 0xc0, 0xfe, 0xc0,
	0xfe, 0xc0, 0xfe, 0xc0, 0xfe, 0xc0, 0xfe, 0xc0, 0xfe, 0xc0, 0xfe, 0xc0, 0xfe, 0xc0, 0xfe, 0xc0, 0xfe, 0xc0, 0xfe, 0xc0,
	0xfe, 0xc0, 0xfe, 0xc0, 0xfe, 0xc0, 0xfe, 0xc0, 0xfe, 0xc0, 0xfe, 0xc0, 0xfe, 0x01, 0xff, 0x42, 0x9b, 0x40, 0x10, 0x46,
	0x17, 0x18, 0x21, 0x39, 0xa3, 0xdd, 0x00, 0xff, 0xa0, 0xfe, 0xa0, 0xfe, 0xa0, 0xfe, 0xa0, 0xfe, 0xa0, 0xfe, 0xa0, 0xfe,
	0xa0, 0xfe, 0xa0, 0xfe, 0xa0, 0xfe, 0xa0, 0xfe, 0xa0, 0xfe, 0xa0, 0xfe, 0xa0, 0xfe, 0xa0, 0xfe, 0xa0, 0xfe, 0xa0, 0xfe,
	0xa0, 0xfe, 0xa0, 0xfe, 0x00, 0xff, 0xa1, 0xe5, 0x40, 0x49, 0x46, 0x31, 0x18, 0x81, 0x51, 0xc2, 0xe5, 0xe0, 0xfe, 0xa0,
	0xfe, 0xc0, 0xfe, 0xa0, 0xfe, 0xa0, 0xfe, 0xa0, 0xfe, 0xa0, 0xfe, 0xa0, 0xfe, 0xa0, 0xfe, 0xa0, 0xfe, 0xa0, 0xfe, 0xa0,
	0xfe, 0xa0, 0xfe, 0xa0, 0xfe, 0xa0, 0xfe, 0xa0, 0xfe, 0xa0, 0xfe, 0xa0, 0xfe, 0xa0, 0xfe, 0x00, 0xff, 0x20, 0xd5, 0x21,
	0x41, 0x47, 0x16, 0x34, 0x20, 0x08, 0x43, 0x8b, 0x23, 0xff, 0x21, 0xff, 0x01, 0xff, 0x01, 0xff, 0x01, 0xff, 0xe1, 0xfe,
	0xe1, 0xfe, 0x01, 0xff, 0x01, 0xff, 0x00, 0xff, 0x01, 0xff, 0x01, 0xff, 0x01, 0xff, 0x01, 0xff, 0x01, 0xff, 0x01, 0xff,
	0x01, 0xff, 0x01, 0xff, 0x01, 0xff, 0x01, 0xff, 0x01, 0xff, 0x42, 0xff, 0xe3, 0xa3, 0x40, 0x08, 0x60, 0x10, 0xc3, 0xa3,
	0x43, 0xff, 0x01, 0xff, 0x01, 0xff, 0x20, 0xff, 0x00, 0xff, 0x00, 0xff, 0x20, 0xff, 0x20, 0xff, 0x20, 0xff, 0x20, 0xff,
	0x00, 0xff, 0x20, 0xff, 0x20, 0xff, 0x20, 0xff, 0x20, 0xff, 0x00, 0xff, 0x20, 0xff, 0x20, 0xff, 0x20, 0xff, 0x20, 0xff,
	0x00, 0xff, 0x22, 0xff, 0x82, 0x93, 0x20, 0x08, 0x48, 0x16, 0x34, 0x61, 0x41, 0xc1, 0x82, 0xc2, 0x9b, 0xa2, 0x9b, 0xa2,
	0x9b, 0x82, 0x9b, 0xa2, 0x9b, 0xa2, 0xa3, 0x62, 0xa3, 0x82, 0x9b, 0x82, 0x9b, 0xa2, 0x9b, 0xa2, 0x9b, 0x82, 0xa3, 0x82,
	0xa3, 0x82, 0xa3, 0x82, 0xa3, 0x82, 0xa3, 0x82, 0xa3, 0x82, 0xa3, 0x82, 0xa3, 0x82, 0xa3, 0x82, 0xa3, 0xc2, 0xa3, 0xa2,
	0x93, 0xc0, 0x51, 0xc0, 0x51, 0x62, 0x93, 0xc2, 0x9b, 0xa2, 0x9b, 0xa2, 0x9b, 0xa1, 0xa3, 0xc1, 0xb3, 0xa2, 0xab, 0xc2,
	0xa3, 0xc2, 0xa3, 0xc2, 0xa3, 0xc2, 0xa3, 0xa2, 0xa3, 0xa2, 0xa3, 0xc2, 0xa3, 0xc2, 0xa3, 0xa2, 0xa3, 0xa2, 0xa3, 0xa2,
	0xa3, 0xc2, 0xa3, 0xc2, 0xa3, 0xc2, 0xa3, 0xa1, 0xa3, 0xe2, 0xa3, 0xe1, 0x82, 0x61, 0x41, 0x49, 0x15, 0x36, 0x41, 0x08,
	0x41, 0x39, 0x21, 0x39, 0xe0, 0x28, 0xe0, 0x28, 0xe0, 0x28, 0xe0, 0x28, 0xe1, 0x28, 0xe0, 0x28, 0xc0, 0x28, 0xe0, 0x28,
	0xe1, 0x20, 0xe0, 0x20, 0xe0, 0x28, 0xe0, 0x30, 0xe0, 0x30, 0xe0, 0x30, 0xe0, 0x30, 0xe0, 0x30, 0xe0, 0x30, 0xe0, 0x30,
	0xe0, 0x30, 0xe0, 0x30, 0xe0, 0x30, 0xe0, 0x30, 0xe0, 0x30, 0x60, 0x41, 0x40, 0x41, 0xe0, 0x30, 0xe0, 0x28, 0xe0, 0x20,
	0xe1, 0x20, 0xe1, 0x28, 0xe0, 0x30, 0xe0, 0x30, 0xe0, 0x30, 0xe0, 0x30, 0xe0, 0x30, 0xe0, 0x30, 0xe0, 0x30, 0xe0, 0x30,
	0xe0, 0x30, 0xe0, 0x30, 0xe0, 0x30, 0xe0, 0x30, 0xe0, 0x30, 0xe0, 0x30, 0xe0, 0x30, 0xe0, 0x30, 0xe0, 0x30, 0xe0, 0x30,
	0x20, 0x31, 0x41, 0x31, 0x40, 0x08,
};
